Deal Count,Closed Won Count,Postal Code
1,1,19348
1,0,19425
1,1,19802
1,0,19711
1,1,19010
1,1,19085
1,1,19380
1,1,19083
1,1,19707
1,1,19425
1,1,19460
1,1,19087
1,1,19087
1,1,19380
1,0,19803
1,1,19087
1,1,19341
1,1,19014
1,0,19382
1,1,19342
1,1,19085
1,0,19014
1,0,19703
1,1,19348
1,1,19460
1,0,19382
1,0,19312
1,1,19720
1,0,19087
1,0,19702
1,0,19023
1,1,19808
1,1,19373
1,0,19977
1,0,19064
1,1,19335
1,1,19087
1,0,19333
1,0,19072
1,0,19041
1,0,19734
1,1,19380
1,0,19382
1,1,19711
1,1,19086
1,1,19711
1,0,19087
1,0,19801
1,0,19066
1,0,19809
1,1,19808
1,0,19934
1,1,19475
1,1,19382
1,1,19350
1,0,19934
1,1,19066
1,0,19087
1,0,19010
1,1,19341
1,1,19701
1,0,19063
1,0,19709
1,1,19063
1,0,19343
1,0,19709
1,0,19706
1,0,19317
1,1,19460
1,1,19943
1,1,19901
1,0,19808
1,1,19087
1,1,19475
1,1,19460
1,0,19425
1,1,19087
1,1,19087
1,1,19382
1,1,19041
1,0,19709
1,1,19010
1,0,19010
1,1,19350
1,1,19709
1,0,19372
1,1,19904
1,1,19709
1,1,19335
1,1,19355
1,1,19460
1,1,19808
1,0,19350
1,1,19807
1,1,19013
1,1,19060
1,0,19808
1,1,19350
1,1,19709
1,1,19808
1,0,19072
1,1,19425
1,1,19720
1,0,19026
1,1,19809
1,0,19380
1,1,19348
1,1,19342
1,0,19335
1,1,19086
1,1,19382
1,0,19805
1,1,19382
1,0,19809
1,1,19333
1,1,19810
1,0,19312
1,1,19355
1,0,19934
1,1,19904
1,1,19003
1,0,19711
1,1,19317
1,1,19083
1,1,19335
1,0,19064
1,1,19060
1,0,19380
1,0,19382
1,1,19938
1,1,19041
1,1,19807
1,1,19709
1,0,19701
1,1,19041
1,1,19008
1,1,19335
1,0,19709
1,0,19355
1,1,19317
1,1,19010
1,0,19083
1,0,19943
1,0,19801
1,0,19131
1,1,19425
1,1,19341
1,1,19083
1,1,19063
1,1,19701
1,0,19709
1,1,19083
1,1,19063
1,1,19087
1,0,19151
1,1,19380
1,0,19938
1,1,19702
1,1,19810
1,0,19977
1,0,19342
1,1,19311
1,0,19713
1,0,19085
1,0,19901
1,0,19382
1,0,19809
1,0,19977
1,0,19131
1,1,19380
1,0,19709
1,0,19701
1,1,19341
1,1,19709
1,1,19803
1,1,19317
1,0,19087
1,1,19085
1,0,19087
1,0,19050
1,1,19026
1,1,19938
1,0,19720
1,1,19087
1,1,19425
1,1,19701
1,1,19010
1,1,19083
1,0,19720
1,1,19382
1,1,19003
1,1,19943
1,1,19810
1,0,19350
1,1,19701
1,1,19380
1,1,19131
1,1,19070
1,1,19320
1,0,19382
1,0,19087
1,1,19709
1,0,19808
1,1,19010
1,0,19341
1,0,19701
1,0,19311
1,0,19312
1,0,19380
1,0,19425
1,0,19702
1,1,19703
1,0,19962
1,1,19465
1,1,19702
1,1,19063
1,0,19962
1,1,19382
1,0,19962
1,1,19810
1,1,19041
1,0,19104
1,0,19380
1,0,19709
1,0,19335
1,1,19425
1,1,19380
1,0,19711
1,0,19382
1,1,19373
1,1,19350
1,0,19734
1,1,19904
1,0,19010
1,1,19035
1,1,19083
1,1,19709
1,1,19373
1,0,19312
1,1,19702
1,0,19734
1,0,19087
1,1,19073
1,0,19904
1,0,19711
1,0,19355
1,0,19425
1,1,19808
1,0,19380
1,1,19709
1,0,19082
1,1,19355
1,1,19962
1,1,19083
1,0,19963
1,1,19460
1,1,19072
1,1,19350
1,1,19086
1,0,19943
1,1,19343
1,0,19380
1,0,19810
1,1,19008
1,1,19382
1,0,19382
1,0,19087
1,0,19977
1,0,19335
1,1,19343
1,1,19085
1,1,19709
1,1,19709
1,1,19350
1,1,19711
1,1,19709
1,1,19380
1,1,19060
1,0,19142
1,0,19083
1,1,19711
1,1,19382
1,1,19348
1,1,19008
1,1,19343
1,1,19380
1,0,19382
1,1,19382
1,1,19713
1,0,19153
1,1,19087
1,0,19104
1,0,19709
1,1,19702
1,1,19938
1,1,19934
1,1,19073
1,0,19008
1,1,19380
1,0,19709
1,1,19317
1,0,19341
1,1,19734
1,1,19465
1,1,19312
1,0,19701
1,1,19709
1,1,19382
1,1,19350
1,0,19425
1,0,19026
1,0,19808
1,0,19808
1,1,19343
1,1,19709
1,1,19348
1,0,19801
1,1,19003
1,0,19701
1,1,19425
1,0,19063
1,1,19018
1,0,19702
1,0,19709
1,1,19803
1,1,19342
1,0,19711
1,1,19063
1,1,19382
1,1,19703
1,1,19807
1,0,19350
1,1,19803
1,0,19709
1,1,19341
1,0,19335
1,1,19720
1,0,19810
1,0,19963
1,1,19010
1,1,19342
1,1,19810
1,1,19460
1,0,19087
1,1,19709
1,1,19804
1,1,19734
1,1,19342
1,0,19720
1,0,19707
1,1,19406
1,1,19072
1,1,19382
1,1,19803
1,1,19066
1,0,19720
1,1,19962
1,1,19060
1,1,19382
1,1,19701
1,0,19380
1,0,19709
1,1,19010
1,1,19096
1,0,19707
1,1,19335
1,1,19709
1,0,19335
1,0,19301
1,1,19963
1,1,19348
1,1,19808
1,1,19707
1,0,19977
1,1,19711
1,0,19043
1,1,19380
1,0,19317
1,0,19061
1,1,19701
1,0,19312
1,0,19015
1,1,19382
1,0,19380
1,0,19382
1,0,19963
1,1,19810
1,1,19809
1,0,19026
1,1,19087
1,0,19373
1,1,19977
1,1,19350
1,1,19701
1,1,19380
1,0,19013
1,1,19335
1,1,19709
1,1,19382
1,1,19064
1,0,19711
1,1,19380
1,1,19709
1,1,19701
1,1,19425
1,0,19720
1,1,19382
1,0,19341
1,0,19380
1,0,19072
1,0,19317
1,1,19460
1,0,19720
1,1,19380
1,0,19701
1,1,19709
1,1,19802
1,1,19709
1,1,19060
1,1,19425
1,1,19952
1,0,19085
1,0,19348
1,0,19962
1,1,19963
1,1,19460
1,0,19425
1,1,19372
1,1,19087
1,1,19355
1,1,19382
1,1,19382
1,0,19335
1,1,19010
1,1,19701
1,0,19335
1,0,19355
1,1,19061
1,0,19713
1,0,19702
1,1,19720
1,1,19087
1,1,19709
1,0,19706
1,1,19382
1,1,19087
1,1,19962
1,1,19709
1,1,19073
1,1,19073
1,0,19707
1,0,19425
1,1,19709
1,0,19083
1,0,19711
1,0,19803
1,1,19720
1,0,19320
1,1,19382
1,0,19010
1,1,19086
1,1,19382
1,0,19962
1,1,19810
1,1,19962
1,0,19312
1,1,19380
1,1,19808
1,1,19083
1,1,19963
1,0,19702
1,1,19087
1,1,19425
1,1,19064
1,1,19343
1,0,19335
1,0,19711
1,0,19082
1,1,19094
1,1,19335
1,0,19142
1,0,19707
1,1,19809
1,1,19709
1,0,19018
1,1,19380
1,0,19312
1,0,19711
1,0,19335
1,1,19063
1,1,19076
1,1,19702
1,1,19311
1,1,19087
1,1,19720
1,1,19355
1,1,19720
1,0,19380
1,0,19709
1,0,19962
1,0,19803
1,0,19709
1,0,19711
1,1,19341
1,1,19342
1,1,19333
1,1,19707
1,0,19801
1,1,19335
1,1,19341
1,0,19934
1,1,19335
1,1,19382
1,0,19904
1,1,19335
1,1,19963
1,0,19709
1,0,19804
1,0,19078
1,0,19380
1,1,19096
1,0,19096
1,0,19382
1,1,19810
1,0,19131
1,1,19711
1,0,19341
1,1,19904
1,0,19085
1,0,19350
1,1,19010
1,0,19808
1,1,19808
1,0,19335
1,1,19014
1,1,19060
1,1,19335
1,1,19701
1,0,19803
1,0,19977
1,1,19320
1,0,19023
1,0,19096
1,1,19962
1,0,19701
1,1,19311
1,1,19934
1,1,19977
1,1,19073
1,1,19425
1,0,19380
1,0,19709
1,0,19380
1,0,19702
1,1,19382
1,1,19348
1,1,19355
1,0,19335
1,1,19380
1,1,19312
1,1,19073
1,1,19709
1,1,19355
1,0,19335
1,1,19711
1,1,19380
1,0,19938
1,0,19380
1,0,19003
1,0,19355
1,1,19073
1,1,19702
1,0,19380
1,1,19709
1,0,19709
1,0,19143
1,1,19809
1,0,19382
1,1,19709
1,0,19064
1,0,19072
1,0,19382
1,1,19355
1,1,19350
1,1,19701
1,0,19082
1,0,19382
1,1,19341
1,0,19904
1,0,19317
1,1,19709
1,1,19807
1,1,19063
1,1,19085
1,1,19335
1,0,19803
1,0,19355
1,1,19709
1,1,19709
1,0,19702
1,0,19018
1,0,19014
1,1,19087
1,0,19066
1,1,19064
1,0,19311
1,0,19382
1,1,19810
1,0,19380
1,0,19026
1,0,19380
1,0,19901
1,1,19707
1,0,19380
1,0,19348
1,1,19934
1,1,19335
1,1,19341
1,1,19709
1,1,19050
1,0,19808
1,1,19977
1,1,19938
1,1,19720
1,1,19709
1,0,19086
1,1,19711
1,0,19078
1,1,19348
1,0,19079
1,0,19311
1,0,19015
1,0,19380
1,0,19104
1,0,19425
1,1,19701
1,0,19952
1,1,19087
1,0,19083
1,0,19319
1,1,19063
1,1,19342
1,0,19810
1,1,19805
1,0,19355
1,0,19014
1,1,19070
1,1,19317
1,1,19064
1,1,19041
1,0,19301
1,0,19709
1,0,19709
1,0,19701
1,1,19380
1,1,19014
1,1,19082
1,1,19707
1,1,19018
1,0,19342
1,0,19809
1,0,19380
1,1,19380
1,1,19707
1,0,19952
1,1,19711
1,1,19311
1,0,19977
1,0,19153
1,1,19373
1,1,19709
1,0,19382
1,1,19382
1,1,19382
1,0,19311
1,1,19335
1,0,19711
1,0,19425
1,1,19901
1,0,19720
1,1,19382
1,1,19709
1,0,19709
1,1,19382
1,1,19810
1,1,19348
1,1,19104
1,0,19014
1,1,19008
1,1,19720
1,0,19335
1,1,19311
1,1,19064
1,1,19380
1,0,19707
1,1,19810
1,0,19805
1,0,19720
1,1,19010
1,0,19702
1,0,19380
1,1,19061
1,0,19711
1,0,19335
1,0,19342
1,0,19711
1,1,19320
1,0,19709
1,1,19073
1,0,19348
1,0,19460
1,0,19803
1,0,19355
1,1,19702
1,1,19380
1,1,19081
1,1,19808
1,0,19083
1,0,19355
1,0,19803
1,1,19810
1,0,19382
1,1,19026
1,1,19335
1,1,19131
1,1,19060
1,1,19301
1,1,19962
1,0,19707
1,0,19380
1,1,19373
1,1,19805
1,1,19380
1,0,19962
1,0,19350
1,1,19709
1,0,19807
1,0,19701
1,1,19008
1,0,19355
1,0,19952
1,1,19380
1,0,19341
1,1,19372
1,1,19805
1,0,19904
1,1,19707
1,0,19720
1,1,19317
1,1,19709
1,1,19810
1,0,19064
1,1,19720
1,0,19094
1,0,19425
1,0,19311
1,1,19382
1,1,19707
1,0,19713
1,1,19380
1,1,19380
1,1,19335
1,1,19709
1,1,19382
1,0,19142
1,1,19460
1,1,19312
1,1,19709
1,1,19085
1,0,19063
1,0,19808
1,0,19709
1,1,19355
1,0,19355
1,0,19804
1,1,19380
1,0,19348
1,1,19807
1,0,19709
1,0,19425
1,0,19380
1,1,19335
1,1,19425
1,1,19355
1,0,19333
1,1,19805
1,0,19938
1,0,19810
1,1,19335
1,1,19938
1,1,19382
1,1,19087
1,0,19342
1,0,19810
1,0,19711
1,1,19977
1,1,19335
1,1,19003
1,1,19977
1,0,19720
1,1,19073
1,0,19311
1,0,19382
1,0,19382
1,1,19720
1,1,19707
1,1,19317
1,1,19904
1,0,19087
1,1,19317
1,0,19904
1,1,19063
1,1,19335
1,1,19720
1,1,19333
1,1,19934
1,0,19035
1,0,19063
1,0,19026
1,1,19382
1,0,19010
1,1,19382
1,0,19008
1,0,19380
1,1,19063
1,1,19977
1,1,19333
1,1,19810
1,0,19373
1,0,19087
1,0,19342
1,1,19312
1,0,19060
1,0,19977
1,0,19810
1,1,19425
1,1,19335
1,0,19085
1,0,19709
1,0,19008
1,1,19010
1,1,19003
1,0,19709
1,0,19060
1,1,19709
1,1,19709
1,1,19355
1,1,19904
1,1,19355
1,0,19701
1,1,19803
1,0,19335
1,1,19311
1,0,19707
1,1,19701
1,1,19803
1,1,19707
1,0,19382
1,1,19033
1,1,19707
1,0,19709
1,0,19709
1,1,19382
1,1,19073
1,1,19373
1,0,19806
1,1,19010
1,0,19731
1,0,19425
1,1,19010
1,1,19808
1,1,19711
1,0,19380
1,0,19372
1,1,19709
1,0,19380
1,1,19808
1,0,19064
1,1,19702
1,1,19373
1,1,19711
1,1,19026
1,0,19720
1,1,19082
1,1,19382
1,0,19934
1,1,19355
1,1,19810
1,1,19317
1,0,19709
1,1,19087
1,0,19382
1,0,19709
1,0,19425
1,1,19380
1,1,19010
1,1,19311
1,0,19805
1,0,19382
1,0,19060
1,0,19711
1,1,19096
1,1,19382
1,0,19061
1,1,19711
1,0,19702
1,1,19073
1,0,19904
1,1,19808
1,1,19707
1,0,19977
1,1,19382
1,1,19808
1,0,19934
1,1,19014
1,1,19425
1,0,19702
1,1,19977
1,0,19018
1,1,19335
1,1,19355
1,0,19335
1,1,19904
1,1,19805
1,1,19004
1,1,19348
1,1,19707
1,0,19010
1,1,19382
1,0,19083
1,0,19096
1,1,19355
1,0,19380
1,1,19008
1,1,19711
1,1,19904
1,1,19063
1,1,19808
1,1,19425
1,0,19008
1,1,19083
1,1,19380
1,1,19343
1,1,19803
1,1,19808
1,1,19934
1,1,19050
1,0,19720
1,0,19081
1,1,19709
1,1,19709
1,1,19425
1,1,19720
1,1,19380
1,1,19734
1,0,19382
1,0,19312
1,0,19805
1,1,19709
1,0,19810
1,1,19382
1,0,19711
1,1,19707
1,0,19380
1,0,19348
1,1,19014
1,1,19061
1,0,19701
1,0,19904
1,0,19709
1,1,19073
1,0,19425
1,1,19301
1,1,19382
1,1,19707
1,0,19720
1,0,19380
1,1,19701
1,0,19082
1,0,19808
1,0,19317
1,1,19380
1,1,19355
1,0,19335
1,0,19096
1,1,19810
1,0,19355
1,1,19015
1,0,19023
1,0,19943
1,1,19709
1,1,19320
1,1,19713
1,0,19073
1,1,19035
1,1,19050
1,1,19709
1,1,19355
1,1,19943
1,1,19901
1,0,19810
1,1,19713
1,0,19709
1,1,19342
1,1,19063
1,0,19355
1,1,19460
1,0,19355
1,1,19465
1,1,19063
1,1,19702
1,1,19064
1,1,19707
1,1,19085
1,1,19311
1,0,19335
1,1,19014
1,1,19087
1,0,19380
1,0,19904
1,1,19341
1,1,19083
1,1,19008
1,1,19709
1,1,19341
1,1,19382
1,1,19301
1,0,19701
1,1,19380
1,1,19380
1,1,19008
1,0,19709
1,1,19087
1,1,19380
1,0,19808
1,1,19382
1,0,19348
1,0,19943
1,1,19035
1,1,19808
1,1,19810
1,1,19317
1,1,19701
1,1,19709
1,0,19008
1,1,19085
1,1,19380
1,0,19904
1,1,19460
1,1,19382
1,0,19335
1,1,19350
1,0,19810
1,1,19707
1,1,19809
1,0,19808
1,0,19050
1,1,19711
1,1,19350
1,1,19348
1,0,19050
1,1,19808
1,0,19709
1,1,19004
1,0,19901
1,0,19342
1,0,19085
1,1,19087
1,1,19707
1,1,19333
1,1,19475
1,1,19342
1,1,19096
1,1,19709
1,0,19707
1,1,19380
1,1,19977
1,0,19904
1,0,19335
1,1,19943
1,1,19341
1,0,19087
1,1,19050
1,1,19004
1,0,19382
1,1,19348
1,1,19380
1,1,19085
1,0,19335
1,1,19082
1,1,19711
1,0,19355
1,1,19380
1,1,19341
1,1,19311
1,1,19809
1,0,19701
1,1,19301
1,0,19809
1,0,19041
1,1,19050
1,0,19934
1,1,19072
1,1,19312
1,0,19382
1,1,19312
1,1,19709
1,1,19380
1,1,19382
1,1,19335
1,1,19901
1,1,19335
1,1,19702
1,0,19036
1,0,19382
1,0,19701
1,0,19343
1,0,19348
1,0,19064
1,1,19702
1,1,19348
1,0,19805
1,1,19072
1,1,19709
1,0,19382
1,1,19087
1,1,19087
1,1,19382
1,0,19808
1,1,19809
1,0,19335
1,1,19709
1,0,19014
1,1,19350
1,1,19810
1,1,19008
1,0,19041
1,1,19341
1,1,19460
1,1,19808
1,1,19803
1,1,19063
1,1,19425
1,0,19380
1,1,19709
1,1,19015
1,1,19701
1,0,19063
1,0,19341
1,0,19350
1,0,19382
1,1,19355
1,0,19335
1,1,19380
1,0,19702
1,0,19701
1,1,19711
1,1,19083
1,1,19096
1,1,19808
1,0,19801
1,1,19707
1,1,19382
1,0,19341
1,0,19711
1,1,19348
1,1,19335
1,0,19061
1,1,19350
1,0,19064
1,1,19977
1,1,19734
1,1,19380
1,0,19803
1,1,19425
1,1,19720
1,1,19460
1,1,19041
1,0,19380
1,1,19063
1,1,19073
1,0,19709
1,1,19064
1,1,19083
1,0,19711
1,0,19335
1,0,19335
1,1,19810
1,0,19938
1,1,19720
1,1,19711
1,1,19087
1,0,19335-3706
1,0,19709
1,1,19380
1,0,19707
1,1,19341
1,0,19317
1,0,19081
1,0,19382
1,1,19311
1,1,19702
1,0,19709
1,1,19078
1,1,19004
1,1,19073
1,1,19085
1,0,19701
1,0,19317
1,1,19465
1,0,19070
1,0,19425
1,1,19301
1,1,19063
1,1,19475
1,0,19702
1,1,19350
1,0,19380
1,0,19355
1,1,19311
1,1,19063
1,0,19977
1,1,19977
1,0,19709
1,0,19810
1,0,19063
1,0,19702
1,0,19807
1,0,19041
1,1,19709
1,0,19343
1,1,19808
1,0,19810
1,1,19808
1,0,19977
1,1,19010
1,1,19380
1,1,19475
1,0,19082
1,0,19380
1,0,19709
1,0,19312
1,1,19312
1,1,19709
1,0,19348
1,0,19317
1,1,19707
1,0,19342
1,1,19711
1,0,19301
1,0,19142
1,1,19425
1,0,19063
1,0,19073
1,0,19063
1,1,19901
1,0,19348
1,1,19804
1,0,19083
1,1,19333
1,1,19460
1,1,19711
1,1,19904
1,0,19014
1,1,19382
1,1,19343
1,1,19380
1,0,19382
1,1,19382
1,1,19460
1,1,19335
1,1,19010
1,0,19709
1,1,19333
1,1,19072
1,1,19938
1,1,19707
1,1,19086
1,0,19709-3272
1,1,19096
1,0,19060
1,0,19709
1,1,19709
1,1,19382
1,1,19061
1,0,19425
1,0,19015
1,1,19064
1,1,19355
1,1,19977
1,1,19014
1,1,19382
1,1,19808
1,1,19064
1,0,19063
1,0,19711
1,1,19343
1,0,19734
1,1,19382
1,0,19382
1,0,19064
1,0,19701
1,1,19335
1,1,19015
1,1,19013
1,0,19807
1,0,19036
1,1,19094
1,1,19343
1,0,19709
1,0,19713
1,1,19711
1,1,19312
1,1,19073
1,0,19810
1,0,19317
1,0,19004
1,1,19701
1,1,19904
1,0,19711
1,1,19709
1,1,19151
1,1,19711
1,1,19342
1,0,19810
1,1,19904
1,1,19709
1,0,19709
1,1,19382
1,1,19008
1,0,19901
1,0,19035
1,1,19096
1,1,19805
1,1,19014
1,0,19810
1,0,19010
1,0,19348
1,0,19810
1,1,19382
1,1,19709
1,0,19702
1,1,19312
1,0,19962
1,1,19701
1,0,19904
1,0,19079
1,1,19709
1,1,19711
1,0,19032
1,0,19382
1,0,19082
1,1,19904
1,1,19355
1,1,19382
1,1,19810
1,1,19709
1,1,19709
1,1,19807
1,1,19701
1,0,19343
1,1,19977
1,1,19063
1,1,19066
1,0,19023
1,1,19803
1,1,19026
1,1,19904
1,0,19312
1,1,19066
1,1,19428
1,0,19382
1,0,19380
1,0,19083
1,1,19808
1,1,19335
1,0,19380
1,0,19026
1,1,19010
1,0,19008
1,0,19808
1,1,19382
1,1,19083
1,1,19808
1,0,19962
1,0,19734
1,0,19977
1,1,19382
1,0,19350
1,1,19711
1,1,19063
1,0,19952
1,1,19087
1,1,19382
1,0,19711
1,1,19720
1,1,19734
1,1,19008
1,0,19711
1,1,19803
1,1,19803
1,1,19004
1,1,19035
1,1,19425
1,1,19804
1,1,19073
1,1,19380
1,1,19382
1,1,19701
1,1,19380
1,0,19033
1,1,19709
1,0,19709
1,1,19709
1,0,19087
1,1,19709
1,0,19962
1,0,19063
1,1,19475
1,0,19342
1,1,19003
1,1,19342
1,0,19901
1,1,19465
1,0,19382
1,0,19151
1,1,19808
1,1,19350
1,1,19348
1,0,19943
1,1,19087
1,0,19036
1,1,19475
1,0,19707
1,1,19035
1,0,19382
1,1,19014
1,1,19382
1,1,19301
1,1,19380
1,0,19709
1,0,19008
1,0,19083
1,1,19348
1,0,19810
1,1,19810
1,1,19382
1,0,19701
1,0,19348
1,0,19720
1,0,19333
1,1,19702
1,1,19977
1,1,19934
1,1,19709
1,1,19348
1,1,19943
1,1,19348
1,0,19707
1,1,19083
1,0,19061
1,0,19380
1,1,19382
1,1,19707
1,1,19083
1,1,19072
1,0,19139
1,1,19711
1,1,19018
1,0,19711
1,1,19380
1,0,19807
1,0,19096
1,0,19962
1,1,19380
1,0,19713
1,0,19355
1,0,19348
1,0,19709
1,1,19317
1,1,19355
1,1,19061
1,1,19010
1,0,19709
1,0,19425
1,1,19064
1,0,19380
1,0,19083
1,0,19808
1,0,19050
1,1,19060
1,1,19073
1,1,19934
1,1,19073
1,1,19803
1,0,19026
1,1,19301
1,1,19335
1,0,19087
1,1,19301
1,1,19335
1,0,19013
1,1,19709
1,1,19335
1,1,19350
1,1,19709
1,1,19734
1,0,19023
1,1,19380
1,1,19810
1,0,19709
1,1,19803
1,0,19713
1,0,19026
1,1,19382
1,0,19382
1,1,19008
1,1,19342
1,1,19380
1,1,19425
1,1,19425
1,1,19312
1,1,19061
1,0,19060
1,0,19317
1,0,19938
1,1,19810
1,0,19343
1,0,19380
1,0,19962
1,0,19380
1,0,19425
1,1,19003
1,1,19425
1,1,19709
1,1,19342
1,1,19802
1,0,19702
1,0,19807
1,1,19335
1,0,19382
1,1,19087
1,1,19003
1,1,19350
1,1,19096
1,0,19720
1,1,19380
1,1,19066
1,1,19701
1,0,19720
1,1,19312
1,0,19808
1,0,19096
1,1,19382
1,1,19709
1,0,19962
1,0,19083
1,0,19153
1,1,19143
1,1,19032
1,0,19709
1,0,19023
1,1,19063
1,1,19010
1,0,19036
1,0,19702
1,0,19810
1,0,19153
1,1,19810
1,1,19904
1,0,19803
1,0,19808
1,1,19004
1,0,19063
1,1,19475
1,1,19805
1,1,19335
1,1,19096
1,0,19720
1,0,19343
1,1,19335
1,0,19348
1,1,19015
1,1,19938
1,1,19335
1,1,19709
1,0,19709
1,1,19901
1,0,19798
1,1,19333
1,1,19060
1,1,19707
1,1,19901
1,1,19810
1,0,19382
1,1,19063
1,1,19341
1,0,19425
1,1,19355
1,1,19382
1,0,19720
1,0,19010
1,0,19342
1,1,19087
1,1,19014
1,1,19803
1,1,19063
1,1,19808
1,1,19382
1,1,19938
1,1,19008
1,1,19425
1,0,19073
1,1,19087
1,1,19380
1,1,19342
1,0,19060
1,1,19709
1,1,19348
1,1,19962
1,0,19810
1,0,19010
1,0,19963
1,0,19809
1,1,19341
1,0,19810
1,1,19711
1,0,19709
1,1,19977
1,1,19035
1,0,19382
1,1,19041
1,1,19707
1,0,19335
1,1,19335
1,1,19014
1,1,19063
1,0,19023
1,1,19962
1,1,19382
1,0,19061
1,0,19085
1,0,19810
1,1,19060
1,0,19151
1,0,19802
1,0,19003
1,0,19085
1,0,19004
1,1,19701
1,0,19341
1,1,19008
1,1,19711
1,1,19425
1,0,19380
1,1,19382
1,1,19709
1,0,19063
1,1,19382
1,0,19081
1,0,19962
1,0,19807
1,0,19382
1,1,19085
1,0,19335
1,0,19083
1,1,19317
1,1,19938
1,0,19083
1,1,19072
1,1,19061
1,1,19382
1,1,19701
1,1,19709
1,1,19702
1,1,19701
1,1,19382
1,1,19810
1,1,19380
1,0,19317
1,1,19977
1,0,19952
1,0,19425
1,0,19063
1,1,19734
1,1,19707
1,0,19087
1,0,19901
1,1,19335
1,1,19475
1,0,19709
1,1,19382
1,0,19085
1,1,19146
1,0,19153
1,1,19350
1,1,19018
1,1,19711
1,0,19707
1,1,19709
1,1,19335
1,0,19064
1,1,19808
1,0,19805
1,1,19311
1,1,19342
1,1,19083
1,1,19709
1,1,19709
1,1,19701
1,1,19311
1,1,19317
1,0,19809
1,1,19803
1,1,19073
1,0,19707
1,1,19355
1,1,19382
1,1,19380
1,1,19709
1,1,19380
1,0,19373
1,0,19702
1,1,19709
1,0,19087
1,0,19380
1,0,19904
1,1,19709
1,1,19707
1,1,19701
1,0,19707
1,0,19803
1,0,19335
1,0,19808
1,1,19425
1,1,19709
1,1,19333
1,0,19901
1,1,19711
1,1,19805
1,1,19709
1,1,19808
1,1,19380
1,1,19008
1,1,19805
1,0,19810
1,1,19702
1,0,19083
1,1,19335
1,1,19063
1,0,19382
1,1,19073
1,1,19380
1,0,19081
1,1,19008
1,1,19707
1,0,19301
1,1,19810
1,1,19312
1,1,19096
1,1,19709
1,1,19711
1,0,19343
1,0,19010
1,1,19808
1,1,19709
1,0,19380
1,0,19087
1,0,19087
1,1,19707
1,1,19153
1,1,19962
1,0,19355
1,0,19709
1,1,19335
1,1,19711
1,0,19070
1,0,19934
1,0,19004
1,0,19312
1,1,19810
1,1,19460
1,1,19709
1,0,19010
1,1,19301
1,1,19063
1,1,19335
1,1,19083
1,1,19713
1,0,19072
1,1,19709
1,1,19335
1,1,19720
1,1,19333
1,0,19063
1,1,19702
1,1,19087
1,0,19063
1,0,19382
1,1,19317
1,1,19810
1,1,19711
1,1,19709
1,0,19087
1,1,19803
1,1,19073
1,1,19810
1,1,19010
1,0,19061
1,1,19382
1,1,19709
1,0,19348
1,1,19087
1,1,19008
1,1,19807
1,0,19004
1,1,19355
1,0,19033
1,0,19380
1,1,19064
1,0,19720
1,1,19701
1,1,19720
1,0,19061
1,0,19312
1,1,19707
1,1,19702
1,0,19151
1,0,19709
1,1,19709
1,1,19142
1,0,19803
1,1,19335
1,1,19809
1,1,19350
1,0,19064
1,1,19341
1,1,19341
1,0,19355
1,1,19943
1,0,19460
1,1,19703
1,1,19087
1,0,19802
1,0,19380
1,1,19008
1,0,19901
1,1,19348
1,1,19085
1,0,19802
1,1,19808
1,1,19343
1,1,19335
1,1,19333
1,0,19363
1,1,19380
1,1,19311
1,1,19087
1,1,19301
1,0,19709
1,1,19083
1,0,19350
1,0,19382
1,0,19382
1,1,19808
1,1,19380-2025
1,1,19050
1,0,19977
1,0,19720
1,1,19380
1,0,19804
1,1,19342
1,1,19350
1,1,19380
1,1,19901
1,0,19081
1,1,19382
1,0,19380
1,1,19063
1,0,19425
1,1,19720
1,1,19073
1,0,19720
1,1,19335
1,0,19425
1,0,19701
1,1,19804
1,0,19350
1,0,19711
1,0,19087
1,0,19003
1,1,19709
1,1,19709
1,0,19015
1,0,19355
1,1,19342
1,1,19081
1,0,19312
1,1,19425
1,0,19713
1,1,19014
1,1,19335
1,0,19335
1,1,19335
1,1,19348
1,1,19087
1,0,19713
1,1,19707
1,1,19380
1,1,19808
1,1,19372
1,1,19701
1,1,19073
1,0,19060
1,1,19073
1,1,19335
1,1,19008
1,1,19060
1,1,19707
1,0,19096
1,0,19079
1,1,19311
1,0,19711
1,0,19074
1,0,19087
1,1,19333
1,0,19707
1,1,19382
1,0,19014
1,1,19707
1,1,19808
1,1,19335
1,1,19810
1,1,19380
1,1,19317
1,0,19382
1,0,19380
1,0,19301
1,1,19073
1,1,19335
1,1,19380
1,0,19066
1,1,19312
1,1,19808
1,1,19317
1,1,19341
1,0,19382
1,0,19711
1,0,19709
1,0,19013
1,0,19380
1,1,19518
1,1,19335
1,0,19720
1,0,19350
1,1,19707
1,1,19311
1,0,19096
1,0,19004
1,0,19808
1,1,19085
1,0,19380
1,0,19382
1,0,19026
1,1,19425
1,1,19382
1,1,19335
1,1,19425
1,0,19026
1,1,19382
1,1,19808
1,1,19709
1,1,19465
1,0,19709
1,1,19701
1,1,19382
1,1,19475
1,0,19382
1,0,19713
1,0,19707
1,0,19707
1,0,19335
1,1,19977
1,0,19709
1,1,19810
1,1,19301
1,0,19804
1,1,19312
1,1,19085
1,0,19050
1,1,19701
1,0,19335
1,0,19064
1,0,19078
1,0,19066
1,1,19382
1,1,19335
1,1,19063
1,1,19086
1,0,19808
1,0,19139
1,1,19962
1,0,19702
1,1,19713
1,0,19061
1,1,19803
1,0,19382
1,0,19320
1,1,19963
1,0,19720
1,0,19963
1,1,19355
1,1,19342
1,1,19060
1,0,19064
1,0,19808
1,1,19014
1,0,19977
1,1,19709
1,1,19348
1,0,19373
1,1,19350
1,1,19380
1,1,19465
1,1,19335
1,1,19335
1,1,19711
1,1,19050
1,1,19341
1,0,19343
1,1,19335
1,1,19355
1,0,19380
1,1,19701
1,1,19382
1,1,19382
1,1,19803
1,1,19709
1,1,19720
1,1,19810
1,1,19086
1,0,19312
1,1,19010
1,1,19317
1,1,19709
1,1,19335
1,1,19096
1,1,19335
1,0,19702
1,1,19312
1,1,19350
1,1,19460
1,1,19803
1,1,19380
1,1,19063
1,0,19962
1,0,19380
1,1,19010
1,1,19036
1,1,19010
1,1,19425
1,1,19085
1,1,19342
1,1,19348
1,0,18705
1,0,19010
1,1,19060
1,1,19425
1,1,19380
1,1,19808
1,1,19341
1,1,19350
1,0,19063
1,0,19151
1,0,19082
1,1,19709
1,1,19901
1,1,19073
1,0,19355
1,0,19350
1,0,19938
1,0,19335
1,0,19348
1,0,19808
1,1,19808
1,0,19904
1,0,19711
1,1,19023
1,1,19087
1,0,19350
1,1,19333
1,1,19709
1,1,19064
1,1,19701
1,1,19901
1,0,19808
1,1,19808
1,1,19425
1,0,19382
1,1,19335
1,0,19711
1,0,19382
1,1,19064
1,1,19087
1,1,19311
1,1,19382
1,0,19425
1,0,19934
1,0,19425
1,0,19087
1,1,19350
1,1,19064
1,1,19010
1,1,19087
1,0,19335
1,0,19380
1,0,19943
1,1,19004
1,1,19335
1,1,19382
1,0,19711
1,0,19064
1,1,19380
1,1,19335
1,0,19380
1,0,19460
1,0,19333
1,1,19720
1,0,19063
1,1,19380
1,0,19938
1,0,19380
1,0,19355
1,1,19087
1,1,19335
1,0,19720
1,0,19809
1,1,19977
1,0,19348
1,1,19380
1,0,19810
1,1,19064
1,1,19014
1,1,19018
1,0,19060
1,0,19809
1,1,19085
1,1,19701
1,0,19810
1,0,19709
1,1,19901
1,0,19962
1,0,19701
1,0,19070
1,1,19008
1,1,19015
1,1,19350
1,1,19342
1,1,19004
1,1,19063
1,0,19701
1,1,19808
1,0,19003
1,1,19943
1,0,19010
1,0,19131
1,0,19013
1,1,19904
1,1,19014
1,0,19083
1,1,19701
1,1,19807
1,1,19373
1,1,19709
1,1,19317
1,1,19382
1,1,19808
1,1,19015
1,0,19355
1,1,19711
1,1,19707
1,1,19083
1,0,19061
1,0,19962
1,0,19335
1,0,19014
1,0,19709
1,1,19087
1,0,19713
1,1,19355
1,1,19355
1,1,19701
1,1,19977
1,1,19465
1,0,19709
1,1,19064
1,1,19382
1,0,19023
1,1,19060
1,0,19008
1,1,19904
1,1,19701
1,1,19962
1,0,19977
1,1,19380
1,0,19709
1,1,19060
1,1,19709
1,0,19380
1,1,19061
1,0,19963
1,0,19348
1,0,19382
1,0,19143
1,0,19061
1,0,19934
1,1,19701
1,1,19063
1,1,19073
1,1,19026
1,1,19702
1,0,19709
1,0,19373
1,1,19713
1,1,19335
1,1,19335
1,0,19078
1,0,19720
1,1,19341
1,0,19342
1,0,19087
1,0,19018
1,1,19335
1,1,19977
1,0,19050
1,0,19901
1,1,19807
1,0,19808
1,1,19425
1,0,19355
1,1,19904
1,1,19086
1,1,19036
1,1,19977
1,1,19382
1,0,19465
1,1,19064
1,1,19701
1,1,19460
1,1,19301
1,1,19063
1,1,19010
1,0,19355
1,0,19010
1,0,19808
1,1,19018
1,1,19342
1,1,19943
1,0,19036
1,1,19060
1,0,19808
1,1,19382
1,1,19382
1,0,19348
1,1,19312
1,1,19301
1,1,19063
1,1,19808
1,0,19380
1,1,19085
1,0,19943
1,0,19382
1,0,19934
1,1,19079
1,0,19311
1,0,19335
1,0,19003
1,1,19063
1,1,19702
1,0,19702
1,1,19380
1,1,19010
1,1,19803
1,1,19709
1,0,19060
1,0,19335
1,0,19707
1,1,19083
1,0,19709
1,1,19072
1,1,19701
1,1,19014
1,0,19382
1,0,19073
1,0,19063
1,0,19348
1,1,19372
1,1,19709
1,0,19036
1,1,19380
1,1,19425
1,1,19061
1,1,19073
1,0,19333
1,0,19139
1,1,19063
1,1,19026
1,1,19701
1,0,19023
1,0,19701
1,1,19342
1,1,19087
1,0,19809
1,1,19701
1,0,19810
1,1,19333
1,1,19709
1,1,19709
1,1,19143
1,1,19709
1,1,19977
1,1,19711
1,0,19013
1,0,19720
1,1,19335
1,1,19335
1,0,19977
1,0,19013
1,0,19073
1,0,19014
1,1,19382
1,0,19061
1,0,19380
1,0,19720
1,1,19380
1,1,19335
1,1,19341
1,0,19425
1,0,19734
1,1,19810
1,1,19073
1,0,19355
1,1,19709
1,0,19301
1,0,19707
1,0,19803
1,0,19709
1,1,19010
1,1,19382
1,1,19085
1,1,19014
1,1,19382
1,1,19018
1,1,19460
1,1,19335
1,0,19086-6203
1,1,19004
1,0,19066
1,1,19380
1,1,19064
1,0,19335
1,1,19380
1,1,19343
1,1,19348
1,1,19083
1,0,19720
1,1,19335
1,1,19702
1,1,19382
1,0,19335
1,0,19335
1,0,19734
1,1,19460
1,1,19320
1,1,19734
1,0,19977
1,1,19350
1,0,19713
1,1,19083
1,0,19010
1,0,19701
1,1,19475
1,0,19003
1,0,19382
1,1,19707
1,1,19709
1,1,19701
1,0,19713
1,0,19977
1,1,19094
1,1,19460
1,1,19018
1,0,19026
1,1,19382
1,1,19709
1,1,19335
1,1,19380
1,1,19702
1,1,19312
1,0,19707
1,1,19977
1,0,19335
1,1,19720
1,0,19702
1,0,19701
1,0,19335
1,0,19131
1,0,19061
1,1,19335
1,0,19073
1,0,19078
1,0,19382
1,1,19063
1,1,19709
1,1,19063
1,0,19342
1,1,19720
1,0,19333
1,1,19350
1,1,19962
1,1,19734
1,0,19015
1,1,19355
1,1,19702
1,0,19734
1,1,19087
1,1,19425
1,1,19711
1,0,19709
1,0,19008
1,1,19043
1,1,19087
1,1,19465
1,0,19014
1,0,19087
1,1,19063
1,1,19709
1,1,19809
1,1,19041
1,0,19072
1,0,19350
1,0,19701
1,0,19904
1,0,19023
1,1,19380
1,1,19707
1,1,19061
1,1,19702
1,1,19063
1,1,19010
1,0,19050
1,0,19707
1,0,19713
1,1,19342
1,0,19380
1,1,19355
1,1,19460
1,0,19904
1,0,19382
1,0,19096
1,1,19335
1,0,19073
1,0,19301
1,0,19018
1,1,19807
1,1,19063
1,0,19003
1,1,19035
1,1,19701
1,1,19709
1,0,19026
1,0,19139
1,0,19350
1,1,19335
1,0,19808
1,0,19151
1,1,19702
1,1,19060
1,1,19064
1,0,19081
1,1,19380
1,1,19701
1,1,19063
1,0,19074
1,0,19073
1,0,19073
1,1,19063
1,1,19808
1,1,19335
1,0,19701
1,0,19963
1,0,19952
1,1,19425
1,0,19734
1,1,19803
1,1,19335
1,1,19425
1,0,19709
1,1,19977
1,1,19061
1,0,19073
1,1,19010
1,0,19934
1,0,19312
1,1,19014
1,1,19382
1,0,19938
1,0,19320
1,1,19382
1,1,19063
1,1,19425
1,0,19711
1,1,19709
1,0,19003
1,0,19380
1,1,19064
1,0,19035
1,1,19355
1,1,19701
1,1,19335
1,1,19709
1,1,19734
1,1,19320
1,1,19018
1,1,19335
1,1,19720
1,0,19808
1,1,19382
1,0,19060
1,0,19050
1,0,19702
1,1,19317
1,1,19962
1,1,19355
1,1,19063
1,1,19380
1,0,19901
1,1,19702
1,0,19335
1,0,19709
1,0,19702
1,0,19702
1,1,19348
1,0,19901
1,1,19082
1,1,19312
1,0,19063
1,1,19355
1,1,19709
1,0,19711
1,0,19702
1,1,19803
1,0,19312
1,1,19036
1,0,19711
1,1,19083
1,1,19711
1,0,19064
1,0,19073
1,1,19063
1,1,19803
1,0,19026
1,1,19335
1,0,19026
1,1,19901
1,1,19335
1,1,19707
1,1,19382
1,0,19425
1,1,19701
1,1,19335
1,1,19425
1,1,19063
1,0,19342
1,1,19938
1,1,19709
1,1,19707
1,0,19962
1,0,19073
1,0,19709
1,1,19380
1,0,19096
1,1,19355
1,0,19350
1,0,19904
1,1,19312
1,1,19064
1,1,19382
1,1,19934
1,0,19720
1,0,19425
1,1,19963
1,1,19064
1,0,19003
1,0,19713
1,1,19977
1,1,19901
1,1,19348
1,1,19707
1,1,19709
1,1,19380
1,1,19015
1,1,19805
1,0,19373
1,1,19465
1,1,19382
1,1,19709
1,1,19703
1,1,19713
1,0,19050
1,1,19373
1,0,19063
1,0,18705
1,1,19709
1,1,19520
1,0,19073
1,0,19806
1,0,19335
1,1,19342
1,0,19803
1,1,19348
1,1,19061
1,1,19380
1,1,19709
1,1,19317
1,1,19373
1,0,19713
1,0,19073
1,0,19342
1,0,19064
1,1,19014
1,1,19380
1,0,19341
1,1,19425
1,1,19475
1,1,19060
1,1,19355
1,1,19460
1,0,19063
1,1,19709
1,1,19317
1,0,19702
1,1,19380
1,0,19709
1,1,19810
1,0,19350
1,0,19977
1,0,19335
1,0,19380
1,0,19904
1,1,19004
1,1,19702
1,0,19014
1,1,19335
1,1,19901
1,1,19938
1,0,19901
1,1,19720
1,1,19087
1,1,19041
1,0,19802
1,1,19382
1,0,19709
1,1,19010
1,1,19085
1,1,19734
1,1,19382
1,0,19702
1,1,19064
1,1,19008
1,0,19701
1,0,19013
1,1,19087
1,0,19943
1,1,19015
1,1,19810
1,0,19709
1,1,19335
1,1,19063
1,1,19335
1,0,19810
1,1,19382
1,0,19335
1,1,19962
1,1,19083
1,0,19709
1,0,19087
1,1,19943
1,1,19382
1,0,19355
1,1,19348
1,1,19096
1,0,19348
1,1,19709
1,0,19373
1,0,19072
1,0,19806
1,0,19341
1,1,19802
1,0,19711
1,0,19702
1,0,19709
1,1,19380
1,0,19343
1,1,19139
1,0,19702
1,0,19350
1,1,19061
1,1,19380
1,1,19702
1,0,19713
1,0,19015
1,0,19382
1,1,19803
1,0,19934
1,0,19380
1,0,19008
1,0,19335
1,1,19901
1,1,19380
1,0,19060
1,0,19342
1,0,19064
1,1,19425
1,1,19380
1,0,19701
1,1,19701
1,0,19082
1,1,19382
1,1,19343
1,0,19343
1,0,19355
1,1,19803
1,1,19317
1,0,19807
1,0,19701
1,1,19702
1,1,19382
1,1,19701
1,0,19707
1,1,19425
1,0,19060
1,1,19010
1,1,19382
1,0,19013
1,0,19355
1,0,19317
1,0,19064
1,1,19702
1,0,19977
1,1,19380
1,0,19094
1,1,19465
1,0,19711
1,1,19707
1,0,19802
1,1,19335
1,1,19382
1,1,19934
1,0,19711
1,1,19050
1,0,19977
1,1,19312
1,1,19010
1,0,19701
1,0,19709
1,1,19711
1,0,19380
1,1,19073
1,1,19063
1,0,19380
1,1,19382
1,1,19064
1,1,19382
1,0,19938
1,1,19810
1,0,19977
1,1,19096
1,1,19335
1,0,19709
1,0,19350
1,0,19382
1,0,19008
1,1,19702
1,0,19709
1,0,19085
1,0,19026
1,1,19382
1,1,19317
1,1,19373
1,1,19380
1,1,19380
1,0,19085
1,1,19904
1,1,19382
1,1,19083
1,1,19073
1,0,19085
1,1,19977
1,1,19073
1,1,19301
1,1,19380
1,0,19008
1,1,19014
1,1,19810
1,0,19734
1,0,19382
1,1,19702
1,1,19425
1,1,19348
1,0,19720
1,1,19713
1,0,19702
1,1,19064
1,1,19380
1,0,19707
1,0,19382
1,1,19060
1,1,19382
1,1,19425
1,1,19026
1,1,19041
1,1,19018
1,0,19064
1,0,19335
1,0,19087
1,1,19350
1,1,19709
1,1,19380
1,1,19380
1,1,19348
1,0,19142
1,1,19063
1,1,19064
1,1,19382
1,1,19701
1,1,19709
1,0,19810
1,0,19063
1,0,19702
1,1,19702
1,0,19104
1,0,19008
1,1,19017
1,0,19335
1,0,19380
1,1,19810
1,1,19380
1,0,19013
1,0,19342
1,1,19720
1,0,19382
1,0,19711
1,0,19709
1,1,19709
1,0,19083
1,0,19701
1,1,19709
1,0,19008
1,1,19720
1,0,19063
1,0,19350
1,1,19977
1,0,19382
1,1,19382
1,1,19963
1,0,19720
1,0,19061
1,0,19380
1,1,19355
1,1,19087
1,0,19734
1,0,19709
1,1,19096
1,1,19382
1,0,19355
1,1,19013
1,1,19335
1,1,19808
1,1,19083
1,1,19709
1,0,19083
1,1,19807
1,0,19063
1,1,19063
1,0,19938
1,0,19355
1,0,19943
1,0,19335
1,1,19382
1,0,19425
1,0,19064
1,1,19709
1,0,19078
1,1,19335
1,0,19355
1,0,19805
1,0,19711
1,0,19382
1,1,19803
1,0,19311
1,1,19709
1,1,19804
1,1,19382
1,1,19803
1,1,19026
1,0,19713
1,1,19711
1,0,19063
1,0,19073
1,1,19425
1,0,19977
1,0,19085
1,1,19087-2108
1,1,19803
1,0,19977
1,0,19087
1,1,19901
1,1,19701
1,0,19083
1,1,19335
1,1,19380
1,1,19709
1,0,19341
1,1,19003
1,1,19709
1,1,19701
1,0,19382
1,0,19074
1,1,19335
1,0,19087
1,0,19064
1,1,19063
1,0,19709
1,0,19803
1,1,19703
1,1,19707
1,1,19709
1,1,19425
1,1,19350
1,1,19707
1,1,19382
1,1,19713
1,1,19355
1,0,19707
1,0,19073
1,0,19355
1,1,19709
1,0,19348
1,1,19063
1,0,19808
1,0,19804
1,0,19380
1,1,19711
1,1,19380
1,1,19063
1,1,19380
1,0,19709
1,1,19072
1,1,19425
1,1,19343
1,0,19707
1,1,19063
1,0,19355
1,1,19335
1,0,19355
1,0,19810
1,0,19934
1,1,19015
1,0,19083
1,0,19074
1,1,19702
1,0,19943
1,0,19083
1,1,19807
1,1,19041
1,0,19139
1,0,19063
1,1,19083
1,1,19701
1,1,19709
1,0,19078
1,0,19810
1,1,19934
1,0,19312
1,1,19312
1,1,19085
1,1,19952
1,1,19382
1,1,19709
1,0,19342
1,0,19050
1,1,19701
1,1,19460
1,0,19934
1,0,19380
1,0,19425
1,0,19342
1,1,19380
1,1,19934
1,0,19804
1,1,19904
1,1,19803
1,1,19901
1,0,19713
1,0,19380
1,1,19380
1,0,19018
1,1,19711
1,1,19023
1,0,19701
1,1,19720
1,0,19013
1,1,19803
1,1,19720
1,0,19711
1,0,19061
1,1,19709
1,0,19720
1,1,19064
1,1,19425
1,1,19460
1,0,19711
1,0,19709
1,1,19335
1,1,19977
1,0,19709
1,1,19382
1,0,19382
1,1,19460
1,0,19380
1,0,19335
1,1,19425
1,0,19707
1,1,19342
1,1,19311
1,1,19380
1,1,19335
1,0,19977
1,1,19004
1,0,19335
1,1,19317
1,0,19026
1,1,19008
1,0,19904
1,1,19382
1,0,19317
1,0,19943
1,1,19083
1,0,19977
1,1,19707
1,1,19703
1,1,19380
1,1,19350
1,1,19335
1,1,19963
1,1,19702
1,0,19143
1,0,19343
1,1,19810
1,1,19380
1,1,19425
1,0,19013
1,0,19352
1,1,19382
1,1,19073
1,1,19380
1,0,19382
1,1,19008
1,0,19382
1,1,19702
1,1,19382
1,1,19808
1,0,19335
1,1,19083
1,0,19335
1,0,19380
1,0,19734
1,1,19709
1,1,19355
1,1,19380
1,1,19380
1,0,19701
1,0,19382
1,0,19380
1,0,19050
1,1,19335
1,1,19094
1,1,19010
1,1,19064
1,0,19074
1,1,19380
1,0,19014
1,1,19335
1,0,19335
1,1,19934
1,1,19061
1,1,19709
1,1,19709
1,0,19802
1,1,19382
1,0,19050
1,0,19380
1,1,19073
1,1,19709
1,0,19335
1,0,19014
1,1,19063
1,0,19709
1,0,19026
1,1,19709
1,1,19335
1,1,19701
1,1,19701
1,0,19063
1,0,19977
1,0,19709
1,1,19901
1,1,19380
1,0,19952
1,0,19087
1,1,19078
1,1,19087
1,1,19350
1,1,19709
1,1,19301
1,1,19702
1,0,19064
1,1,19904
1,1,19709
1,1,19713
1,1,19518
1,1,19734
1,1,19707
1,1,19810
1,0,19342
1,0,19720
1,0,19087
1,1,19701
1,1,19341
1,0,19063
1,0,19073
1,1,19701
1,1,19810
1,0,19082
1,0,19709
1,1,19008
1,0,19382
1,1,19720
1,0,19380
1,1,19073
1,1,19350
1,1,19425
1,1,19808
1,0,19709
1,1,19063
1,1,19425
1,0,19709
1,0,19311
1,1,19342
1,0,19734
1,1,19348
1,1,19382
1,0,19382
1,1,19026
1,0,19701
1,1,19026
1,1,19713
1,0,19081
1,0,19061
1,1,19709
1,1,19008
1,0,19333
1,1,19335
1,0,19713
1,1,19934
1,1,19382
1,1,19063
1,0,19317
1,1,19335
1,0,19709-9452
1,1,19709
1,1,19380
1,0,19701
1,1,19702
1,1,19061
1,0,19104
1,1,19061
1,1,19702
1,1,19709
1,0,19342
1,1,19803
1,1,19380
1,1,19341
1,1,19312
1,1,19962
1,1,19707
1,1,19343
1,1,19380
1,1,19008
1,0,19026
1,1,19085
1,0,19341
1,1,19008
1,1,19711
1,0,19014
1,0,19142
1,1,19335
1,0,19810
1,0,19079
1,0,19709
1,1,19807
1,1,19382
1,1,19064
1,0,19083
1,0,19035
1,1,19348
1,0,19151
1,0,19810
1,0,19335
1,1,19342
1,0,19702
1,0,19050
1,0,19701
1,1,19350
1,1,19711
1,0,19064
1,0,19312
1,0,19702
1,1,19709
1,1,19938
1,0,19977
1,0,19083
1,1,19333
1,0,19702
1,1,19425
1,0,19810
1,0,19808
1,1,19380
1,1,19808
1,1,19425
1,1,19063
1,1,19707
1,1,19938
1,0,19382
1,1,19063
1,1,19707
1,1,19073
1,1,19342
1,0,19810
1,1,19078
1,1,19060
1,1,19460
1,0,19380
1,0,19720
1,0,19010
1,1,19342
1,0,19096
1,0,19066
1,1,19342
1,0,19064
1,1,19709
1,0,19380
1,1,19720
1,0,19061
1,1,19382
1,0,19962
1,0,19713
1,0,19013
1,0,19063
1,1,19087
1,1,19702
1,0,19335
1,1,19010
1,0,19151
1,1,19702
1,0,19348
1,1,19072
1,0,19355
1,1,19380
1,1,19720
1,1,19460
1,0,19341
1,0,19014
1,1,19810
1,0,19085
1,0,19808
1,1,19083
1,0,19085
1,1,19380
1,1,19087
1,0,19707
1,1,19808
1,1,19335
1,1,19734
1,1,19382
1,0,19707
1,0,19720
1,1,19713
1,0,19003
1,1,19977
1,1,19709
1,0,19382
1,1,19380
1,1,19803
1,1,19707
1,1,19460
1,0,19805
1,1,19963
1,1,19063
1,0,19335
1,0,19702
1,1,19382
1,0,19008
1,1,19904
1,0,19060
1,0,19380
1,1,19709
1,1,19333
1,1,19335
1,1,19952
1,1,19035
1,1,19803
1,0,19810
1,0,19702
1,0,19380
1,1,19709
1,0,19707
1,1,19807
1,1,19033
1,0,19312
1,1,19311
1,1,19709
1,1,19709
1,0,19901
1,0,19380
1,1,19081
1,0,19082
1,1,19380
1,0,19066
1,1,19083
1,1,19382
1,0,19809
1,0,19380
1,0,19073
1,1,19064
1,0,19382
1,0,19808
1,1,19350
1,1,19711
1,1,19335
1,1,19701
1,1,19350
1,0,19934
1,1,19709
1,0,19023
1,0,19711
1,1,19312
1,1,19086
1,0,19382
1,1,19711
1,0,19707
1,1,19425
1,0,19734
1,1,19720
1,0,19073
1,1,19711
1,0,19348
1,0,19382
1,0,19702
1,1,19709
1,0,19934
1,0,19701
1,0,19373
1,0,19008
1,1,19341
1,0,19066
1,0,19064
1,1,19096
1,1,19734
1,1,19803
1,1,19709
1,0,19702
1,1,19083
1,0,19343
1,1,19465
1,0,19701
1,0,19707
1,1,19702
1,1,19382
1,1,19810
1,1,19004
1,1,19348
1,0,19720
1,1,19709
1,1,19335
1,1,19425
1,1,19380
1,1,19026
1,1,19063
1,1,19804
1,1,19475
1,0,19709
1,0,19086
1,1,19382
1,1,19382
1,1,19010
1,1,19153
1,1,19060
1,0,19380
1,0,19810
1,1,19063
1,1,19803
1,0,19808
1,1,19063
1,0,19938
1,0,19063
1,0,19943
1,0,19043
1,0,19734
1,0,19702
1,0,19085
1,1,19348
1,0,19803
1,0,19343
1,0,19063
1,1,19073
1,1,19962
1,1,19720
1,1,19977
1,0,19073
1,1,19901
1,0,19073
1,1,19335
1,0,19808
1,1,19702
1,1,19977
1,1,19734
1,1,19335
1,0,19342
1,1,19335
1,1,19808
1,1,19803
1,0,19131
1,0,19060
1,0,19380
1,1,19087
1,1,19709
1,1,19803
1,0,19810
1,1,19063
1,0,19901
1,0,19355
1,1,19063
1,0,19711
1,1,19901
1,1,19311
1,1,19904
1,0,19312
1,0,19803
1,1,19335
1,1,19063
1,1,19350
1,1,19709
1,0,19008
1,0,19380
1,1,19096
1,0,19014
1,1,19060
1,1,19425
1,0,19348
1,1,19808
1,1,19087
1,1,19335
1,0,19087
1,0,19073
1,1,19380
1,1,19702
1,0,19335
1,1,19015
1,1,19335
1,0,19709
1,1,19709
1,1,19952
1,1,19707
1,0,19317
1,1,19977
1,0,19703
1,1,19350
1,0,19348
1,0,19350
1,1,19709
1,0,19073
1,0,19382
1,1,19709
1,1,19382
1,1,19335
1,0,19801
1,1,19709
1,1,19425
1,1,19709
1,1,19350
1,0,19713
1,1,19711
1,1,19701
1,0,19083
1,0,19934
1,1,19096
1,0,19335
1,0,19380
1,1,19808
1,1,19709
1,1,19008
1,0,19382
1,1,19977
1,1,19083
1,0,19720
1,1,19380
1,1,19073
1,1,19335
1,1,19904
1,0,19014
1,1,19380
1,0,19064
1,0,19701
1,0,19702
1,0,19008
1,1,19807
1,1,19063
1,1,19977
1,1,19382
1,1,19063
1,1,19701
1,0,19382
1,1,19035
1,1,19709
1,0,19460
1,1,19380
1,0,19085
1,0,19317
1,1,19707
1,0,19073
1,1,19460
1,1,19938
1,1,19709
1,1,19372
1,0,19063
1,1,19962
1,1,19335
1,0,19081
1,1,19335
1,1,19008
1,1,19977
1,1,19073
1,1,19901
1,0,19808
1,1,19709
1,1,19702
1,0,19087
1,1,19312
1,0,19060
1,0,19934
1,1,19425
1,0,19380
1,0,19086
1,1,19380
1,1,19050
1,1,19072
1,1,19810
1,1,19701
1,1,19709
1,1,19709
1,0,19701
1,1,19809
1,0,19382
1,0,19946
1,0,19803
1,0,19014
1,1,19348
1,0,19341
1,0,19380
1,1,19380
1,0,19086
1,0,19073
1,0,19083
1,1,19707
1,0,19380
1,1,19087
1,1,19312
1,1,19702
1,1,19803
1,0,19701
1,1,19707
1,1,19063
1,1,19938
1,1,19709
1,1,19350
1,1,19380
1,0,19061
1,0,19901
1,1,19465
1,0,19382
1,1,19707
1,1,19720
1,1,19348
1,1,19087
1,1,19063
1,0,19711
1,1,19083
1,1,19709
1,1,19341
1,1,19720
1,1,19335
1,0,19962
1,0,19802
1,0,19022
1,0,19711
1,1,19711
1,0,19350
1,1,19709
1,1,19335
1,1,19734
1,1,19425
1,0,19382
1,1,19380
1,1,19060
1,0,19810
1,1,19064
1,1,19355
1,0,19382
1,1,19063
1,1,19805
1,1,19335
1,0,19963
1,1,19301
1,1,19017
1,0,19087
1,1,19709
1,0,19720
1,0,19342
1,0,19808
1,0,19803
1,1,19807
1,0,19709
1,1,19380
1,1,19720
1,1,19312
1,0,19810
1,0,19333
1,0,19901
1,1,19301
1,0,19808
1,1,19312
1,0,19096
1,0,19050
1,1,19460
1,1,19087
1,1,19312
1,1,19382
1,0,19709
1,1,19709
1,1,19348
1,1,19709
1,0,19720
1,1,19061
1,0,19373
1,1,19720
1,0,19702
1,1,19335
1,0,19151
1,1,19425
1,1,19711
1,0,19064
1,0,19061
1,0,19041
1,0,19061
1,0,19702
1,1,19382
1,0,19382
1,1,19348
1,1,19004
1,0,19709
1,1,19380
1,0,19977
1,1,19341
1,1,19335
1,0,19087
1,0,19355
1,0,19081
1,1,19139
1,1,19901
1,0,19335
1,1,19096
1,1,19003
1,0,19066
1,0,19350
1,1,19380
1,1,19901
1,1,19061
1,0,19810
1,0,19063
1,1,19934
1,1,19008
1,0,19333
1,1,19018
1,0,19904
1,0,19143
1,0,19355
1,0,19382
1,1,19063
1,0,19702
1,1,19709
1,1,19380
1,0,19131
1,0,19342
1,1,19709
1,1,19808
1,1,19003
1,0,19151
1,1,19382
1,1,19702
1,0,19962
1,0,19143
1,1,19086-6630
1,1,19063
1,0,19808
1,0,19015
1,1,19801
1,0,19380
1,1,19139
1,1,19073
1,1,19711
1,1,19977
1,1,19380
1,1,19709
1,0,19063
1,1,19348
1,1,19709
1,1,19335
1,0,19709
1,0,19380
1,0,19317
1,1,19702
1,0,19810
1,1,19342
1,0,19901
1,1,19425
1,0,19805
1,1,19707
1,0,19734
1,0,19079
1,1,19380
1,1,19348
1,1,19348
1,1,19810
1,1,19380
1,0,19348
1,0,19073
1,1,19425
1,0,19707
1,0,19380
1,1,19707
1,1,19073
1,1,19335
1,1,19804
1,1,19004
1,0,19333
1,1,19380
1,1,19348
1,1,19041
1,1,19425
1,1,19807
1,1,19382
1,0,19720
1,1,19460
1,1,19373
1,1,19701
1,1,19701
1,0,19963
1,1,19087
1,0,19335
1,1,19709
1,1,19810
1,0,19026
1,0,19050
1,0,19803
1,1,19803
1,1,19008
1,0,19425
1,0,19064
1,1,19380
1,1,19380
1,1,19709
1,1,19348
1,0,19702
1,1,19096
1,1,19008
1,1,19018
1,1,19010
1,0,19063
1,0,19720
1,1,19380
1,0,19004
1,0,19380
1,1,19355
1,1,19063
1,1,19808
1,0,19063
1,1,19720
1,1,19701
1,0,19807
1,0,19808
1,1,19938
1,1,19810
1,0,19943
1,1,19904
1,0,19066
1,0,19803
1,0,19901
1,0,19333
1,1,19342
1,1,19060
1,0,19904
1,1,19317
1,0,19707
1,0,19425
1,0,19087
1,0,19701
1,1,19702
1,1,19008
1,0,19425
1,1,19425
1,1,19803
1,1,19711
1,0,19701
1,0,19355
1,0,19335
1,0,19063
1,0,19061
1,1,19709
1,0,19335
1,0,19083
1,0,19425
1,1,19131
1,1,19807
1,1,19518
1,0,19342
1,1,19904
1,1,19711
1,1,19085
1,0,19066
1,1,19425
1,1,19073
1,1,19934
1,0,19709
1,1,19382
1,1,19803
1,0,19701
1,0,19004
1,1,19061
1,1,19711
1,1,19076
1,1,19382
1,0,19380
1,0,19014
1,1,19380
1,0,19348
1,1,19709
1,1,19707
1,1,19072
1,1,19382
1,1,19711
1,1,19073
1,0,19083
1,0,19010
1,0,19805
1,0,19709
1,1,19335
1,1,19475
1,1,19810
1,1,19711
1,0,19312
1,1,19373
1,1,19142
1,1,19041
1,1,19063
1,1,19963
1,0,19086
1,0,19064
1,1,19087
1,0,19801
1,0,19720
1,0,19720
1,0,19355
1,0,19335
1,0,19810
1,0,19709
1,0,19734
1,1,19382
1,1,19063
1,0,19083
1,1,19425
1,1,19709
1,1,19709
1,0,19061
1,1,19709
1,1,19460
1,0,19008
1,0,19380
1,1,19063
1,0,19380
1,0,19146
1,0,19087
1,0,19707
1,0,19096
1,1,19475
1,1,19711
1,1,19707
1,1,19382
1,0,19720
1,0,19015
1,0,19711
1,1,19709
1,1,19335
1,1,19720
1,1,19702
1,1,19901
1,1,19713
1,1,19317
1,0,19720
1,1,19008
1,0,19380
1,0,19063
1,0,19380
1,1,19348
1,0,19380
1,1,19382
1,1,19709
1,1,19425
1,1,19952
1,0,19904
1,1,19010
1,1,19709
1,1,19406
1,1,19382
1,1,19380
1,0,19977
1,1,19085
1,1,19355
1,1,19087
1,0,19425
1,1,19720
1,1,19803
1,1,19734
1,1,19312
1,0,19803
1,1,19709
1,1,19709
1,0,19711
1,1,19063
1,0,19064
1,1,19808
1,0,19711
1,1,19335
1,1,19707
1,0,19335
1,1,19348
1,1,19014
1,0,19382
1,0,19087
1,1,19382
1,1,19083
1,0,19701
1,1,19081
1,1,19711
1,0,19425
1,0,19064
1,0,19380
1,0,19013
1,0,19734
1,1,19701
1,0,19335
1,1,19977
1,1,19041
1,1,19064
1,0,19382
1,1,19380
1,1,19348
1,0,19711
1,1,19312
1,0,19018
1,1,19096
1,1,19460
1,0,19063
1,0,19026
1,1,19709
1,0,19380
1,1,19808
1,1,19320
1,0,19063
1,1,19382
1,0,19382
1,1,19076
1,0,19904
1,1,19380
1,0,19341
1,1,19317
1,1,19064
1,0,19073
1,1,19014
1,1,19380
1,1,19348
1,1,19335
1,0,19333
1,1,19938
1,0,19709
1,1,19709
1,0,19083
1,1,19060
1,1,19382
1,0,19806
1,0,19803
1,1,19977
1,1,19096
1,1,19808
1,0,19707
1,1,19901
1,0,19013
1,0,19317
1,1,19064
1,1,19709
1,1,19008
1,0,19380
1,1,19081
1,0,19072
1,1,19018
1,0,19064
1,0,19335
1,0,19104
1,0,19425
1,1,19460
1,0,19709
1,0,19066
1,1,19064
1,1,19010
1,1,19977
1,1,19810
1,0,19348
1,1,19063
1,1,19707
1,0,19810
1,0,19380
1,1,19063
1,0,19977
1,0,19335
1,0,19063
1,0,19977
1,0,19709
1,1,19425
1,0,19348
1,0,19934
1,1,19460
1,0,19901
1,0,19014
1,1,19380
1,1,19901
1,1,19380
1,1,19720
1,0,19343
1,1,19709
1,0,19709
1,1,19703
1,0,19008
1,1,19382
1,1,19808
1,0,19380
1,0,19014
1,0,19341
1,0,19029
1,0,19083
1,1,19720
1,0,19312
1,1,19382
1,1,19060
1,0,19807
1,0,19350
1,0,19382
1,1,19036
1,0,19803
1,1,19072
1,1,19425
1,1,19301
1,0,19382
1,1,19962
1,1,19460
1,1,19087
1,1,19004
1,1,19962
1,0,19061
1,1,19465
1,1,19460
1,1,19312
1,1,19083
1,1,19335
1,1,19734
1,1,19709
1,0,19063
1,1,19702
1,0,19079
1,0,19425
1,1,19901
1,1,19380
1,1,19317
1,0,19805
1,0,19087
1,0,19341
1,1,19335
1,0,19355
1,1,19425
1,0,19707
1,0,19380
1,1,19311
1,0,19701
1,0,19380
1,0,19803
1,1,19343
1,1,19014
1,1,19335
1,1,19701
1,0,19709
1,0,19094
1,1,19073
1,1,19301
1,0,19035
1,1,19709
1,1,19720
1,0,19707
1,1,19348
1,1,19707
1,0,19026
1,1,19087
1,1,19382
1,1,19702
1,0,19810
1,1,19063
1,0,19943
1,1,19475
1,0,19139
1,0,19425
1,1,19094
1,1,19041
1,1,19343
1,0,19707
1,0,19060
1,1,19460
1,1,19380
1,1,19707
1,0,19709
1,1,19709
1,0,19015
1,1,19072
1,1,19085
1,0,19073
1,0,19082
1,1,19460
1,0,19317
1,0,19807
1,1,19014
1,0,19335
1,1,19087
1,1,19901
1,1,19083
1,0,19348
1,1,19335
1,0,19962
1,1,19380
1,1,19010
1,1,19709
1,0,19701
1,1,19073
1,1,19803
1,1,19014
1,1,19073
1,1,19087
1,1,19803
1,0,19707
1,0,19064
1,1,19720
1,1,19081
1,0,19085
1,0,19010
1,0,19809
1,1,19083
1,1,19460
1,1,19425
1,0,19801
1,1,19803
1,1,19808
1,1,19087
1,0,19808
1,1,19335
1,0,19810
1,1,19475
1,0,19355
1,0,19131
1,0,19085
1,1,19720
1,0,19153
1,1,19342
1,0,19087
1,0,19803
1,1,19350
1,1,19026
1,1,19702
1,1,19342
1,1,19380
1,1,19010
1,0,19373
1,0,19711
1,1,19808
1,0,19703
1,0,19311
1,1,19382
1,1,19335
1,0,19382
1,1,19425
1,1,19312
1,1,19333
1,1,19707
1,1,19810
1,1,19465
1,0,19425
1,1,19064
1,1,19311
1,0,19810
1,0,19348
1,0,19060
1,1,19083
1,0,19380
1,1,19460
1,1,19709
1,0,19335
1,0,19355
1,1,19702
1,1,19382
1,1,19333
1,0,19701
1,0,19465
1,1,19808
1,1,19380
1,1,19026
1,1,19382
1,1,19342
1,1,19341
1,1,19096
1,0,19425
1,1,19341
1,0,19087
1,0,19104
1,1,19901
1,1,19335
1,1,19311
1,0,19342
1,1,19066
1,1,19809
1,1,19709
1,1,19382
1,0,19343
1,1,19425
1,1,19348
1,1,19977
1,1,19977
1,1,19355
1,0,19087
1,0,19096
1,0,19805
1,1,19938
1,1,19076
1,1,19018
1,1,19711
1,1,19085
1,1,19014
1,1,19341
1,1,19094
1,1,19008
1,1,19701
1,0,19803
1,1,19382
1,1,19350
1,0,19425
1,1,19008
1,1,19382
1,1,19335
1,1,19060
1,0,19904
1,1,19977
1,0,19050
1,0,19008
1,0,19720
1,1,19711
1,0,19703
1,1,19904
1,1,19312
1,1,19343
1,1,19335
1,1,19348
1,1,19348
1,0,19373
1,0,19465
1,0,19096
1,1,19707
1,1,19709
1,0,19311
1,1,19341
1,1,19066
1,1,19701
1,0,19355
1,1,19301
1,0,19709
1,0,19701
1,1,19808
1,0,19709
1,0,19066
1,0,19702
1,1,19380
1,1,19803
1,1,19072
1,1,19702
1,0,19709
1,0,19382
1,1,19711-2024
1,0,19096
1,0,19350
1,0,19382
1,0,19083
1,0,19073
1,1,19312
1,1,19079
1,1,19301
1,0,19734
1,1,19064
1,0,19709
1,1,19807
1,1,19063
1,1,19343
1,1,19380
1,1,19096
1,1,19087
1,0,19086
1,1,19061
1,1,19060
1,1,19335
1,0,19050
1,1,19809
1,0,19904
1,0,19711
1,0,19904
1,1,19335
1,0,19382
1,1,19425
1,1,19004
1,0,19003
1,0,19333
1,1,19734
1,0,19008
1,1,19702
1,1,19709
1,0,19380
1,1,19083
1,0,19063
1,0,19335
1,1,19901
1,0,19312
1,1,19709
1,0,19094
1,1,19425
1,1,19380
1,1,19707
1,1,19720
1,0,19341
1,0,19335
1,0,19701
1,1,19355
1,1,19734
1,1,19335
1,1,19335
1,1,19342
1,1,19808
1,1,19350
1,0,19312
1,0,19083
1,1,19081
1,0,19348
1,1,19382
1,1,19425
1,0,19033
1,0,19317
1,1,19938
1,1,19341
1,1,19720
1,0,19380
1,1,19977
1,1,19406
1,1,19425
1,1,19380
1,0,19460
1,1,19709
1,1,19709
1,1,19015
1,1,19343
1,0,19063
1,1,19803
1,0,19808
1,1,19063
1,0,19335
1,1,19335
1,1,19711
1,0,19026
1,1,19063
1,1,19713
1,1,19341
1,1,19087
1,0,19355
1,1,19061
1,0,19014
1,1,19702
1,0,19341
1,1,19335
1,0,19701
1,0,19703
1,1,19701
1,0,19962
1,0,19033
1,0,19335
1,1,19810
1,1,19977
1,1,19808
1,1,19335
1,1,19096
1,1,19348
1,1,19060
1,1,19803
1,1,19720
1,0,19425
1,1,19341
1,1,19035
1,1,19014
1,1,19380
1,1,19380
1,0,19810
1,1,19701
1,1,19701
1,1,19301
1,0,19962
1,1,19962
1,1,19803
1,0,19709
1,0,19078
1,0,19086
1,1,19709
1,1,19312
1,1,19010
1,1,19342
1,1,19317
1,1,19382
1,0,19078
1,1,19003
1,0,19904
1,1,19701
1,0,19355
1,0,19707
1,1,19335
1,0,19380
1,0,19701
1,1,19312
1,0,19317
1,1,19341
1,0,19380
1,0,19063
1,0,19425
1,1,19063-5500
1,1,19709
1,1,19711
1,1,19064
1,1,19333
1,1,19977
1,0,19014
1,0,19425
1,0,19015
1,1,19018
1,1,19018
1,1,19709
1,1,19350
1,1,19460
1,0,19061
1,0,19018
1,1,19350
1,1,19810
1,0,19952
1,1,19060
1,1,19807
1,0,19380
1,1,19701
1,0,19711
1,1,19301
1,0,19720
1,1,19720
1,1,19342
1,0,19810
1,1,19343
1,1,19808
1,1,19382
1,1,19018
1,1,19802
1,1,19709
1,0,19709
1,0,19382
1,1,19803
1,0,19380
1,1,19073
1,1,19702
1,0,19335
1,0,19341
1,0,19809
1,0,19036
1,0,19312
1,1,19720
1,0,19015
1,1,19343
1,1,19335
1,0,19938
1,0,19066
1,0,19063
1,1,19709
1,1,19380
1,1,19709
1,1,19380
1,1,19720
1,1,19711
1,0,19060
1,1,19350
1,0,19713
1,1,19382
1,1,19341
1,0,19063
1,1,19350
1,1,19810
1,1,19701
1,1,19707
1,1,19380
1,1,19317
1,1,19382
1,0,19355
1,0,19073
1,1,19707
1,1,19702
1,1,19382
1,0,19026
1,1,19460
1,0,19087
1,1,19335
1,1,19010
1,0,19014
1,1,19335
1,1,19734
1,1,19035
1,0,19382
1,1,19709
1,1,19803
1,0,19087
1,1,19355
1,0,19707
1,1,19066
1,1,19702
1,0,19050
1,1,19341
1,0,19734
1,1,19335
1,0,19087
1,1,19934
1,1,19060
1,0,19073
1,1,19425
1,0,19702
1,1,19085
1,0,19063
1,0,19904
1,0,19026
1,1,19808
1,1,19064
1,1,19806
1,1,19709
1,1,19803
1,0,19087
1,0,19702
1,0,19713
1,1,19382
1,1,19335
1,1,19702
1,0,19348
1,1,19702
1,0,19720
1,0,19380
1,0,19709
1,1,19720
1,1,19720
1,1,19026
1,1,19333
1,1,19335
1,0,19348
1,0,19709
1,0,19008
1,0,19004
1,1,19803
1,1,19064
1,0,19382
1,1,19348
1,0,19709
1,1,19335
1,0,19701
1,1,19350
1,1,19709
1,1,19709
1,1,19707
1,0,19335
1,1,19938
1,0,19382
1,1,19380
1,0,19709
1,1,19087
1,0,19064
1,0,19904
1,1,19035
1,1,19803
1,1,19380
1,0,19301
1,1,19085
1,1,19312
1,0,19425
1,1,19348
1,0,19709
1,1,19086
1,1,19810
1,0,19063
1,0,19382
1,0,19341
1,1,19720
1,1,19425
1,0,19382
1,1,19707
1,0,19709
1,0,19701
1,1,19342
1,0,19380
1,0,19701
1,1,19425
1,0,19904
1,0,19335
1,1,19343
1,0,19355
1,0,19702
1,0,19345
1,1,19026
1,1,19720
1,0,19952
1,1,19380
1,1,19803
1,1,19341
1,1,19425
1,1,19380
1,1,19803
1,1,19702
1,1,19041
1,0,19086
1,1,19810
1,1,19335
1,0,19083
1,0,19702
1,1,19010
1,0,19709
1,1,19809
1,0,19380
1,1,19962
1,1,19341
1,1,19382
1,0,19050
1,1,19938
1,1,19341
1,1,19348
1,1,19342
1,1,19720
1,0,19382
1,1,19372
1,1,19382
1,0,19018
1,0,19711
1,1,19709
1,1,19711
1,1,19373
1,0,19014
1,1,19317
1,1,19707
1,1,19518
1,1,19085
1,1,19707
1,0,19805
1,1,19810
1,1,19317
1,0,19026
1,0,19734
1,1,19341
1,0,19317
1,1,19311
1,1,19380
1,1,19709
1,1,19380
1,0,19702
1,0,19701
1,0,19709
1,0,19311
1,0,19382
1,1,19382
1,0,19711
1,1,19901
1,1,19008
1,1,19425
1,0,19934
1,0,19064
1,0,19073
1,1,19335
1,1,19335
1,1,19720
1,1,19808
1,1,19380
1,1,19709
1,1,19335
1,1,19938
1,0,19341
1,1,19425
1,1,19709
1,1,19380
1,0,19072
1,0,19709
1,1,19343
1,1,19355
1,1,19720
1,1,19096
1,0,19720
1,0,19810
1,1,19460
1,0,19063
1,0,19809
1,1,19083
1,1,19810
1,0,19709
1,0,19060
1,1,19808
1,0,19342
1,0,19073
1,0,19702
1,1,19707
1,1,19342
1,1,19083
1,1,19142
1,0,19703
1,0,19312
1,0,19143
1,1,19335
1,0,19809
1,1,19010
1,0,19008
1,1,19066
1,0,19963
1,1,19803
1,1,19311
1,1,19312
1,1,19938
1,1,19380
1,1,19382
1,1,19963
1,0,19023
1,0,19341
1,0,19734
1,1,19709
1,1,19701
1,1,19335
1,0,19977
1,1,19734
1,0,19713
1,0,19962
1,0,19713
1,1,19709
1,1,19317
1,0,19701
1,0,19355
1,1,19348
1,1,19707
1,1,19425
1,1,19904
1,0,19312
1,1,19711
1,1,19348
1,0,19808
1,0,19734
1,0,19380
1,0,19475
1,1,19803
1,0,19709
1,1,19709
1,1,19709
1,1,19380
1,0,19348
1,1,19425
1,1,19380
1,0,19018
1,0,19709
1,1,19382
1,0,19962
1,1,19363
1,1,19072
1,1,19382
1,1,19810
1,1,19977
1,1,19382
1,1,19342
1,1,19087
1,1,19465
1,1,19810
1,1,19380
1,0,19066
1,0,19382
1,0,19963
1,1,19014
1,0,19805
1,1,19702
1,0,19805
1,0,19355
1,1,19938
1,1,19702
1,0,19335
1,1,19380
1,0,19018
1,0,19380
1,1,19008
1,1,19382
1,1,19064
1,0,19072
1,0,19372
1,0,19087
1,1,19808
1,1,19036
1,0,19808
1,1,19317
1,1,19050
1,0,19348
1,1,19342
1,0,19064
1,1,19962
1,1,19341
1,1,19008
1,0,19709
1,0,19026
1,1,19073
1,1,19711
1,0,19802
1,1,19810
1,1,19153
1,1,19460
1,0,19335
1,1,19709
1,1,19008
1,0,19064
1,1,19425
1,0,19143
1,1,19320
1,1,19073
1,0,19087
1,1,19475
1,0,19810
1,1,19087
1,0,19341
1,1,19808
1,0,19081
1,0,19342
1,1,19083
1,0,19709
1,1,19087
1,1,19382
1,1,19380
1,1,19014
1,1,19380
1,1,19010
1,1,19008
1,0,19380
1,0,19810
1,1,19085
1,1,19018
1,0,19143
1,1,19013
1,1,19380
1,0,19806
1,1,19720
1,0,19026
1,1,19962
1,1,19977
1,0,19087
1,1,19382
1,1,19380
1,1,19808
1,0,19904
1,0,19808
1,0,19702
1,1,19335
1,0,19061
1,0,19063
1,0,19085
1,1,19709
1,1,19709
1,0,19063
1,1,19934
1,0,19808
1,1,19952
1,1,19373
1,0,19380
1,1,19063
1,0,19901
1,0,19063
1,1,19348
1,0,19010
1,1,19320
1,1,19904
1,1,19709
1,0,19701
1,1,19709
1,1,19348
1,1,19312
1,0,19380
1,1,19713
1,0,19802
1,0,19963
1,1,19943
1,1,19317
1,0,19701
1,1,19734
1,1,19425
1,1,19063
1,0,19350
1,0,19380
1,1,19460
1,0,19083
1,1,19711
1,1,19380
1,0,19709
1,0,19702
1,1,19026
1,1,19709
1,1,19808
1,1,19026
1,0,19707
1,1,19350
1,1,19701
1,1,19026
1,1,19312
1,1,19734
1,0,19061
1,1,19335
1,0,19380
1,0,19335
1,1,19018
1,1,19301
1,0,19711
1,0,19064
1,0,19380
1,0,19701
1,1,19014
1,1,19063
1,1,19702
1,1,19350
1,1,19380
1,1,19803
1,0,19335
1,1,19064
1,1,19711
1,0,19709
1,1,19335
1,1,19085
1,0,19317
1,0,19382
1,1,19348
1,0,19041
1,1,19809
1,1,19475
1,0,19707
1,1,19380
1,1,19063
1,0,19808
1,1,19382
1,0,19342
1,0,19709
1,1,19709
1,1,19348
1,1,19026
1,0,19709
1,0,19079
1,0,19709
1,1,19709
1,1,19312
1,1,19341
1,1,19003
1,0,19713
1,1,19335
1,0,19004
1,0,19335
1,1,19720
1,1,19709
1,1,19382
1,0,19938
1,0,19341
1,0,19904
1,1,19311
1,0,19938
1,0,19083
1,0,19380
1,0,19709
1,1,19341
1,1,19014
1,0,19018
1,1,19151
1,0,19707
1,0,19301
1,1,19380
1,0,19335
1,1,19938
1,0,19341
1,1,19943
1,1,19073
1,1,19709
1,0,19709
1,1,19702
1,1,19380
1,1,19312
1,1,19803
1,0,19010
1,1,19707
1,1,19087
1,0,19382
1,1,19380
1,1,19702
1,0,19803
1,1,19702
1,1,19707
1,0,19335
1,0,19720
1,1,19709
1,0,19904
1,1,19380
1,1,19010
1,1,19425
1,1,19014
1,1,19709
1,0,19014
1,1,19720
1,0,19808
1,1,19810
1,0,19380
1,1,19709
1,0,19382
1,1,19341
1,0,19335
1,0,19801
1,1,19807
1,1,19804
1,1,19962
1,0,19709
1,1,19382
1,0,19151
1,1,19335
1,1,19734
1,1,19087
1,1,19810
1,0,19061
1,1,19711
1,1,19803
1,1,19802
1,0,19901
1,0,19380
1,0,19312
1,1,19382
1,0,19087
1,1,19701
1,0,19063
1,1,19709
1,0,19380
1,1,19348
1,1,19709
1,1,19131
1,1,19701
1,1,19382
1,1,19380
1,0,19709
1,1,19709
1,1,19341
1,0,19720
1,0,19348
1,1,19350
1,1,19085
1,1,19380
1,0,19131
1,0,19086
1,0,19711
1,1,19709
1,1,19060
1,1,19702
1,1,19355
1,1,19083
1,0,19709
1,1,19063
1,1,19380
1,1,19335
1,1,19807
1,0,19901
1,1,19380
1,1,19460
1,0,19701
1,1,19382
1,0,19963
1,1,19380
1,1,19803
1,0,19078
1,1,19707
1,0,19904
1,1,19709
1,0,19064
1,1,19060
1,1,19064
1,0,19425
1,0,19713
1,1,19810
1,1,19342
1,1,19711
1,1,19807
1,0,19720
1,1,19709
1,0,19709
1,1,19977
1,0,19709
1,1,19061
1,1,19083
1,1,19064
1,0,19010
1,1,19810
1,0,19063
1,0,19312
1,1,19380
1,1,19333
1,1,19350
1,1,19060
1,1,19380
1,1,19938
1,1,19904
1,1,19711
1,0,19734
1,0,19087
1,1,19809
1,1,19380
1,1,19064
1,0,19301
1,1,19709
1,1,19977
1,0,19709
1,0,19701
1,1,19380
1,1,19341
1,0,19713
1,1,19701
1,1,19060
1,0,19333
1,0,19350
1,0,19382
1,1,19711
1,1,19901
1,1,19311
1,0,19709
1,1,19709
1,0,19073
1,1,19380
1,0,19063
1,1,19702
1,1,19938
1,0,19709
1,1,19380
1,1,19977
1,0,19701
1,0,19702
1,0,19380
1,1,19810
1,1,19720
1,0,19943
1,1,19060
1,1,19977
1,0,19425
1,1,19709
1,1,19085
1,1,19460
1,0,19073
1,1,19073
1,0,19010
1,1,19335
1,1,19010
1,1,19460
1,1,19380
1,1,19460
1,1,19904
1,1,19335
1,0,19341
1,0,19004
1,1,19312
1,1,19720
1,1,19701
1,1,19938
1,0,19026
1,1,19382
1,0,19087
1,0,19709
1,1,19709
1,1,19709
1,0,19709
1,0,19073
1,1,19380
1,0,19382
1,1,19380
1,1,19460
1,1,19425
1,1,19063
1,1,19079
1,1,19335
1,0,19063
1,1,19701
1,1,19709
1,0,19087
1,1,19808
1,1,19064
1,0,19317
1,1,19809
1,1,19962
1,1,19341
1,0,19142
1,0,19808
1,0,19380
1,1,19382
1,1,19711
1,0,19064
1,1,19087
1,1,19901
1,1,19061
1,1,19343
1,1,19348
1,0,19701
1,1,19803
1,1,19335-3706
1,1,19032
1,1,19709
1,1,19709
1,1,19425
1,1,19014
1,0,19348
1,0,19143
1,0,19060
1,0,19720
1,1,19335
1,0,19382
1,0,19707
1,1,19702
1,1,19348
1,1,19087
1,0,19348
1,1,19425
1,1,19943
1,0,19709
1,1,19078
1,1,19350
1,0,19064
1,1,19073
1,1,19063
1,1,19977-4612
1,0,19810
1,1,19380
1,1,19380
1,1,19962
1,1,19460
1,1,19343
1,1,19711
1,1,19810
1,0,19355
1,1,19312
1,1,19701
1,1,19335
1,1,19803
1,1,19707
1,0,19380
1,0,19063
1,0,19802
1,1,19810
1,1,19014
1,0,19425
1,1,19380
1,1,19720
1,0,19083
1,0,19382
1,0,19063
1,0,19709
1,1,19350
1,1,19312
1,0,19709
1,0,19803
1,0,19312
1,0,19382
1,1,19720
1,1,19026
1,0,19380
1,1,19074
1,1,19073
1,1,19709
1,1,19380
1,1,18976
1,1,18940
1,1,19422
1,1,19067
1,1,19454
1,1,19446
1,0,19141
1,0,19525
1,0,19422
1,1,19067
1,0,19438
1,1,19426
1,1,19116
1,0,19468
1,0,19067
1,1,18914
1,0,19006
1,0,19446
1,1,19030
1,1,18940
1,1,19002
1,1,19518
1,1,18940
1,1,19426
1,0,19007
1,0,19047
1,1,18964
1,1,19044
1,0,19446
1,0,19046
1,0,19044
1,1,19438
1,1,19020
1,1,19002
1,0,19047
1,1,19426
1,0,19438
1,0,19438
1,1,18974
1,1,18954
1,0,19460
1,0,19438
1,1,19056
1,1,18901
1,1,19119
1,0,19067
1,0,19055
1,0,19025
1,1,19426
1,1,18947
1,0,19047
1,0,19020
1,1,19006
1,1,19115
1,0,19119
1,0,19444
1,1,19403
1,1,19054
1,0,18966
1,0,18966
1,0,19020
1,1,19067
1,0,19444
1,1,19446
1,1,19047
1,1,19438
1,1,19422
1,1,19462
1,0,19134
1,1,19118
1,1,18902
1,1,19438
1,0,19446
1,1,18938
1,0,19053
1,0,19475
1,1,19440
1,0,19454
1,1,19446
1,1,19446
1,0,18902
1,1,19002
1,0,18914
1,0,19126
1,1,19006
1,1,19040
1,1,18966
1,0,18974
1,1,19053
1,1,19525
1,0,19012
1,1,19446
1,1,18966
1,1,18938
1,1,18947
1,0,19040
1,0,18940
1,1,19460
1,1,18954
1,1,18940
1,0,19054
1,1,19406
1,0,18974
1,1,19047
1,1,19518
1,1,18976
1,0,18938
1,1,19020
1,1,19440
1,1,19006
1,1,19403
1,0,18929
1,1,19095
1,0,18966
1,1,18901
1,0,19038
1,0,19464
1,0,19444
1,1,19403
1,0,18902
1,0,19067
1,0,19446
1,1,18966
1,0,18901
1,1,19464
1,1,19067
1,1,19454
1,1,18954
1,1,18976
1,1,19067
1,0,19122
1,1,19446
1,1,19054
1,0,19462
1,0,19053
1,1,19454
1,1,19067
1,1,19454
1,1,19518
1,1,19067
1,0,19002
1,1,19067
1,0,19038
1,0,18954
1,0,19403
1,0,19067
1,0,18951
1,0,19067
1,1,19002
1,0,19518
1,0,19144
1,1,18954
1,1,18938
1,1,19067
1,1,19475
1,1,19067
1,1,18976
1,1,19462
1,1,19111
1,1,19038
1,1,19053
1,0,19002
1,0,19047
1,1,19155
1,1,19116
1,1,19454
1,1,19067
1,1,19047
1,1,19006
1,1,18944
1,1,19065
1,0,18954
1,1,19040
1,1,19067
1,1,19403
1,0,18966
1,0,18954
1,1,19446
1,0,19454
1,0,19406
1,1,19438
1,1,18966
1,1,19067
1,1,18964
1,1,19426
1,1,18974
1,1,19518
1,1,19440
1,0,19002
1,0,19525
1,1,19454
1,1,19422
1,0,19464
1,1,19067
1,1,19020
1,0,19438
1,1,18914
1,1,19403
1,0,19047
1,1,19006
1,0,18902
1,0,19038
1,1,19067
1,0,18940
1,1,19002
1,1,19044
1,0,18942
1,1,18976
1,1,19047
1,1,19056
1,1,19075
1,1,19040
1,1,19020
1,1,19120
1,0,19006
1,0,19473
1,0,19446
1,1,19047
1,1,19422
1,1,19454
1,1,18947
1,1,19406
1,0,19422
1,0,18974
1,1,19145
1,0,18929
1,0,19040
1,1,19454
1,1,18964
1,0,18940
1,1,18951
1,1,19468
1,1,19046
1,1,19027
1,0,19462
1,1,19020
1,1,19116
1,1,19468
1,1,18976
1,0,18925
1,0,19473
1,1,18966
1,1,18902
1,1,18914
1,1,19002
1,0,19067
1,1,19002
1,0,19468
1,0,19111
1,1,18938
1,0,19034
1,0,18938
1,0,19446
1,0,19426
1,1,19020
1,1,18966
1,1,18938
1,1,19119
1,1,19406
1,1,19002
1,0,19438
1,1,19128
1,1,19002
1,0,19067
1,0,19002
1,0,19002
1,0,18914
1,1,19047
1,1,19406
1,0,19403
1,0,18974
1,1,19047
1,1,18914
1,1,18954
1,1,19454
1,0,19444
1,0,19012
1,1,19002
1,1,19446
1,1,19002
1,1,19012
1,1,19025
1,1,18974
1,0,19150
1,1,19473
1,1,19426
1,1,19020
1,1,18902
1,1,19027
1,0,18974
1,0,19006
1,0,19134
1,1,19067
1,1,18901
1,0,19020
1,0,18074
1,1,18940
1,0,18966-1904
1,0,18960
1,0,19047
1,1,18940-2812
1,1,19462
1,1,19067
1,1,19403
1,0,19464
1,1,18969
1,1,18901
1,1,19002
1,1,19473
1,0,19046
1,1,19067
1,1,19020
1,1,19152
1,1,19446
1,1,18940
1,1,19030
1,0,19406
1,1,18940
1,1,18976
1,1,19454
1,1,19403
1,0,19054
1,1,19020
1,1,18914
1,0,19030
1,1,19438
1,0,19047
1,1,19446
1,0,19111
1,1,19067
1,1,19444
1,0,19002
1,1,19440
1,0,18954
1,0,19426
1,1,18938
1,1,19446
1,1,19047
1,1,18901
1,1,19114
1,1,19446
1,1,18901
1,1,19067
1,0,19426
1,1,19444
1,1,18940
1,1,18902
1,1,19426
1,0,18954
1,0,19116
1,1,19154
1,1,19020
1,0,19047
1,0,19141
1,1,18914
1,0,19460
1,0,18071
1,1,19454
1,1,19438
1,0,18940
1,0,18964
1,1,19462
1,1,18966
1,1,19067
1,1,19001
1,1,19002
1,1,19038
1,0,18914
1,0,19518
1,1,19020
1,1,18977
1,0,19119
1,1,19525
1,1,19040
1,1,18902
1,1,19067
1,1,19446
1,1,19406
1,1,19002
1,1,19006
1,0,19446
1,1,19067
1,1,19403
1,0,19465
1,1,19118
1,1,18974
1,0,19054
1,1,18966
1,1,18976
1,0,19525
1,0,19460
1,1,18976
1,0,19055
1,1,19403
1,1,19446
1,0,19020
1,1,19406
1,0,19056
1,0,19426
1,1,19454
1,1,19054
1,1,19090
1,0,19007
1,1,19446
1,0,19446
1,0,19440
1,1,19426
1,1,18964
1,0,19006
1,0,19444
1,0,19454
1,0,18084
1,1,19047
1,0,19124
1,1,19020
1,0,19426
1,1,19403
1,0,19116
1,0,19422
1,0,19047
1,1,19440
1,1,19444
1,1,19438
1,0,19134
1,1,19426
1,1,18976
1,1,19525
1,1,18938
1,0,19446
1,1,18974
1,0,18966
1,0,19135
1,1,18914
1,0,18974
1,0,19446
1,0,19422
1,0,19444
1,1,18947
1,1,19128
1,1,19422
1,0,19403
1,1,19006
1,0,18964
1,1,19446
1,0,19446
1,0,19006
1,0,18966
1,1,19067
1,0,19128
1,1,19067
1,0,18951
1,1,19067
1,1,19114
1,1,19053
1,1,18964
1,1,19438
1,0,19046
1,1,19426
1,0,18933
1,0,19468
1,1,18944
1,1,18901
1,0,19038
1,0,19056
1,1,19128
1,1,19020
1,1,18902
1,1,19446
1,1,18951
1,0,19133
1,0,19038
1,0,19460
1,1,19047
1,1,18944
1,1,19475
1,1,19007
1,0,19437
1,0,19440
1,0,19141
1,1,19468
1,1,18944
1,1,19454
1,1,19518
1,0,19403
1,0,19067
1,1,18966
1,0,19460
1,1,19462
1,1,19007
1,0,18966
1,1,19468
1,0,19422
1,0,19006
1,1,19067
1,1,19518
1,1,18940
1,1,19446
1,1,19454
1,0,19403
1,1,19040
1,0,19473
1,1,18954
1,1,18951
1,0,19057
1,1,18966
1,1,18947
1,1,19002
1,0,18901
1,0,19020
1,0,18974
1,1,19095
1,1,19138
1,0,19007
1,1,19426
1,0,19120
1,0,19002
1,0,19144
1,1,19150
1,1,19444
1,1,19426
1,1,19128
1,1,19440
1,0,19090
1,0,19057
1,0,18914
1,1,19468
1,0,18914
1,0,19446
1,1,18964
1,0,19426
1,1,19027
1,0,19040
1,1,19422
1,0,19002
1,1,19426
1,1,19149
1,0,18902
1,1,19020
1,1,18929
1,0,19525
1,1,19518
1,0,18954
1,1,19525
1,0,19440
1,0,19422
1,0,19002
1,1,19403
1,0,19403
1,1,19473
1,0,19116
1,1,19067
1,1,18954
1,0,19444
1,1,19067
1,1,19446
1,1,18901
1,1,18976
1,1,19518
1,0,18914
1,0,19067
1,1,18974
1,0,18966
1,0,19135
1,1,18923
1,1,19518
1,1,19446
1,0,19006
1,1,18954
1,1,19038
1,1,19152
1,1,19518
1,1,19462
1,0,19475
1,1,18964
1,0,18974
1,0,19038
1,1,19403
1,1,19403
1,1,19426
1,1,19460
1,1,19473
1,0,19446
1,1,18966
1,0,19057
1,0,19403
1,1,18951
1,1,19518
1,1,19054
1,0,19007
1,1,19031
1,0,18966
1,1,19047
1,0,18938
1,0,19462
1,0,19146
1,0,18974
1,1,19095
1,1,19034
1,0,19473
1,1,19067
1,0,19020
1,1,19006
1,1,19067
1,0,19012
1,1,19426
1,0,19057
1,0,19428
1,1,18902
1,1,19090
1,1,18966
1,1,19438
1,0,19403
1,1,18966
1,1,18914
1,0,19038
1,0,19038
1,1,19518
1,0,19040
1,0,19518
1,0,19056
1,0,19090
1,1,18976
1,1,19047
1,1,19403
1,0,19446
1,1,19067
1,1,18938
1,1,19075
1,0,19067
1,0,19428
1,1,19438
1,0,19040
1,0,19107
1,1,18938
1,1,18902
1,0,18940
1,0,19426
1,1,19020
1,0,19124
1,1,18940
1,0,19057
1,0,19460
1,0,19438
1,1,19128
1,0,19116
1,1,19454
1,1,19525
1,0,19054
1,0,19454
1,1,18954
1,1,18966
1,0,19440
1,1,19056
1,1,19518
1,0,18947
1,1,19128
1,1,18902
1,1,19025
1,0,18966
1,0,19038
1,0,18940
1,1,19446
1,1,19518
1,1,19056
1,1,19124
1,1,19468
1,1,18974
1,1,19454
1,1,19464
1,0,19132
1,1,19047
1,1,18914
1,1,19047
1,1,19006
1,0,18929
1,1,18954
1,1,18954
1,0,19426
1,1,18929
1,1,19067
1,0,18974
1,1,19001
1,1,19038
1,0,19135
1,1,19525
1,1,19446
1,1,19054
1,0,19115
1,1,18966
1,1,19025
1,1,19020
1,0,19067
1,1,18940
1,0,19135
1,1,19438
1,1,19468
1,0,19034
1,0,19067
1,1,19422
1,0,19002
1,1,19454
1,1,19468
1,0,19012
1,1,19002
1,1,18914
1,1,19047
1,1,19128
1,1,19454
1,0,18976
1,0,19132
1,0,19438
1,1,19054
1,0,19034
1,0,18074
1,1,19401
1,1,19047
1,1,19006
1,1,18901
1,1,18074
1,1,19006
1,0,18954
1,0,18966
1,1,19446
1,0,18974
1,0,19426
1,1,18974
1,1,19044
1,1,19067
1,1,18964
1,0,19138
1,1,19020
1,0,18951
1,1,19046
1,1,18902
1,1,19518
1,0,18951
1,0,19420
1,1,18969
1,0,19040
1,0,19465
1,0,18902
1,0,19006
1,1,19525
1,0,19406
1,1,19002
1,0,19473
1,0,19067
1,0,19426
1,1,19034
1,0,18942
1,0,18964
1,0,19454
1,0,19154
1,1,19067
1,0,19150
1,0,19006
1,1,18913
1,0,19111
1,1,19426
1,1,19518
1,0,19006
1,0,19030
1,0,19454
1,0,19525
1,1,19006
1,1,19422
1,0,18901
1,1,18951
1,1,18976
1,0,19115
1,1,19426
1,1,19403
1,0,19119
1,1,19473
1,0,19446
1,1,19422
1,0,19020
1,1,18974
1,1,18929
1,1,19046
1,0,18914
1,0,19020
1,0,19006
1,1,19020
1,1,19031
1,1,19020
1,0,19154
1,1,19046
1,0,19020
1,0,19067
1,0,19154
1,0,18974
1,1,19426
1,1,19136
1,1,19053
1,1,18940
1,1,19518
1,0,19027
1,0,19403
1,0,08555
1,1,19128
1,1,19454
1,1,19067
1,1,19446
1,1,18938
1,0,19438
1,1,19038
1,0,19446
1,0,19475
1,1,18954
1,1,18966
1,0,19460
1,1,18951
1,1,19462
1,1,19403
1,0,18974
1,0,19438
1,1,19047
1,1,19027
1,0,18902
1,0,19027
1,1,19446
1,1,19401
1,1,19128
1,1,19465
1,1,19020
1,1,19438
1,1,19446
1,1,18910
1,0,19067
1,1,18925
1,0,18966
1,0,19056
1,0,19446
1,0,18901
1,1,18976
1,1,19006
1,0,18951
1,1,19460
1,0,19464
1,1,19525
1,0,19067
1,1,19001-4202
1,1,19047
1,1,19114
1,0,19012
1,1,18901
1,1,19525
1,1,19031
1,0,19067
1,0,19020
1,0,18938
1,0,18964
1,0,19030
1,1,19422
1,1,19438
1,1,18974
1,0,19426
1,0,19002
1,1,19406
1,0,18902
1,1,19446
1,1,19422
1,0,18914
1,0,19030
1,1,19067
1,1,19046
1,1,19040
1,0,19141
1,0,19090
1,1,19055
1,0,19067
1,0,19460
1,1,18951
1,1,19001
1,1,19038
1,1,19095
1,1,19473
1,0,19047
1,1,19403
1,1,19454
1,1,19002
1,0,19001
1,1,19438
1,1,19025
1,0,19460
1,0,19006
1,0,19002
1,1,18914
1,1,19002
1,0,19438
1,1,19438
1,0,19444
1,0,19136
1,0,19119
1,1,18914
1,0,19120
1,1,19020
1,0,19111
1,1,19426
1,1,18938
1,0,18969
1,1,18914
1,1,18974
1,0,18974
1,1,18976
1,0,19111
1,1,18976
1,1,19006
1,0,18902
1,1,19454
1,1,19002
1,1,19006
1,1,19446
1,1,19403
1,1,18976
1,0,18976
1,0,19047
1,0,18954
1,0,19518
1,1,19047
1,1,18914
1,1,19020
1,1,19460
1,0,19002
1,1,18914
1,1,18914
1,1,19144
1,1,19047
1,0,19140
1,1,19067
1,1,19462
1,1,18960
1,1,19047
1,0,19030
1,0,19135
1,0,19446
1,1,19403
1,0,18940
1,1,19047
1,1,19002
1,0,19446
1,0,19056
1,0,19438
1,0,19446
1,1,19020
1,1,18902
1,0,19446
1,1,18966
1,1,19027
1,0,18901
1,1,19038
1,1,19007
1,1,19462
1,0,19038
1,0,19444
1,0,19047
1,0,18954
1,1,19454
1,0,19446
1,1,19454
1,0,19067
1,0,19465
1,1,19468
1,1,19426
1,1,18966
1,1,19002
1,1,19422
1,0,19403
1,1,19046
1,0,18951
1,0,18977
1,0,19148
1,0,19030
1,1,19040
1,0,18902
1,0,18944
1,1,19465
1,1,18938
1,1,19031
1,1,19462
1,0,19044
1,0,18940
1,0,19460
1,1,18977
1,1,19460
1,1,18966
1,0,19067
1,1,19426
1,0,19067
1,1,19002
1,1,18944
1,1,19002
1,0,19075
1,0,19122
1,0,19046
1,0,19428
1,1,18964
1,0,19001
1,0,19044
1,0,19525
1,0,19044
1,1,18925
1,0,19067
1,1,19090
1,0,19116
1,1,19446
1,0,19124
1,1,18966
1,1,18966
1,0,18914
1,1,19403
1,0,19116
1,1,19446
1,0,19140
1,1,19115
1,1,19115
1,1,19047
1,0,18962
1,1,19034
1,1,18976
1,1,19403
1,0,19475
1,0,19134
1,0,18914
1,1,19038
1,0,19133
1,1,18914
1,0,19067
1,0,18974
1,1,19454
1,1,19422
1,1,19473
1,1,19454
1,1,19067
1,1,19454
1,1,19454
1,1,19116
1,1,19006
1,1,19056
1,1,19473
1,0,19130
1,1,19468
1,1,19444
1,1,19426
1,0,19426
1,0,19118
1,1,19406
1,0,19422
1,0,19440
1,1,19446
1,1,19525
1,0,19464
1,1,19462
1,0,19462
1,1,19454
1,0,19464
1,1,19046
1,1,19403
1,0,19124
1,1,19440
1,1,19020
1,1,19446
1,1,18951
1,1,19136
1,1,19426
1,1,19154
1,0,19468
1,1,18969
1,0,18974
1,1,19440
1,0,19147
1,1,19438
1,1,19401
1,1,18925
1,0,18938
1,1,18902
1,0,19054
1,1,19067
1,1,18914
1,1,18977
1,0,18940
1,0,19012
1,1,19002
1,1,19426
1,1,18929
1,0,19426
1,1,19422
1,1,19134
1,1,19438
1,1,19460
1,0,18951
1,1,19118
1,1,19115
1,1,19438
1,0,19525
1,0,19460
1,1,19460
1,1,19053
1,1,19020
1,1,19128
1,1,19440
1,0,19403
1,1,19040
1,0,19446
1,0,19406
1,1,18966
1,1,19440
1,1,18969
1,1,19116
1,1,18951
1,0,18974
1,0,19518
1,0,18964
1,0,18974
1,1,19075
1,0,19475
1,1,18929
1,0,19114
1,0,19067
1,1,18974
1,0,19525
1,1,19403
1,0,18966
1,0,19034
1,0,19111
1,1,19422
1,1,19067
1,1,19444
1,0,19012
1,1,19446
1,1,19034
1,1,19012
1,1,18977
1,1,19128
1,0,19067
1,0,19422
1,0,18960
1,1,19446
1,0,19040
1,1,19067
1,1,19468
1,1,18974
1,1,18969
1,0,19047
1,0,19473
1,0,18954
1,1,19025
1,0,19116
1,1,19426
1,0,19426
1,1,18954
1,0,19446
1,0,19468
1,1,19020
1,0,19006
1,0,19047
1,1,19406
1,1,19446
1,1,19067
1,0,19120
1,0,19454
1,1,19438
1,0,18901
1,0,19149
1,1,18944
1,0,19146
1,1,19438
1,0,19428
1,1,18966
1,1,18966
1,1,19054
1,1,19518
1,1,18966
1,1,19518
1,0,19428
1,1,19525
1,1,19002
1,0,18966
1,1,19025
1,1,18966
1,1,18976
1,0,19518
1,1,19040
1,0,19067
1,1,19403
1,1,19446
1,1,19454
1,1,19006
1,0,19440
1,0,19446
1,1,19403
1,0,18976
1,1,19446
1,1,18901
1,0,19518
1,0,19518
1,0,19040
1,1,19446
1,1,19422
1,1,19034
1,0,19465
1,1,19446
1,0,19001
1,1,19426
1,1,18974
1,1,18914
1,1,19403
1,0,18940
1,0,18951
1,0,18914
1,0,18940
1,0,19020
1,1,19056
1,1,18966
1,1,19401
1,1,19401
1,1,18947
1,1,19027
1,0,18974
1,1,18974
1,0,19116
1,1,19002
1,1,18944
1,0,19154
1,0,18940
1,0,19002
1,0,19006
1,1,19403
1,0,18944
1,1,19446
1,1,19067
1,1,18974
1,1,19002
1,1,19007
1,0,19046
1,1,19002
1,1,18976
1,0,19002
1,1,19426
1,1,19006
1,1,19446
1,0,18966
1,1,18940
1,0,18914
1,1,19012
1,1,18966
1,1,19067
1,0,19460
1,1,19446
1,0,19067
1,1,19454
1,1,19460
1,1,18917
1,0,19020
1,0,18940
1,1,19067
1,1,19067
1,1,19462
1,0,19115
1,1,19454
1,0,19057
1,1,19446
1,1,19465
1,0,19446
1,1,19438
1,1,18974
1,0,19020
1,0,19464
1,1,19462
1,0,18951
1,0,19040
1,0,19111
1,1,18951
1,0,18974
1,0,19067
1,1,19025
1,1,19149
1,1,19454
1,0,19460
1,1,19446
1,0,19001
1,1,18902
1,0,18976
1,1,19440
1,1,19046
1,1,19111
1,1,19067
1,1,18940
1,1,19115
1,1,19114
1,0,19067
1,0,19040
1,1,18954
1,1,19403
1,1,19464
1,1,19006
1,0,19403
1,0,19465
1,1,18914
1,1,19438
1,1,19426
1,1,18940
1,1,19067
1,1,19446
1,1,18938
1,1,19001
1,0,18976
1,1,19440
1,0,19446
1,0,19038
1,1,19454
1,1,18974
1,1,18938
1,1,19440
1,0,19006
1,0,19020
1,1,18976
1,1,19422
1,0,18966
1,0,19053
1,1,19438
1,0,18969
1,1,19454
1,1,19446
1,1,19027
1,0,19047
1,1,18914
1,0,19154
1,1,19446
1,0,19150
1,0,19054
1,0,18901
1,0,19428
1,1,19044
1,0,19403
1,1,18966
1,1,19001
1,1,19422
1,0,19454
1,0,18954
1,0,18901
1,1,19116
1,0,19473
1,0,18938
1,0,19149
1,1,18974
1,1,19422
1,1,19021
1,0,19038
1,0,19426
1,0,18969
1,1,19460
1,1,18954
1,1,19446
1,0,19075
1,1,19464
1,0,19446
1,0,18966
1,1,18960
1,0,19038
1,1,19462
1,1,19460
1,1,19120
1,1,19426
1,1,18944
1,0,19426
1,1,19437
1,1,19454
1,1,19031
1,1,18914
1,0,19047
1,1,18929
1,1,19057
1,0,19030
1,1,19020
1,1,19047
1,1,19454
1,1,19116
1,1,19518
1,0,19446
1,1,19460
1,0,19053
1,1,19444
1,1,19454
1,1,19454
1,1,19053
1,1,19114
1,0,18966
1,0,19075
1,1,19468
1,0,19426
1,1,19406
1,1,19426
1,0,19426
1,0,19406
1,1,19040
1,0,19462
1,1,19067
1,0,18940
1,1,19446
1,0,18938
1,0,19044
1,1,19454
1,1,19464
1,0,19468
1,1,19034
1,1,19518
1,1,19403
1,0,18914
1,0,19406
1,1,19067
1,0,19006
1,1,19464
1,1,19518
1,1,18902
1,0,19454
1,0,18944
1,0,19525
1,1,19067
1,0,19046
1,1,19053
1,1,19012
1,0,18966
1,1,18954
1,0,18974
1,0,19446
1,0,19401
1,0,19138
1,1,18974
1,0,19056
1,1,19454
1,1,18914
1,0,19053
1,1,18944
1,1,19454
1,0,18976
1,1,19119
1,0,19403
1,1,19002
1,0,19034
1,0,19047
1,1,18944
1,1,19473
1,1,18964
1,1,19454
1,1,19111
1,0,18976
1,0,19473
1,0,19525
1,1,19426
1,0,18951
1,0,18966
1,0,19150
1,1,18942
1,0,19406
1,0,19401
1,1,18940
1,1,18902
1,0,19454
1,1,18966
1,0,19422
1,1,19126
1,1,19118
1,0,19440
1,0,19426
1,1,19067
1,1,18914
1,1,19525
1,1,19446
1,1,19124
1,0,18966
1,1,18940
1,1,18976
1,1,19440
1,1,19030
1,0,18960
1,0,19128
1,0,19138
1,0,19002
1,0,19053
1,0,18974
1,0,19132
1,0,19044
1,1,19116
1,1,19114
1,1,19115
1,1,18938
1,1,19438
1,0,19116
1,1,19054
1,0,19401
1,1,19047
1,0,19115
1,0,18974
1,0,19053
1,0,18966
1,0,18901
1,1,18964
1,1,19446
1,0,18940
1,1,19038
1,0,19464
1,0,19057
1,1,18902
1,1,18966
1,1,19006
1,1,18974
1,1,19055
1,1,18974
1,1,19053
1,1,19525
1,1,19115
1,1,19468
1,0,18966
1,1,18960
1,0,18954
1,0,18938
1,1,19001
1,1,18929
1,0,19426
1,1,19054
1,1,18966
1,1,19473
1,1,19002
1,0,19012
1,1,19525
1,1,19464
1,0,19031
1,1,19067
1,0,18901
1,1,19403
1,0,18951
1,1,18902
1,1,19034
1,1,18944
1,0,19440
1,0,19002
1,0,19118
1,1,19440
1,1,19454
1,0,19468
1,1,19047
1,0,19144
1,1,19002
1,1,19047
1,1,19444
1,1,19040
1,1,19154
1,1,19525
1,1,18901
1,1,19012
1,1,18938
1,1,19115
1,1,19438
1,1,19001
1,1,19046
1,1,19047
1,0,19403
1,1,19406
1,0,19468
1,1,18914
1,0,19120
1,1,19438
1,1,19438
1,1,19440
1,0,19403
1,1,18940
1,1,19002
1,1,19002
1,1,19128
1,0,19468
1,1,19002
1,0,18960
1,0,19002
1,1,19422
1,1,19002
1,0,19067
1,1,19095
1,0,19047
1,0,19111
1,0,19525
1,0,19446
1,1,18940
1,1,19025
1,1,19440
1,1,19067
1,0,19020
1,1,18940
1,1,19438
1,0,19422
1,1,19047
1,0,19057
1,1,19426
1,1,19020
1,1,19403
1,1,19055
1,1,19020
1,0,18974
1,1,18914
1,1,19446
1,0,19525
1,1,18940
1,0,19149
1,1,19067
1,1,19020
1,1,18964
1,1,19460
1,1,19438
1,0,18954
1,1,19006
1,1,19428
1,1,19446
1,1,19034
1,1,19067
1,1,19406
1,1,18974
1,0,18974
1,0,19124
1,1,19446
1,0,19454
1,1,18954
1,0,19133
1,0,19053
1,0,19067
1,1,18976
1,0,19007
1,1,19007
1,1,19438
1,1,19075
1,1,19468
1,1,19454
1,1,19426
1,1,19114
1,1,19031
1,0,19020
1,0,19053
1,1,19002
1,0,18976
1,0,19067
1,0,18914
1,1,18074
1,0,19152
1,1,18929
1,0,19454
1,1,18974
1,1,18902
1,1,19128
1,1,19446
1,1,18940
1,0,18944
1,0,18914
1,1,19141
1,1,19446
1,1,19002
1,0,19055
1,0,19129
1,1,18938
1,0,19525
1,1,18974
1,0,19460
1,1,18976
1,0,18944
1,1,19446
1,0,19053
1,0,19055
1,1,19044
1,0,19464
1,0,19067
1,0,19460
1,1,19446
1,0,19044
1,0,19047
1,1,19403
1,1,19040
1,1,19525
1,0,18938
1,1,18938
1,1,19403
1,0,19468
1,1,18954
1,1,18969
1,0,19454
1,1,18964
1,0,19002
1,1,18960
1,0,19473
1,0,19111
1,1,19473
1,0,18954
1,1,19403
1,1,19020
1,1,19025
1,0,19518
1,1,19116
1,0,19027
1,1,18974
1,0,19002
1,1,19518
1,1,18969
1,1,19444
1,1,19426
1,0,19426
1,1,19006
1,1,19473
1,0,19403
1,1,18901
1,1,19116
1,1,18966
1,1,19468
1,0,19027
1,0,19124
1,1,19006
1,0,18951
1,0,19067
1,1,18940
1,1,19067
1,1,19034
1,1,18940
1,0,19057
1,0,19465
1,1,19468
1,1,19067
1,0,19040
1,0,19067
1,0,19030
1,1,19446
1,0,19053
1,1,19518
1,0,19046
1,0,19057
1,1,18914
1,1,19047
1,1,19438
1,1,18951
1,0,19067
1,0,18938
1,0,19020
1,1,18977
1,0,19465
1,0,18966
1,0,19403
1,0,18901
1,0,19058
1,1,19002
1,1,19025
1,1,19055
1,1,19438
1,0,19454
1,0,19047
1,1,19046
1,0,18976
1,1,18938
1,1,19038
1,0,19056
1,0,19460
1,0,19446
1,1,19067
1,1,19128
1,0,19145
1,0,19406
1,1,19440
1,1,18974
1,1,19111
1,1,18966
1,0,18940
1,1,18914
1,1,19067
1,0,18938
1,1,19067
1,0,19428
1,0,19012
1,1,19034
1,1,19002
1,0,19460
1,0,19462
1,0,19040
1,0,19038
1,1,19056
1,1,19446
1,1,18977
1,0,19518
1,1,18914
1,1,19020
1,0,19454
1,0,19149
1,1,19115
1,1,19067
1,0,19054
1,1,19020
1,1,18976
1,1,19056
1,1,18938
1,1,19403
1,1,19462
1,1,19403
1,1,19444
1,1,19518
1,1,18976
1,1,19403
1,0,19426
1,1,19401
1,0,19030
1,0,19053
1,1,19027
1,0,19138
1,1,19446
1,1,18929
1,0,19006
1,1,19438
1,1,18966
1,0,19401
1,1,19038
1,0,18914
1,0,19406
1,1,18966
1,0,18901
1,0,19475
1,0,19134
1,1,19446
1,0,19031
1,1,18914
1,1,19002
1,0,19152
1,0,19055
1,1,19053
1,1,19440
1,1,19440
1,0,19446
1,0,19067
1,1,19053
1,1,18938
1,1,18938
1,0,19030
1,1,18977
1,1,19464
1,1,18974
1,0,19006
1,1,19034
1,1,18966
1,0,18966
1,0,19047
1,0,19067
1,1,19114
1,1,19119
1,0,18938
1,1,19067
1,1,19454
1,0,19403
1,0,19027
1,1,18902
1,0,19464
1,1,18940
1,1,19426
1,0,18976
1,1,19020
1,1,19446
1,1,18929
1,1,19525
1,0,19057
1,1,19128
1,1,19007
1,1,19446
1,1,19422
1,1,19440
1,1,19020
1,1,18944
1,1,19025
1,0,19406
1,1,19446
1,1,19403
1,1,18901
1,1,18966
1,0,19047
1,1,19067
1,1,18951
1,1,19438
1,0,19038
1,1,19027
1,1,19462
1,0,19116
1,0,19426
1,1,18902
1,0,19067
1,0,19446
1,0,19111
1,1,19464
1,1,19067
1,1,19440
1,1,18976
1,0,19468
1,0,19446
1,0,19422
1,0,19152
1,1,19438
1,1,18960
1,1,18974
1,1,19426
1,0,19401
1,1,19454
1,0,19067
1,0,18901
1,1,19468
1,1,19518
1,0,19460
1,1,19426
1,0,19057
1,1,19002
1,0,19067
1,1,19468
1,0,19067
1,0,19438
1,1,19518
1,0,19464
1,0,19454
1,0,19040
1,1,19038
1,1,19462
1,0,19446
1,0,19002
1,1,19067
1,0,19047
1,1,19038
1,1,19040
1,1,19473
1,1,19438
1,0,18954
1,1,19057
1,1,19473
1,1,18966
1,0,19124
1,1,19002
1,1,19403
1,1,18951
1,0,19002
1,0,18925
1,1,19025
1,1,18966
1,0,19403
1,1,18940
1,0,19053
1,1,18902
1,1,19044
1,0,19446
1,1,19468
1,1,19116
1,1,18929
1,0,18964
1,1,18940
1,1,19446
1,1,18976
1,0,19012
1,1,19047
1,1,19067
1,1,19020
1,0,19044
1,0,19067
1,0,19464
1,0,18914
1,1,19006
1,1,19002
1,1,19406
1,0,19525
1,0,19053
1,1,18976
1,1,19054
1,0,19464
1,1,19020
1,1,18976
1,1,19468
1,0,19446
1,1,19446
1,1,19038
1,0,18940
1,1,19438
1,0,18974
1,0,19020
1,0,19406
1,1,19027
1,1,19444
1,1,18914
1,1,19438
1,1,18966
1,0,19038
1,1,19044
1,0,19027
1,1,18954
1,1,19027
1,1,19002
1,1,19038
1,0,18902
1,1,18940
1,1,19438
1,0,19030
1,0,18940
1,0,19525
1,1,19462
1,0,19468
1,0,19002
1,0,19020
1,1,19406
1,0,18966
1,0,18951
1,0,18966
1,1,19446
1,1,19067
1,1,19057
1,0,19403
1,1,19446
1,1,19403
1,0,19446
1,0,18954
1,0,19053
1,0,18966
1,1,19150
1,1,19047
1,0,19047
1,1,18974
1,0,18974
1,0,19426
1,1,18951
1,0,19012
1,0,18974
1,1,18944
1,1,19053
1,0,19405
1,1,19454
1,0,19403
1,1,19115
1,1,18976
1,0,19040
1,1,18914
1,0,19135
1,1,19518
1,1,19154
1,1,18954
1,0,19020
1,1,19401
1,0,19403
1,1,19020
1,1,19115
1,1,19525
1,1,18917
1,0,19460
1,1,19464
1,0,19460
1,0,19401
1,1,18976
1,1,19403
1,1,19403
1,1,19454
1,1,19446
1,0,19460
1,1,19401
1,1,19006
1,0,18974
1,0,19095
1,0,19518
1,0,18929
1,0,19473
1,0,19454
1,0,18901
1,0,19490
1,0,19422
1,1,19046
1,1,19440
1,0,19053
1,0,18944
1,0,19115
1,1,19446
1,1,19027
1,1,19047
1,1,19426
1,1,18954
1,0,19460
1,1,19126
1,1,19438
1,1,19454
1,1,19406
1,1,19040
1,0,19152
1,1,19002
1,0,19002
1,0,19401
1,1,19525
1,0,19040
1,0,19138
1,1,19446
1,1,19047
1,0,19446
1,1,18940
1,0,19460
1,0,18966
1,1,19403
1,0,19465
1,1,19454
1,0,19040
1,1,19454
1,0,19044
1,0,19114
1,0,19111
1,1,18925
1,1,18954
1,1,19053
1,0,19446
1,0,19020
1,0,19120
1,0,18914
1,1,19006
1,1,18940
1,0,19040
1,0,19150
1,0,18914
1,1,18914
1,0,19055
1,0,19012
1,1,18969
1,1,19446
1,1,19006
1,0,19055
1,0,18940
1,1,19422
1,0,18954
1,1,19002
1,0,19001
1,1,18938
1,0,19473
1,0,19111
1,0,18977
1,0,19454
1,1,19525
1,1,18942
1,1,19047
1,1,18940
1,0,19426
1,1,19525
1,0,19401
1,0,18969
1,1,19047
1,1,19067
1,1,19492
1,1,19473
1,1,19454
1,0,19422
1,0,19135
1,0,19125
1,0,19136
1,0,19047
1,1,19454
1,1,19446
1,1,19446
1,0,18902
1,0,18964
1,1,18966
1,0,18914
1,0,19128
1,1,19525
1,0,19067
1,0,19438
1,0,19454
1,1,19422
1,1,19128
1,1,18901
1,0,19474
1,1,18914
1,1,19002
1,0,19464
1,0,19006
1,1,18914
1,0,19148
1,0,18974
1,1,19047
1,0,19462
1,0,19132
1,1,18976
1,1,19040
1,0,19124
1,0,19067
1,0,19047
1,0,19462
1,1,18902
1,1,18976
1,1,19426
1,0,19518
1,0,19067
1,1,19038
1,0,18902
1,0,18947
1,0,19115
1,0,19067
1,1,19012
1,1,18976
1,1,19115
1,1,19518
1,0,18976
1,1,19446
1,1,19020
1,0,19047
1,1,19446
1,1,19114
1,1,19002
1,1,18914
1,0,19152
1,1,19446
1,0,18960
1,1,19020
1,1,18940
1,0,18940
1,1,19426
1,1,18976
1,1,19422
1,1,19460
1,0,18966
1,1,19020
1,1,19406
1,0,19025
1,1,19067
1,0,19462
1,1,18947
1,1,19002
1,1,18940
1,0,19140
1,1,19446
1,0,19454
1,1,19464
1,0,18929
1,0,19111
1,1,19440
1,1,18974
1,0,19047
1,1,19034
1,1,19426
1,0,19446
1,0,19067
1,1,19020
1,0,19490
1,0,19053
1,1,19446
1,1,19446
1,1,19406
1,0,18074
1,1,18964
1,1,19067
1,0,19056
1,1,18929
1,1,19446
1,1,19518
1,0,19129
1,1,18940
1,0,19044
1,1,19440
1,1,19027
1,1,18901
1,1,19038
1,0,19124
1,1,19446
1,0,18974
1,0,19132
1,0,19030
1,0,19115
1,0,19115
1,1,18074
1,0,19046
1,0,19030
1,1,19053
1,0,19047
1,1,19040
1,0,18976
1,1,19047
1,1,19525
1,0,18940
1,0,19464
1,0,19116
1,1,19006
1,0,19038
1,0,18974
1,0,18974
1,1,19468
1,1,19027
1,1,19435
1,1,19040
1,0,19120
1,0,19150
1,0,19047
1,1,18914
1,1,19095
1,1,18929
1,0,19525
1,0,18901
1,1,18960
1,0,19067
1,0,18938
1,1,19020
1,0,19075
1,1,19020
1,0,19053
1,1,19426
1,1,19438
1,1,18929
1,1,19406
1,1,18902
1,1,19440
1,1,19446
1,1,18925
1,0,19126
1,0,19031
1,1,18914
1,1,18944
1,0,18964
1,1,19440
1,1,19403
1,0,19401
1,1,18974
1,1,19053
1,0,19034
1,1,19403
1,1,19025
1,1,19403
1,0,19144
1,0,19116
1,0,19440
1,0,19525
1,0,19446
1,1,18976
1,1,19040
1,1,19440
1,1,19403
1,1,19438
1,0,19525
1,0,19067
1,0,19020
1,0,18951
1,1,19454
1,0,18944
1,1,19053
1,1,18966
1,1,19422
1,1,18974
1,0,19038
1,1,18940
1,1,19446
1,1,19473
1,0,19020
1,1,19020
1,0,19095
1,0,18966
1,1,18976
1,0,19020
1,1,18902
1,0,19446
1,1,19034
1,1,19040
1,1,19426
1,1,19440
1,1,19128
1,1,19053
1,0,19067
1,1,19115
1,1,19462
1,1,19403
1,0,19525
1,1,19047
1,1,19047
1,0,18901
1,1,18960
1,0,19027
1,1,18940
1,1,18951
1,1,19116
1,0,19454
1,1,19056
1,0,19401
1,0,19006
1,1,19006
1,1,18940
1,0,19446
1,0,19001
1,1,19067
1,1,19067
1,1,19403
1,1,19053
1,0,19446
1,0,19473
1,0,19444
1,1,19044
1,0,19518
1,1,19403
1,1,19440
1,0,19428
1,1,18940
1,1,18976
1,1,19403
1,1,18960
1,1,18974
1,1,18966
1,1,19468
1,1,19454
1,0,19135
1,1,19067
1,1,19446
1,0,18974
1,0,18944
1,1,19426
1,0,18960
1,0,19138
1,1,19027
1,0,19047
1,0,18902
1,0,19111
1,0,19460
1,0,19057
1,1,19403
1,0,19067
1,0,18966
1,0,19047
1,0,19464
1,0,18954
1,0,19426
1,1,19006
1,1,19090
1,0,19460
1,0,19115
1,1,18966
1,1,19040
1,1,18974
1,1,19006
1,1,19446
1,1,19115
1,1,19446
1,1,19111
1,1,18954
1,0,19067
1,1,19075
1,0,19150
1,0,19446
1,0,18901
1,1,19138
1,1,18977
1,1,19020
1,0,19154
1,0,19460
1,1,18974
1,0,18940
1,1,19422
1,0,19145
1,1,18954
1,0,19518
1,1,19403
1,1,19067
1,0,19465
1,1,19426
1,1,19067
1,0,18974
1,1,19040
1,0,19460
1,0,18940
1,1,19426
1,1,19446
1,1,18964
1,1,18974
1,1,18969
1,1,19406-2550
1,0,19054
1,0,19446
1,0,19040
1,0,19038
1,1,19422
1,0,19126
1,1,19067
1,0,18944
1,0,19006
1,0,19030
1,0,19007
1,0,18944
1,1,18929
1,0,19047
1,1,19126
1,1,19477
1,0,19056
1,1,19454
1,0,19406
1,1,18929
1,0,19002
1,0,19454
1,0,18974
1,0,19145
1,0,19054
1,1,19460
1,1,19002
1,1,18974
1,1,18940
1,1,19115
1,1,19115
1,1,19446
1,1,19454
1,0,19426
1,0,19403
1,1,19438
1,1,19067
1,1,19406-3635
1,0,19120
1,0,19468
1,0,19518
1,0,19115
1,0,19422
1,0,19440
1,1,19462
1,1,19403
1,1,18951
1,1,19053
1,1,19006
1,1,19465
1,1,19468
1,0,19020
1,0,19460
1,1,19020
1,1,19067
1,0,19095
1,0,19006
1,1,19034
1,1,19403
1,1,19002
1,1,19446
1,1,18976
1,0,19475
1,1,18974
1,1,18976
1,0,18902
1,1,19440
1,0,19056
1,1,19001
1,1,19525
1,1,19020
1,0,19465
1,0,18966
1,1,19403
1,0,19460
1,0,19034
1,0,19145
1,1,18951
1,1,18938
1,0,19462
1,0,18944
1,1,19518
1,0,19438
1,1,19446
1,0,19128
1,1,19067
1,1,19056
1,1,19046
1,1,18954
1,0,19001
1,0,19468
1,0,19446
1,1,18976
1,0,19440
1,0,18969
1,1,19454
1,1,18974
1,1,19067
1,1,19460
1,0,19525
1,1,19440
1,1,19426
1,1,19067
1,0,19518
1,0,19044
1,0,18938
1,1,19020
1,0,19525
1,1,19012
1,1,19145
1,0,19426
1,1,18976
1,0,19118
1,0,19006
1,0,19440
1,1,18974
1,1,19067
1,1,18964
1,1,19468
1,0,19053
1,1,19002
1,0,19454
1,0,19067
1,1,18974
1,0,19446
1,0,19128
1,0,19124
1,1,19056
1,1,19446
1,1,19446
1,0,19021
1,1,19446
1,1,19464
1,1,19403
1,0,19124
1,1,19030
1,1,19006
1,0,18940
1,1,19044
1,1,19012
1,0,18074
1,1,18964
1,0,19440
1,1,19046
1,1,19090
1,1,18074
1,1,19027
1,1,18954
1,0,19426
1,1,19006
1,0,19067
1,1,18929
1,0,18914
1,1,19426
1,0,18974
1,0,19446
1,0,18902
1,1,19067
1,1,19454
1,1,19426
1,0,19002
1,0,18969
1,0,19001
1,1,19047
1,0,19446
1,0,19438
1,1,19067
1,1,19020
1,1,19473
1,0,18940
1,1,19518
1,1,19006
1,1,19438
1,1,18917
1,1,19006
1,0,19426
1,1,18974
1,0,19468
1,1,19053
1,0,18940
1,1,19067
1,0,19475
1,1,18940
1,0,18954
1,1,18954
1,1,19401
1,0,19422
1,0,19406
1,0,19403
1,0,19440
1,0,19149
1,1,18940
1,1,19446
1,1,19111
1,0,19468
1,0,19150
1,0,19067
1,1,18914
1,0,19428
1,0,19438
1,1,18954
1,1,18954
1,0,19464
1,0,19067
1,1,19020
1,1,19095
1,0,19444
1,1,18966
1,1,19454
1,1,19440
1,0,18913
1,0,19118
1,1,19027
1,1,19426
1,1,19426
1,1,19473
1,1,18974
1,1,18966
1,1,18938
1,0,18938
1,1,19406
1,0,18976
1,1,19401
1,1,19027
1,1,18951
1,1,19525
1,0,18966
1,0,19020
1,1,19047
1,1,19040
1,0,19047
1,1,18944
1,1,19095
1,1,19067
1,1,18914
1,0,19446
1,1,19446
1,0,19067
1,1,19426
1,0,19040
1,0,19426
1,1,19464
1,1,18969
1,1,19116
1,0,18954
1,0,19046
1,1,18976
1,0,19125
1,1,19055
1,1,19426
1,0,19428
1,1,19002
1,0,19115
1,1,19001
1,1,18901
1,1,19067
1,0,18938
1,0,18902
1,1,19067
1,0,19454
1,1,19090
1,1,19150
1,1,19090
1,0,19019
1,0,19454
1,0,19475
1,0,19401
1,1,18964
1,0,19067
1,1,19426
1,0,19444
1,0,19020
1,0,19038
1,1,19440
1,1,19446
1,1,18960
1,1,19054
1,0,19403
1,1,19462
1,0,19054
1,0,19046
1,1,19136
1,1,18954
1,0,19067
1,1,19446
1,1,19403
1,1,19438
1,1,19426
1,1,18940
1,0,18951
1,0,19044
1,1,18914
1,1,19067
1,0,19044
1,1,18966
1,1,18966
1,0,19460
1,1,18974
1,0,19020
1,1,19438
1,1,18901
1,1,19115
1,1,19446
1,0,18976
1,1,18974
1,1,19446
1,1,19053
1,1,19468
1,1,19518
1,0,19460
1,1,18942
1,1,19150
1,1,19468
1,1,19038
1,0,19067
1,0,19046
1,0,19465
1,0,18954
1,1,19034
1,1,18960
1,1,18974
1,1,18969
1,1,18901
1,1,18966
1,0,19007
1,0,18901
1,0,19075
1,0,19047
1,0,18966
1,1,19446
1,1,19460
1,0,19446
1,0,18914
1,0,19067
1,1,19128
1,0,19067
1,0,18966
1,1,19446
1,1,19067
1,1,18966
1,0,19518
1,1,19090
1,1,19150
1,1,18974
1,1,19038
1,0,19446
1,1,19047
1,0,19106
1,0,19454
1,1,19027
1,0,19124
1,1,19067
1,0,19464
1,1,18947
1,1,19067
1,1,19446
1,1,19446
1,1,19438
1,1,19067
1,1,18914
1,0,18902
1,1,19020
1,0,19422
1,1,19446
1,1,19464
1,1,19464
1,1,19006
1,0,19031
1,1,19440
1,0,19012
1,1,19067
1,1,19464
1,0,19111
1,1,19025
1,0,19031
1,0,19454
1,1,19040
1,1,18914
1,0,19473
1,1,18938
1,1,19454
1,1,19426
1,0,19002
1,1,19006
1,1,18976
1,0,19518
1,0,19426
1,0,18976
1,0,18944
1,1,19518
1,0,19119
1,0,19118
1,1,19446
1,1,18969
1,1,19446
1,1,19462
1,1,18938
1,1,19116
1,0,19462
1,1,19002
1,0,19025
1,0,19111
1,1,19053
1,0,19027
1,0,19403
1,0,19406
1,1,19454
1,1,19438
1,1,19403
1,1,18954
1,1,19047
1,1,19518
1,1,18974
1,1,18964
1,0,19149
1,1,19446
1,0,19020
1,0,19090
1,0,19116
1,0,18940
1,1,18940
1,1,18914
1,1,19020
1,1,18914
1,1,18964
1,1,19426
1,1,19006
1,0,19020
1,1,19438
1,1,19446
1,0,19144
1,1,19034
1,0,19006
1,0,18966
1,0,19403
1,1,19047
1,1,19067
1,0,19124
1,1,19475
1,1,18966
1,0,19426
1,1,19446
1,0,19027
1,0,19020
1,0,18964
1,1,19518
1,1,18940
1,0,19115
1,1,19406
1,0,19090
1,1,19428
1,0,19154
1,0,19438
1,1,18951
1,1,18974
1,1,19047
1,0,19401
1,1,19002
1,1,19006
1,1,19426
1,1,19027
1,1,18938
1,1,19438
1,1,19462
1,1,19440
1,0,18938
1,0,19430
1,1,18054
1,1,18914
1,1,18901
1,1,19446
1,1,18940
1,0,19120
1,0,19446
1,1,19115
1,1,18901
1,0,18914
1,1,19444
1,1,19006
1,1,19030
1,1,19438
1,1,19464
1,0,19426
1,0,18954
1,0,19111
1,0,18901
1,0,18974
1,1,19038
1,1,19518
1,1,19038
1,1,18976
1,0,18966
1,0,19038
1,1,19047
1,1,19525
1,0,19027
1,1,18938
1,0,19468
1,0,19044
1,1,19464
1,1,19428
1,1,19462
1,0,19401
1,1,19468
1,0,19137
1,1,19020
1,1,19454
1,1,19438
1,1,19047
1,1,18940
1,0,19525
1,1,18940
1,1,19406
1,1,19020
1,0,19403
1,0,19054
1,1,18966
1,1,19446
1,1,18940
1,0,19403
1,0,18925
1,1,19464
1,1,19067
1,1,19040
1,1,19067
1,1,19525
1,0,18974
1,0,19047
1,0,19067
1,1,19095
1,1,19426
1,1,19116
1,1,19149
1,1,18966
1,1,19002
1,1,19067
1,0,19111
1,0,19006
1,1,19440
1,1,19067
1,0,19138
1,0,19401
1,1,19406
1,0,19403
1,1,19440
1,1,18954
1,0,18954
1,0,18944
1,0,18974
1,0,19067
1,1,19067
1,0,18917
1,0,19454
1,0,19518
1,1,19462
1,0,19120
1,1,19426
1,0,18901
1,1,18947
1,0,19121
1,0,19468
1,1,18966
1,1,19116
1,1,18940
1,0,19046
1,0,18914
1,1,19044
1,0,19144
1,1,18954
1,1,18976
1,1,18940
1,1,19038
1,0,19422
1,0,19406
1,1,19006
1,1,18976
1,0,19114
1,1,19462
1,0,19438
1,1,19002
1,1,19440
1,1,19512
1,1,19426
1,0,19428
1,0,19053
1,0,19525
1,0,19002
1,1,19020
1,0,18966
1,1,18966
1,1,19518
1,0,18914
1,1,19115
1,1,19438
1,0,19133
1,0,18901
1,0,19468
1,1,18976
1,1,19518
1,1,19090
1,0,19006
1,0,19401
1,1,19090
1,1,19067
1,1,19020
1,1,18974
1,1,19454
1,1,19124
1,1,19115
1,1,19006
1,1,19446
1,1,19044
1,0,19038
1,0,19422
1,1,18966
1,1,19444
1,0,18966
1,0,19525
1,1,18976
1,1,18960
1,1,19426
1,0,19002
1,1,19006
1,1,18940
1,1,19468
1,1,19468
1,1,18938
1,1,18954
1,0,18914
1,1,18977
1,1,19025
1,0,19525
1,1,19067
1,0,19006
1,1,19426
1,1,19401
1,0,19020
1,0,19067
1,0,18969
1,1,19403
1,1,18977
1,0,18951
1,0,19002
1,1,19006
1,1,18976
1,0,19116
1,1,18951
1,0,19111
1,1,18938
1,0,19462
1,0,19460
1,0,19525
1,0,19440
1,0,18974
1,0,19140
1,0,19154
1,1,18940
1,1,19426
1,0,19067
1,0,19460
1,0,19067
1,1,19116
1,0,18902
1,1,19067
1,0,19446
1,0,18974
1,1,19454
1,0,19426
1,0,19038
1,0,19034
1,0,19002
1,1,19438
1,0,19067
1,1,18902
1,0,19426
1,1,19053
1,1,19525
1,1,19090
1,1,19473
1,1,18914
1,1,19115
1,1,19525
1,1,19152
1,1,18940
1,0,19006
1,1,19114
1,1,19067
1,0,19518
1,1,18974
1,0,19002
1,1,19438
1,1,19020
1,0,19473
1,0,19047
1,0,19446
1,0,19401
1,0,18966
1,1,19007
1,0,19150
1,1,19406
1,1,19111
1,1,19152
1,0,19115
1,1,18938
1,0,18938
1,0,19454
1,1,18940
1,1,18964
1,1,19446
1,0,19020
1,0,19144
1,1,19007
1,1,19020
1,1,19115
1,1,19067
1,1,18929
1,0,19464
1,1,18974
1,1,19067
1,0,19031
1,0,19406
1,1,19525
1,1,19446
1,1,18964
1,1,19440
1,1,19047
1,1,18969
1,0,18977
1,1,18966
1,1,19001
1,1,19473
1,1,19057
1,0,19020
1,1,18938
1,1,19446
1,0,18951
1,0,18964
1,1,19134
1,1,19047
1,1,18976
1,1,19406
1,0,19446
1,1,19044
1,1,18966
1,1,19124
1,1,18976
1,0,19465
1,1,18974
1,0,19438
1,0,19518
1,0,19044
1,1,19446
1,1,18974
1,0,19462
1,1,19426
1,0,19518
1,1,19038
1,1,19067
1,1,19025
1,0,18974
1,1,19438
1,1,19034
1,1,19462
1,0,19149
1,0,19426
1,1,18954
1,0,19464
1,0,19115
1,1,19047
1,1,19403
1,0,19145
1,1,19525
1,0,19446
1,1,19047
1,1,19002
1,1,19464
1,1,19518
1,1,18974
1,0,19130
1,0,19047
1,1,19401
1,0,18966
1,1,19001
1,1,19403
1,1,19053
1,0,18966
1,1,19438
1,0,19124
1,0,18974
1,1,19046
1,1,19128
1,0,19446
1,1,19438
1,0,19454
1,0,19403
1,1,19438
1,1,18976
1,1,18966
1,1,18954
1,1,18940
1,0,19111
1,0,19057
1,1,19446
1,1,18940
1,1,19473
1,1,18947
1,1,19025
1,1,19047
1,1,18917
1,1,19403
1,1,19428
1,0,18914
1,0,19038
1,1,19406
1,0,19464
1,0,19075
1,1,18969
1,1,19027
1,0,18940
1,0,19006
1,0,19129
1,1,19044
1,1,19446
1,0,18929
1,0,19027
1,0,19040
1,1,18969
1,0,19067
1,0,19038
1,0,18976
1,1,19025
1,0,18940
1,0,19006
1,0,19460
1,0,19435
1,0,19403
1,1,19426
1,1,19525
1,1,19047
1,0,19446
1,1,19027
1,0,19140
1,0,19020
1,1,19473
1,0,19141
1,0,19111
1,1,19115
1,0,19426
1,0,18940
1,1,19464
1,0,19021
1,1,19047
1,1,19454
1,0,19464
1,0,19075
1,1,18969
1,1,18976
1,0,18901
1,1,18974
1,1,18902
1,1,19006
1,1,19464
1,1,19454
1,1,19067
1,1,19460
1,0,18974
1,1,19426
1,1,18954
1,0,19002
1,0,19460
1,0,19438
1,0,19462
1,0,18940
1,1,19403
1,1,19067
1,1,19446
1,1,18969
1,0,19046
1,0,19428
1,0,19440
1,0,18940
1,1,19426
1,1,19020
1,0,19422
1,1,19454
1,1,18966
1,0,19128
1,1,19128
1,1,19462
1,1,18966
1,1,18966
1,0,18951
1,1,19473
1,0,19020
1,0,19468
1,0,19422
1,1,19040
1,1,19002
1,1,19067
1,1,18974
1,1,19067
1,1,19038
1,0,18940
1,0,19020
1,1,19067
1,1,19475
1,0,19462
1,1,19129
1,1,19518
1,0,19136
1,1,19067
1,1,19031
1,0,19034
1,1,19067
1,1,18960
1,1,19128
1,1,19006
1,0,18969
1,0,19446
1,0,19440
1,1,18940
1,1,19128
1,1,19473
1,1,19075
1,1,18976
1,0,19055
1,0,19044
1,0,19403
1,1,18940
1,1,19053
1,0,19006
1,1,19020
1,1,19446
1,1,19002
1,0,19020
1,0,18940
1,0,19038
1,1,18917
1,0,19115
1,0,19111
1,1,19047
1,0,18964
1,1,19460
1,1,19047
1,1,19002
1,1,19406
1,0,19464
1,0,19044
1,0,19090
1,1,18940
1,0,19020
1,1,19446
1,0,19053
1,1,19044
1,0,19027
1,1,19462
1,1,19020
1,1,19406
1,1,19034
1,1,19002
1,1,18940
1,1,18976
1,1,18976
1,1,18902
1,0,19140
1,1,19115
1,1,19121
1,0,19119
1,1,19460
1,1,19518
1,1,19426
1,0,19125
1,0,19428
1,1,19067
1,1,18914
1,0,18901
1,0,19446
1,0,19473
1,0,19403
1,0,19136
1,0,19067
1,1,18902
1,1,19126
1,1,19468
1,0,19152
1,1,19460
1,0,19002
1,0,19038
1,1,19047
1,0,19040
1,1,19403
1,1,19053
1,0,19114
1,0,19525
1,0,18966
1,0,18074
1,0,19002
1,0,19460
1,1,19067
1,0,19040
1,0,18901
1,1,19006
1,1,18969
1,1,18954
1,0,19128
1,0,19047
1,1,19006
1,1,19119
1,0,19136
1,1,19067
1,1,18977
1,0,19465
1,0,18914
1,0,19114
1,1,19067
1,1,19067
1,1,18954
1,1,19454
1,0,19054
1,0,19454
1,1,19403
1,1,19038
1,1,19002
1,1,19006
1,1,19462
1,1,19438
1,1,19025
1,1,19044
1,1,19454
1,1,19403
1,1,19446
1,0,19006
1,1,19053
1,0,19454
1,0,18947
1,1,19044
1,1,19464
1,1,19046
1,1,19403
1,1,19047
1,0,18914
1,0,19446
1,1,18901
1,1,19403
1,0,19030
1,1,19454
1,0,19053
1,0,19020
1,1,19031
1,1,19422
1,0,19140
1,1,19428
1,0,19446
1,1,18966
1,1,19115
1,1,19454
1,1,19067
1,1,19403
1,1,19047
1,1,19047
1,0,19136
1,0,19020
1,1,19053
1,0,19454
1,1,19007
1,0,19462
1,1,19034
1,1,19454
1,0,19446
1,1,19468
1,1,18976
1,1,19006
1,1,19406
1,1,18914
1,0,18914
1,0,19401
1,1,18974
1,0,19115
1,1,18969
1,0,19401
1,0,19446
1,0,19426
1,1,19053
1,1,19422
1,1,19426
1,1,18966
1,1,19067
1,1,18977
1,1,19446
1,1,19006
1,0,18964
1,1,18938
1,1,19047
1,1,19053
1,1,18976
1,0,19403
1,0,19120
1,1,19150
1,1,19020
1,1,19422
1,0,19525
1,0,18940
1,1,18914
1,0,19124
1,1,19027
1,1,18966
1,1,19012
1,1,19438
1,1,19090
1,1,18902
1,1,19047
1,0,19056
1,0,19121
1,1,19047
1,0,19406
1,0,18977
1,1,19040
1,1,19468
1,0,19044
1,0,18974
1,0,19030
1,0,19422
1,0,19040
1,1,19047
1,1,18974
1,1,18966
1,1,18966
1,1,19020
1,1,19047
1,1,19403
1,0,18976
1,1,18914
1,1,19518
1,1,19460
1,0,19001
1,0,18976
1,0,19140
1,0,19426
1,1,18969
1,0,19054
1,1,19464
1,1,19027
1,1,19006
1,0,19106
1,0,18974
1,1,19002
1,1,18944
1,0,18960
1,1,19426
1,0,19460
1,1,19111
1,1,18914
1,1,19002
1,1,19518
1,0,19454
1,0,19130
1,1,19426
1,0,19473
1,1,18914
1,0,19119
1,1,19462
1,1,18942
1,1,18966
1,0,19044
1,0,19454
1,1,19002
1,1,19446
1,1,19454
1,1,18902
1,1,19002
1,1,19403
1,1,19154
1,0,19446
1,0,18902
1,0,19090
1,1,19454
1,0,19475
1,1,19114
1,0,19464
1,1,18954
1,0,19525
1,1,19002
1,1,19454
1,1,19403
1,0,19138
1,0,19116
1,1,18914
1,1,18976
1,0,18940
1,1,19116
1,1,18974
1,0,19141
1,1,19422
1,0,19044
1,1,19525
1,0,18938
1,1,19518
1,1,18902
1,1,18901
1,1,19525
1,0,19403
1,0,19473
1,1,19403
1,1,19053
1,1,18901
1,1,19406
1,1,19440
1,0,19518
1,1,19454
1,0,19020
1,1,18942
1,1,19111
1,1,19401
1,1,19047
1,0,19446
1,1,18932
1,0,18914
1,1,19030
1,0,19464
1,1,18929
1,1,18976
1,0,19154
1,1,18901
1,1,19038
1,0,19446
1,0,19525
1,0,19001
1,1,19444
1,0,18954
1,1,18954
1,1,18940
1,1,19406
1,0,19111
1,0,19438
1,1,19027
1,1,19027
1,0,19464
1,1,19044
1,1,18954
1,1,19446
1,0,19053
1,0,19001
1,0,19422
1,0,18954
1,1,19006
1,0,19054
1,1,18951
1,1,19462
1,0,19006
1,1,19403
1,1,19053
1,1,18966
1,1,19002
1,1,19426
1,1,19446
1,0,18938
1,1,18976
1,0,19446
1,0,19056
1,1,18964
1,1,19056
1,0,18944
1,1,18947
1,1,19525
1,0,19067
1,1,19446
1,1,18902
1,1,19002
1,1,19047
1,1,19426
1,1,18914
1,1,18901
1,1,18976
1,1,19027
1,1,19462
1,1,19422
1,0,19044
1,1,18974
1,1,19446
1,1,19119
1,1,19403
1,1,19446
1,0,18954
1,0,18966
1,1,19446
1,1,18940
1,0,18901
1,0,19465
1,0,19047
1,1,19001
1,1,18966
1,1,19047
1,1,19038
1,0,18974
1,1,19046
1,1,19440
1,1,19012
1,1,18966
1,1,18914
1,1,18966
1,1,19446
1,1,19012
1,0,19426
1,1,19067
1,1,19002
1,1,19067
1,0,18974
1,1,19446
1,1,18944
1,1,19446
1,0,19114
1,0,19428
1,1,19525
1,0,18974
1,1,19426
1,1,19030
1,0,18902
1,0,19067
1,1,19438
1,1,19473
1,1,19462
1,0,19053
1,0,19401
1,1,19053
1,0,19525
1,1,19025
1,1,19518
1,1,19053
1,1,19403
1,1,18929
1,1,19047
1,0,19440
1,0,18942
1,1,19426
1,1,19115
1,0,19047
1,1,19426
1,0,19116
1,1,19464
1,0,19001
1,1,19116
1,1,19067
1,0,19446
1,1,19406
1,1,19114
1,1,19403
1,1,19464
1,1,19012
1,1,19047
1,1,19460
1,1,19525
1,0,19044
1,0,18974
1,1,19454
1,0,19403
1,1,19426
1,0,19067
1,0,19116
1,1,19020
1,1,18074
1,1,19446
1,0,19047
1,0,18974
1,0,18940
1,1,19525
1,0,18947
1,1,18947
1,1,19454
1,1,19438
1,1,18969
1,1,19038
1,0,19132
1,1,19154
1,1,18974
1,0,19428
1,1,19460
1,0,19044
1,1,19067
1,1,18976
1,1,19525
1,1,19046
1,1,19406
1,1,19454
1,1,18951
1,0,19067
1,1,19020
1,1,19525
1,1,18940
1,1,18954
1,1,19067
1,0,19053
1,0,19090
1,1,18976
1,0,19446
1,1,19525
1,1,19056
1,1,18901
1,1,19047
1,0,19044
1,0,19426
1,0,19464
1,0,19038
1,1,19406
1,1,19020
1,0,19007
1,0,19067
1,1,18966
1,0,19473
1,1,19150
1,0,18966
1,1,18902
1,1,19525
1,0,19454
1,0,19124
1,1,19038
1,0,19403
1,1,19444
1,0,19067
1,0,19475
1,1,19124
1,1,19020
1,0,19422
1,0,19426
1,0,19053
1,1,19044
1,0,18914
1,1,19067
1,0,19518
1,1,18914
1,0,18966
1,1,19002
1,1,19152
1,1,19002
1,1,18974
1,1,19438
1,1,19446
1,1,19152
1,0,19054
1,0,19438
1,0,19047
1,0,19057
1,1,19438
1,0,19141
1,1,19446
1,1,19057
1,0,19054
1,0,19001
1,1,18974
1,0,19134
1,1,18966
1,0,19001
1,1,19124
1,0,19468
1,0,19067
1,1,19067
1,0,19446
1,1,19119
1,1,19426
1,1,19056
1,1,18947
1,1,19440
1,1,19518
1,1,19002
1,1,19067
1,0,19030
1,1,19006
1,1,19067
1,1,18914
1,1,19056
1,0,19135
1,1,19426
1,0,19053
1,0,19067
1,0,19440
1,0,19403
1,1,19038
1,0,19120
1,0,19403
1,1,19067
1,0,19126
1,0,18914
1,1,19128
1,0,18940
1,1,18942
1,0,19020
1,1,18974
1,0,18940
1,1,19444
1,0,19518
1,0,19518
1,0,18947
1,1,19020
1,0,19446
1,1,18966
1,1,18914
1,1,19115
1,0,18944
1,0,19030
1,1,19020
1,1,18074
1,0,19437
1,1,18966
1,0,18974
1,0,19006
1,0,18914
1,1,19422
1,1,19454
1,1,19067
1,0,19405
1,1,19446
1,0,19477
1,1,19030
1,0,18940
1,1,18914
1,0,18947
1,0,19154
1,0,19027
1,0,19001
1,1,19020
1,1,19422
1,0,19067
1,0,18954
1,1,19464
1,1,19454
1,1,18977
1,1,19473
1,1,18951
1,1,19150
1,0,18964
1,0,19115
1,1,19090
1,0,19040
1,1,18944
1,1,19440
1,1,19030
1,0,19044
1,1,19518
1,0,19141
1,1,19067
1,1,19002
1,1,19422
1,1,19446
1,1,19446
1,1,19403
1,0,19124
1,1,19020
1,0,18966
1,1,19403
1,1,19001
1,1,19021
1,1,19012
1,0,19406
1,1,19152
1,1,19401
1,1,19040
1,1,18966
1,1,18976
1,1,19438
1,1,19464
1,1,19067
1,1,19025
1,0,19136
1,1,19406
1,0,19454
1,0,19446
1,1,18966
1,1,19001
1,0,19428
1,0,19446
1,1,19446
1,0,19090
1,0,18966
1,0,19129
1,0,18929
1,0,19040
1,1,19518
1,1,18966
1,1,18901
1,0,19034
1,1,19121
1,1,18951
1,0,19002
1,0,18940
1,1,19090
1,0,18914
1,0,18951
1,1,18934
1,0,19150
1,1,19044
1,1,19446
1,1,18914
1,1,19454
1,0,19027
1,0,08110
1,1,19422
1,0,19454
1,1,18944
1,0,19422
1,0,18940
1,0,19525
1,1,18929
1,1,19518
1,1,18974
1,1,19128
1,0,19111
1,0,19067
1,1,19054
1,0,18901
1,0,18954
1,0,18902
1,0,19001
1,0,18954
1,0,19030
1,0,18929
1,1,19044
1,1,19006
1,1,18966
1,0,19144
1,1,19067
1,1,18966
1,1,19446
1,0,18925
1,0,19002
1,1,19067
1,0,19406
1,0,19067
1,0,19136
1,1,18914
1,0,19067
1,1,19075
1,1,19055
1,0,18954
1,1,19002
1,1,18901
1,1,19001
1,1,19454
1,1,19150
1,1,19047
1,1,18949
1,1,19460
1,0,18974
1,1,19118
1,1,19440
1,0,19462
1,0,18938
1,1,18966
1,1,18951
1,1,19426
1,1,19012
1,0,18951
1,1,19129
1,1,19426
1,1,18977
1,0,18938
1,1,19053
1,0,19454
1,1,19002
1,0,18969
1,0,19426
1,0,19454
1,1,19460
1,0,19446
1,1,18074
1,0,18960
1,0,19102
1,0,18974
1,0,18951
1,0,19038
1,0,18940
1,0,19422
1,1,19020
1,0,19468
1,0,19021
1,1,18966
1,0,18942
1,0,18966
1,1,19002
1,1,19020
1,1,19154
1,1,19027
1,1,19426
1,1,19426
1,1,19454
1,1,18966
1,1,19126
1,1,19440
1,0,19460
1,0,19446
1,1,19460
1,0,19020
1,1,18966
1,1,19002
1,1,19454
1,0,18966
1,1,18929
1,1,19454
1,0,19138
1,1,19444
1,1,19002
1,1,18966
1,0,19525
1,1,19446
1,1,19446
1,1,19403
1,0,19020
1,1,18966
1,0,19114
1,1,18974
1,0,18940
1,1,18951
1,1,19034-2813
1,0,19475
1,0,19120
1,0,18966
1,0,18976
1,1,19518
1,1,19446
1,1,18901
1,1,19055
1,1,19428
1,0,19095
1,1,19446
1,1,19040
1,0,19140
1,0,19475
1,0,19044
1,1,18901
1,0,18914
1,0,19426
1,1,19462
1,0,19067
1,1,18901
1,0,19047
1,1,19047
1,0,19027
1,0,19111
1,1,19403
1,0,18954
1,0,19438
1,1,19067
1,1,19403
1,1,19428
1,1,18974
1,0,19460
1,0,19006
1,1,19472
1,1,19454
1,1,19006
1,0,19462
1,1,18914
1,0,18940
1,1,19464
1,1,19046
1,0,18933
1,0,19403
1,0,19155
1,1,19406
1,0,19040
1,1,19464
1,1,19067
1,1,18940
1,1,18929
1,0,19401
1,0,19124
1,0,19473
1,1,18966
1,0,19438
1,0,19460
1,0,19115
1,0,19020
1,1,19002
1,0,19067
1,0,18966
1,1,19038
1,0,19438
1,1,19446
1,1,18954
1,0,19006
1,1,19095
1,0,19067
1,1,18951
1,1,18901
1,0,19154
1,1,19053
1,1,19446
1,1,19446
1,1,19518
1,0,19114
1,1,08902
1,0,07059
1,0,08809
1,0,08561
1,1,08502
1,1,07735
1,0,07001
1,1,08540
1,1,08840
1,1,08820
1,0,07059
1,0,07747
1,0,08550
1,0,08873
1,1,08822
1,1,08536
1,1,08820
1,1,07059
1,1,08502
1,0,08610
1,0,07920
1,1,08820
1,0,08901
1,0,08854
1,1,08816
1,0,08820
1,1,07067
1,1,07748
1,0,08889
1,0,07059
1,1,08816
1,1,07751
1,0,08807
1,0,08820
1,1,07747
1,1,08831
1,0,08844
1,1,08502
1,1,08844
1,1,08502
1,1,08690
1,1,07853
1,1,08540
1,0,08844
1,1,08807
1,0,08540
1,1,08869
1,0,08867
1,0,08863
1,1,08873
1,1,08882
1,1,07730
1,1,08690
1,0,08550
1,1,07735
1,0,07746
1,1,08902
1,1,08854
1,1,07924
1,1,08854
1,1,08884
1,0,08844
1,1,08844
1,1,07080
1,1,08844
1,0,08824
1,1,08816
1,1,07724
1,0,08831
1,0,07068
1,1,08857
1,1,08816
1,0,08857
1,1,08807
1,1,08857
1,0,07069
1,1,08820
1,1,08619
1,1,08807
1,1,08873
1,1,08502
1,1,07095
1,0,08844
1,0,07704
1,1,07924
1,1,08820
1,1,08559
1,1,08857
1,0,08610
1,1,08812
1,1,08844
1,0,08550
1,0,08844
1,0,08628
1,1,08540
1,1,08534
1,1,08807
1,1,08520
1,1,08807
1,0,08618
1,1,08804
1,0,08824
1,0,08820
1,1,08822
1,1,07934
1,0,08831
1,1,08865
1,0,08816
1,1,08826
1,1,07076
1,1,08820
1,1,08807
1,0,07069
1,1,08840
1,0,08648
1,0,08534
1,1,08854
1,1,08816
1,1,07081
1,1,07746
1,1,08831
1,1,08833
1,1,08540
1,1,08872
1,0,08830
1,1,08852
1,1,07023
1,0,08820
1,1,08831
1,0,08831
1,1,08854
1,0,07748
1,1,07751
1,1,08904
1,0,08857
1,0,08830
1,1,07751
1,1,08844
1,0,07746
1,0,08854
1,1,08902
1,1,08648
1,1,08872
1,1,08824
1,0,08648
1,0,07748
1,0,08869
1,0,07730
1,0,08820
1,1,07059
1,0,07008
1,1,08619
1,1,08857
1,1,08884
1,0,08540
1,0,08840
1,1,08872
1,1,07751
1,0,07080
1,0,08844
1,1,08807
1,1,07080
1,1,08882
1,1,08512
1,0,08844
1,1,08857
1,1,08820
1,0,08833
1,0,08816
1,0,08831
1,1,08560
1,1,08902
1,1,08691
1,0,08844
1,0,07069
1,0,08618
1,1,08863
1,1,08831
1,1,08559
1,1,07757
1,1,08872
1,1,07920
1,0,08876
1,1,08816
1,1,08827
1,0,08638
1,1,08857
1,1,08822
1,1,08807
1,1,08867
1,1,08820
1,0,08520
1,1,08628
1,0,07016
1,1,08691
1,0,08502
1,0,08628
1,1,08880
1,0,07748
1,1,08831
1,1,08857
1,1,08831
1,0,08830
1,0,07746
1,1,08844
1,1,08502
1,1,08550
1,1,08512
1,1,08857
1,1,08872
1,1,08810
1,0,08618
1,1,08854
1,1,08534
1,1,08873
1,1,08829
1,0,07960
1,0,08876
1,1,07740
1,0,08807
1,1,08844
1,1,08873
1,1,08859
1,0,07068
1,1,07730
1,1,07922
1,1,08502
1,1,08857
1,1,07751
1,1,08536
1,0,08817
1,1,07076
1,1,08844
1,1,07730
1,0,07067
1,0,07069
1,1,08618
1,1,08822
1,0,08859
1,0,08807
1,0,08816
1,0,08831
1,1,08817
1,0,08844
1,0,08889
1,0,08831
1,1,08873
1,1,08807
1,1,07067
1,1,07702
1,0,08648
1,0,07059
1,0,07063
1,1,07078
1,0,08831
1,1,08551
1,0,08619
1,0,08828
1,1,08502
1,0,08857
1,0,08820
1,1,08817
1,1,08816
1,1,08822
1,1,08638
1,0,08810
1,1,08534
1,0,08820
1,1,08520
1,1,08850
1,1,08850
1,0,08520
1,0,08836
1,1,08812
1,1,08844
1,0,08867
1,0,08846
1,0,08902
1,1,07701
1,0,08837
1,1,08502
1,1,08648
1,1,08835
1,1,07924
1,0,07748
1,1,08873
1,0,08536
1,0,08876
1,1,08550
1,1,08502
1,1,08816
1,1,08691
1,1,08844
1,1,08817
1,1,08801
1,1,07067
1,1,08648
1,1,07080
1,1,08536
1,1,08820
1,0,08857
1,1,08844
1,1,08536
1,1,08534
1,1,08560
1,0,07067
1,1,08873
1,1,08876
1,0,08857
1,0,08817
1,0,08831
1,0,07747
1,1,07059
1,0,08691
1,0,07751
1,1,08854
1,0,08857
1,1,08550
1,1,08619
1,0,07065
1,1,08820
1,1,08816
1,0,08873
1,0,08502
1,1,08833
1,1,08807
1,1,07853
1,1,08536-2325
1,0,08551
1,1,08857
1,1,08558
1,0,08812
1,0,08876
1,0,08840
1,0,07080
1,0,08861
1,0,08820
1,0,08540
1,1,07059
1,1,08550
1,1,08550
1,1,08829
1,0,08889
1,0,08873
1,1,07735
1,1,07747
1,1,07067
1,0,08820
1,0,08816
1,1,08857
1,0,07748
1,1,07059
1,1,08844
1,1,08857
1,0,08820
1,1,08831
1,1,08844
1,1,08857
1,1,08844
1,1,07059
1,1,07738
1,1,07747
1,0,08817
1,1,08902
1,1,08879
1,1,08807
1,1,08873
1,1,08558
1,1,08844
1,0,07702
1,1,08844
1,1,08872
1,0,08812
1,1,08540
1,1,08854
1,0,08807
1,1,08857
1,1,08876
1,0,07066
1,1,08844
1,1,08550
1,1,07066
1,1,08812
1,1,07747
1,1,08690
1,1,08558
1,1,08816
1,1,07748
1,1,08820
1,0,08902
1,0,08610
1,1,08820
1,1,07747
1,0,08844
1,1,08859
1,1,08691
1,1,08901
1,1,07059
1,1,08867
1,1,07920
1,1,07748
1,0,07095
1,1,08807
1,1,07735
1,0,08850
1,0,08550
1,0,08844
1,1,08820
1,1,08873
1,0,08816
1,1,08889
1,0,08884
1,1,07746
1,0,08534
1,0,07724
1,0,08610
1,1,07748
1,1,07922
1,1,08550
1,1,08559
1,0,08820
1,0,08502
1,1,07747
1,1,08831
1,1,08876
1,0,08610
1,1,08844
1,1,07722
1,0,08873
1,0,08691
1,1,08534
1,0,08840
1,1,08830
1,1,08530
1,1,08876
1,1,08884
1,0,07920
1,0,08820
1,1,07746
1,1,08902
1,0,08807
1,0,08807
1,1,08902
1,1,08831
1,1,08822
1,1,08857
1,1,08852
1,0,07751
1,0,07008
1,1,08525
1,1,08816
1,0,08619
1,0,08542
1,0,07062
1,1,08859
1,1,08844
1,1,08619
1,0,07747
1,0,08833
1,0,08833
1,1,08854
1,1,08502
1,1,08854
1,1,08628
1,0,08822
1,1,08550
1,0,08869
1,0,08844
1,0,08830
1,1,07066
1,1,08852
1,1,08844
1,1,08833
1,1,08550
1,0,08691
1,1,08520
1,0,07065
1,1,07724
1,1,08873
1,1,07016-2574
1,1,08536
1,1,07924
1,1,07751
1,1,08820
1,1,08822
1,0,08902
1,0,08690
1,0,08854
1,1,08807
1,1,08820
1,1,07060
1,1,08854
1,1,08844
1,0,08610
1,0,08837
1,1,08831
1,1,08691
1,1,07747
1,1,08820
1,1,08690
1,1,08619
1,1,08857
1,1,08502
1,0,07077
1,0,07080
1,1,08540
1,1,07747
1,1,07748
1,1,08502
1,0,08886
1,0,08619
1,1,08857
1,1,08876
1,1,08869
1,1,08852
1,1,07059
1,1,07059
1,1,08540
1,1,08822
1,0,08619
1,1,08831
1,0,07067
1,1,08852
1,1,08827
1,1,08873
1,1,08837
1,0,08520
1,0,07747
1,0,07023
1,1,07080
1,1,08844
1,1,08844
1,1,07059
1,1,08831
1,0,08502
1,1,08817
1,0,08610
1,0,07016
1,0,07060
1,1,07757
1,0,08520
1,1,08520
1,1,08854
1,1,08550
1,1,07016
1,1,07041
1,1,08690
1,0,08873
1,1,08844
1,1,08876
1,0,07730
1,1,08857
1,0,07080
1,1,07920
1,0,08609
1,1,08831
1,0,08691
1,1,08551
1,1,08824
1,1,08844
1,1,07747
1,0,07735
1,1,08816
1,0,07920
1,1,08820
1,1,08551
1,1,07095
1,0,07066
1,1,07746
1,0,08844
1,1,08810
1,0,07063
1,1,08540
1,0,07746
1,0,08536
1,1,08520
1,1,08812
1,1,08540
1,0,08558
1,1,08610
1,1,08807
1,1,08857
1,0,07080
1,0,08550
1,0,07066
1,0,08857
1,1,08852
1,0,08540
1,1,07059
1,0,08805
1,0,08816
1,0,08854
1,1,08857
1,1,07746
1,0,08540
1,1,08831
1,1,08807
1,0,08502
1,0,08629
1,1,08540
1,1,07076
1,1,08691
1,1,08820
1,0,08873
1,1,08872
1,1,07704
1,1,08852
1,1,08530
1,1,08822
1,0,07208
1,0,08817
1,1,07960
1,0,08876
1,1,08816
1,1,08520
1,0,08820
1,1,07748
1,0,07069
1,1,08831
1,0,08618
1,1,08810
1,0,07746
1,0,08844
1,1,08854
1,1,07748
1,1,07746
1,0,08558
1,1,07920
1,0,08850
1,1,08872
1,1,08551
1,0,08844
1,0,08822
1,0,08550
1,1,08558
1,1,08873
1,0,08854
1,0,08820
1,1,08520
1,1,07740
1,1,00857
1,1,07748
1,1,08816
1,1,08831
1,1,08824
1,1,08691
1,0,07974
1,0,08807
1,1,08648
1,0,08902
1,0,08540
1,1,08520
1,1,08558
1,1,08853
1,0,08820
1,0,08872
1,1,07008
1,1,08889
1,0,08857
1,1,08536
1,0,08827
1,1,08817
1,1,08558
1,0,08853
1,1,08872
1,1,08618
1,1,08857
1,1,08859
1,1,07751
1,1,08831
1,1,08816
1,0,08854
1,1,07080
1,1,08820
1,1,08889
1,1,08844
1,0,08801
1,1,07059
1,1,08865
1,0,08609
1,1,07701
1,1,08820
1,0,07882
1,1,08865
1,1,07746
1,1,08534
1,1,07722
1,0,08816
1,0,07751
1,0,08833
1,1,08820
1,1,08536
1,1,08824
1,0,08690
1,1,07001
1,0,08820
1,1,07069
1,1,08857
1,1,07059
1,1,08817
1,1,08807
1,0,08867
1,1,08540
1,0,08648
1,1,07746
1,0,07735
1,0,08852
1,1,08852
1,1,08820
1,0,08840
1,1,07931
1,0,08550
1,0,08536
1,0,08822
1,0,08844
1,1,08820
1,0,07080
1,0,08852
1,0,07066
1,1,08628
1,0,08831
1,1,08822
1,0,08902
1,1,08822
1,0,08873
1,1,08831
1,1,07746
1,1,07748
1,1,08816
1,1,08854
1,0,08820
1,1,08844
1,0,08816
1,1,08530
1,0,08902
1,1,08836
1,0,08817
1,0,08854
1,0,08865
1,0,08857
1,1,08550
1,1,08854
1,0,07069
1,0,07757
1,1,08889
1,0,08550
1,1,07758
1,1,08691
1,1,08550
1,0,07733
1,0,08873
1,0,07095
1,0,08512
1,1,08648
1,0,08865
1,1,08550
1,1,08540
1,0,08550
1,1,08872
1,0,07724
1,1,08550
1,0,08512
1,1,08857
1,0,07080
1,1,08820
1,1,08857
1,1,08880
1,1,08876
1,0,08638
1,1,08873
1,1,07746
1,1,08831
1,1,07748
1,0,08869
1,0,08648
1,1,08823
1,0,08551
1,1,08807
1,1,08844
1,1,08882
1,0,08831
1,0,08853
1,1,08558
1,1,08857
1,1,08831
1,1,08817
1,1,08873
1,0,08638
1,1,08812
1,1,08502
1,1,08550
1,0,07746
1,1,08854
1,1,07751
1,0,08610
1,1,08902
1,1,07830
1,1,07080
1,0,08852
1,0,08857
1,1,07059
1,0,08520
1,0,08872
1,0,08850
1,0,07060
1,0,08859
1,1,08840
1,1,08831
1,1,08850
1,0,08830
1,1,08558
1,1,07920
1,1,08822
1,1,08812
1,0,07060
1,0,08817
1,1,08865
1,1,08807
1,1,08854
1,0,08817
1,0,08822
1,0,08512
1,1,08902
1,0,08525
1,0,08520
1,1,08536
1,1,07059
1,1,08873
1,1,08820
1,1,08816
1,0,08872
1,1,07746
1,0,08817
1,1,08852
1,1,08810
1,1,08820
1,1,07931
1,1,08831
1,0,08619
1,1,07724
1,0,07922
1,1,08852
1,1,08801
1,0,07751
1,0,08844
1,0,08825
1,1,08835
1,1,08889
1,0,08854
1,1,07751
1,0,08857
1,0,08869
1,0,07008
1,1,08691
1,1,07016
1,1,08822
1,1,08628
1,1,08551
1,0,08876
1,0,08550
1,0,08618
1,1,08873-****
1,0,07059
1,0,08560
1,0,08534
1,1,08873
1,0,08848
1,1,08822
1,0,08840
1,0,08831
1,0,08822
1,1,08887
1,1,08807
1,0,08820
1,1,08807
1,0,07746
1,0,07059
1,0,07067
1,0,08879
1,0,08831
1,0,08820
1,1,07920
1,0,08882
1,1,08852
1,1,07701
1,0,08827
1,0,08610
1,0,08844
1,1,07080
1,0,07746
1,1,08807
1,1,08610
1,1,08822
1,1,08844
1,1,07722
1,0,08889
1,1,07748
1,1,07730
1,1,07748
1,1,08610
1,1,08820
1,0,08550
1,1,07751
1,1,08691
1,0,08831
1,0,07060
1,1,08876
1,1,08551
1,1,08826
1,1,07920
1,1,07008
1,1,08844
1,0,08534
1,1,08807
1,1,08805
1,1,08867
1,1,08536
1,1,08502
1,0,08902
1,1,07747
1,0,08690
1,1,07730
1,0,08854
1,0,07746
1,1,08873
1,1,08857
1,1,08540
1,1,08822
1,0,07059
1,0,08824
1,0,08807
1,0,07067
1,0,07751
1,1,07922
1,1,07081
1,0,08807
1,0,08816
1,1,08619
1,0,08854
1,0,08873
1,0,07748
1,1,08863
1,1,08820
1,1,07722
1,0,08618
1,1,08876
1,1,08648
1,1,08873
1,1,08844
1,1,08550
1,1,08690
1,0,07060
1,1,08691
1,0,07746
1,1,08873
1,0,08876
1,1,08502
1,0,08502
1,1,08536
1,0,07065
1,0,08807
1,1,07747
1,0,08610
1,0,08872
1,0,08876
1,1,08857
1,0,07065
1,1,08536
1,1,08550
1,1,08691
1,1,08536
1,1,07748
1,0,07076
1,1,08837
1,1,08831
1,1,08820
1,0,08805
1,1,08618
1,0,07080
1,0,08852
1,1,07920
1,1,08690
1,1,08550
1,1,07724
1,0,08691
1,1,07751
1,1,08873
1,1,08844
1,1,08840
1,1,07078
1,1,08902
1,1,08844
1,1,08816
1,1,07733
1,1,08840
1,1,08820
1,0,08852
1,1,08823
1,0,08559
1,1,08502
1,0,07068
1,0,08835
1,1,08559
1,1,08863
1,1,08550
1,1,08857
1,1,08854
1,1,08873
1,0,08865
1,1,08822
1,0,08611
1,1,07740
1,0,07735
1,0,07853
1,1,08854
1,0,08502
1,1,08844
1,1,08816
1,1,08822
1,0,07701
1,0,07882
1,0,08854
1,1,08852
1,1,08558
1,1,08691
1,0,08540
1,0,08816
1,0,08822
1,1,08540
1,1,07830
1,0,08901
1,1,08807
1,0,08844
1,0,07733
1,1,08837
1,1,08857
1,1,08536
1,1,07922
1,0,08859
1,0,08825
1,0,07746
1,1,08816
1,1,08873
1,1,08831
1,1,08816
1,0,08816
1,1,08540
1,0,07751
1,0,08540
1,1,08830
1,1,08857
1,1,08525
1,0,08867
1,1,08520
1,0,08550
1,0,07076
1,1,07701
1,0,08610
1,0,08854
1,1,08873
1,0,08807
1,0,08540
1,1,07036
1,1,08540
1,0,08854
1,1,08872
1,1,07722
1,1,08807
1,0,08828
1,0,08822
1,1,08690
1,1,08550
1,1,08824
1,1,08844
1,0,07748
1,1,08824
1,0,08520
1,0,08835
1,1,08865
1,0,07001
1,0,07882
1,1,08859
1,0,07059
1,1,08873
1,1,07747
1,1,07748
1,1,07722
1,1,08520
1,0,08820
1,1,08540
1,0,08873
1,0,08619
1,1,08844
1,0,08820
1,1,08865
1,1,07060
1,1,07063
1,0,08867
1,1,08822
1,1,08879
1,1,07738
1,1,08886
1,1,07001
1,0,08889
1,1,08807
1,1,08820
1,1,08536
1,0,08833
1,0,08857
1,1,08852
1,0,08820
1,0,08844
1,0,08550
1,1,08831
1,1,07001
1,1,08830
1,0,08884
1,1,08816
1,0,08859
1,0,08810
1,1,07059
1,0,07733
1,0,07901
1,0,07080
1,1,08690
1,1,08882
1,0,08648
1,0,08820
1,1,08820
1,1,08854
1,1,08840
1,1,08852
1,1,08691
1,0,08889
1,1,08619
1,1,08540
1,0,07922
1,1,07016
1,0,07008
1,1,08902
1,1,08540
1,1,08902
1,1,07748
1,0,07067
1,1,08844
1,1,07920
1,1,07081
1,0,07931
1,1,08551
1,1,08550
1,1,08536
1,1,08854
1,0,08823
1,1,08857
1,1,08648
1,0,08817
1,0,08873
1,0,07830
1,0,07724
1,0,08844
1,1,08534
1,1,08857
1,1,07059
1,1,08534
1,0,08850
1,0,08835
1,1,08550
1,0,07724
1,0,08820
1,1,08816
1,1,08846
1,1,08820
1,1,08876
1,0,08831
1,1,07748
1,1,08540-3913
1,1,08817
1,1,08850
1,0,08820
1,1,08690
1,0,08609
1,1,07059
1,0,07748
1,1,07701
1,0,08520
1,0,08844
1,1,08550
1,1,08831
1,0,08638
1,1,08619
1,1,07746
1,0,07067
1,1,07746
1,0,07067
1,0,08540
1,0,07747
1,1,08619
1,1,07924
1,0,08854
1,0,08902
1,0,08618
1,1,08873
1,1,08540
1,1,07751
1,1,08844
1,1,08540
1,0,08857
1,1,07920
1,1,08844
1,0,08889
1,1,07069
1,1,08550
1,0,08809
1,0,08844
1,1,08534
1,1,07751
1,1,08540
1,0,07922
1,0,07059
1,1,08852
1,1,08807
1,0,08816
1,0,08816
1,1,08820
1,1,07722
1,0,08873
1,0,08807
1,1,08820
1,1,07974
1,1,08857
1,1,08691
1,1,08872
1,1,08844
1,1,08816
1,1,08540
1,0,08540
1,1,08857
1,1,08854
1,1,08844
1,0,08611
1,0,08550
1,1,08816
1,0,08822
1,1,08853
1,0,07712
1,1,08872
1,1,07920
1,1,08691
1,1,07830
1,0,08876
1,0,08831
1,0,07747
1,1,08830
1,1,08690
1,1,08823
1,0,08844
1,1,08850
1,1,07748
1,1,08873
1,1,08820
1,0,08540
1,1,08540
1,0,08859
1,0,08638
1,0,08638
1,1,08502
1,0,07922
1,0,08691
1,1,08619
1,1,08810
1,0,08619
1,0,08807
1,1,08807
1,0,08816
1,1,08807
1,1,08540
1,1,08831
1,0,08857
1,1,08540
1,1,08865
1,0,07830
1,0,08859
1,1,07751
1,1,08853
1,1,08559
1,1,08807
1,1,07069
1,1,08822
1,1,07746
1,1,08889
1,1,08691
1,0,08520
1,1,07751
1,0,08816
1,0,08559
1,1,08618
1,0,08619
1,1,07830
1,1,08550
1,1,08520
1,0,08805
1,1,08520
1,1,08872
1,0,07059
1,1,08816
1,0,08820
1,0,08534
1,1,07853
1,1,07062
1,1,08550
1,0,08836
1,0,07748
1,0,07080
1,0,08812
1,1,07059
1,0,08844
1,0,08844
1,1,08502
1,1,08854
1,1,08820
1,1,08884
1,0,08867
1,0,08807
1,1,08857
1,1,07830
1,0,07722
1,0,08812
1,0,08873
1,0,08902
1,1,08530
1,0,08638
1,0,08854
1,1,07701
1,0,08550
1,1,08831
1,1,08846
1,0,08861
1,1,08831
1,1,08835
1,1,07757
1,0,08873
1,0,07920
1,1,08872
1,1,08831
1,1,08831
1,0,07882
1,0,08559
1,1,08648
1,1,08534
1,1,08502
1,1,08816
1,0,08690
1,0,08873
1,0,08817
1,1,08831
1,1,08837
1,1,08816
1,0,07701
1,0,08854
1,0,07928
1,1,08534
1,1,08865
1,1,07853
1,0,08817
1,0,08822
1,1,08824
1,0,08820
1,0,07748
1,1,08872
1,1,07065
1,1,08854
1,1,07751
1,1,08850
1,1,08648
1,1,08854
1,0,08817
1,0,07059
1,0,08558
1,0,08853
1,1,08648
1,1,08889
1,1,07059
1,0,08540
1,0,07063
1,1,08826
1,0,07036
1,1,08822
1,1,07722
1,0,08648
1,1,07928
1,0,08852
1,0,08901
1,0,08820
1,1,07748
1,1,08857
1,1,08550
1,0,08817
1,1,07853
1,1,07066
1,1,08857
1,1,08865
1,0,08512
1,1,07751
1,1,08876
1,0,08882
1,1,08854
1,1,08854
1,1,07059
1,1,08807
1,1,07748
1,0,07067
1,0,08820
1,1,07738
1,1,08691
1,0,08840
1,0,08502
1,1,08817
1,0,08831
1,1,08844
1,0,08854
1,0,08648
1,1,08846
1,1,07960
1,0,07067
1,0,08844
1,0,08844
1,0,07080
1,0,08850
1,1,07080
1,1,08872
1,1,07853
1,0,08817
1,0,08807
1,1,07746
1,1,08807
1,0,08827
1,1,07080
1,0,08857
1,1,08540
1,1,07060
1,0,08873
1,1,07746
1,1,08816
1,0,08822
1,1,07882
1,0,07974
1,0,08610
1,1,08844
1,0,07069
1,1,08809
1,0,08865
1,1,08807
1,1,08512
1,0,08854
1,1,08865
1,0,07901
1,1,07747
1,1,08854
1,0,07701
1,1,08540
1,0,08534
1,1,08872
1,1,07722
1,1,08857
1,0,07704
1,0,08534
1,0,07059
1,1,08816
1,0,08820
1,1,08867
1,0,08873
1,1,08857
1,1,07059
1,0,08530
1,1,08550
1,1,07066
1,1,08820
1,0,08901
1,1,08648
1,0,08540
1,1,08854
1,1,08879
1,0,08820
1,1,08820
1,0,08854
1,0,08558
1,0,07751
1,1,08876
1,0,08648
1,0,08550
1,1,08520
1,1,07066
1,1,08807
1,0,08628
1,1,08536
1,1,08525
1,1,08889
1,1,08863
1,0,07059
1,0,08805
1,1,07069
1,1,08840
1,1,07080
1,1,08854
1,0,07924
1,0,08846
1,1,08807
1,1,07069
1,0,08873
1,1,07830
1,1,08807
1,1,08844
1,1,08844
1,0,08530
1,1,08540
1,1,08844
1,1,07724
1,1,08820
1,1,08872
1,1,08807
1,0,08816
1,1,08817
1,1,08854
1,1,08854
1,0,08831
1,0,07722
1,1,08902
1,1,08550
1,0,08816
1,1,08857
1,0,08857
1,1,08824
1,0,07060
1,0,08850
1,1,08820
1,1,08619
1,1,08835
1,0,07738
1,1,07069
1,1,08884
1,0,07746
1,0,08550
1,1,07724
1,0,08817
1,0,08820
1,1,08853
1,1,08872
1,1,08816
1,0,07746
1,0,08844
1,0,08556
1,0,08820
1,1,08807
1,0,08879
1,0,08610
1,1,08831
1,1,08857
1,0,08807
1,0,08844
1,0,08619
1,0,08872
1,1,08536
1,1,19720
1,0,08810
1,1,08534
1,0,08902
1,1,08857
1,1,08854
1,0,08902
1,0,08833
1,1,07076
1,0,08873
1,0,08807
1,1,08820
1,0,08648
1,0,07036
1,1,08817
1,0,07008
1,1,07067
1,1,08844
1,0,08530
1,0,08872
1,1,08820
1,1,08817
1,1,08502
1,1,08628
1,0,08844
1,1,08853
1,1,08512
1,1,08816
1,1,08857
1,1,08854
1,0,08889
1,1,08857
1,1,07730
1,0,08807
1,1,08540
1,1,08886
1,1,08520
1,1,08854
1,1,07853
1,1,08865
1,0,08901
1,1,08859
1,1,08534
1,0,08873
1,1,08812
1,0,08502
1,1,08902
1,1,08502
1,1,07080
1,0,08882
1,1,08827
1,0,08502
1,1,08801
1,0,07853
1,1,08863
1,0,08820
1,0,08618
1,0,08886
1,0,07712
1,1,07059
1,1,07724
1,1,08824
1,1,08873
1,1,07747
1,1,08816
1,1,07920
1,1,07747
1,0,07730
1,1,08857
1,1,07062
1,1,08809
1,1,08879
1,0,08558
1,1,08540
1,1,08873
1,0,08540
1,0,08844
1,1,08857
1,1,07751
1,0,08873
1,0,08873
1,0,08816
1,1,07080
1,1,08873
1,1,08691
1,1,08807
1,0,08873
1,1,08844
1,0,08854
1,0,08831
1,1,08536
1,1,07059
1,1,08857
1,1,07730
1,1,07701
1,0,08816
1,1,07751
1,0,08840
1,0,08904
1,0,07059
1,1,08558
1,0,08536
1,1,07730
1,1,08502
1,0,08844
1,1,08840
1,0,08822
1,0,08690
1,1,08846
1,0,08902
1,1,08619
1,0,08854
1,1,08805
1,1,08812
1,1,08691
1,1,08844
1,1,08559
1,0,08873
1,0,08648
1,1,08844
1,1,08520
1,1,08691
1,0,07702
1,1,07060
1,1,08536
1,0,08540
1,0,08550
1,1,08873
1,0,08850
1,1,08873
1,0,08840
1,1,08844
1,0,07701
1,0,08550
1,1,07036
1,1,07830
1,1,08873
1,1,08863
1,0,08873
1,1,07757
1,0,07960
1,0,08691
1,0,08852
1,1,08831
1,0,07701
1,1,08820
1,1,08816
1,0,08690
1,0,08831
1,1,08831
1,1,08520
1,1,08830
1,0,08844
1,0,08691
1,1,08807
1,1,08816
1,1,08820
1,1,08807
1,1,08648
1,1,08820
1,1,08835
1,1,08520
1,0,08525
1,1,07747
1,1,08512
1,1,07748
1,1,08831
1,1,08817
1,1,08536
1,1,08854
1,0,08867
1,1,08820
1,0,08873
1,1,08857
1,0,08816
1,1,08512
1,0,08502
1,1,08512
1,1,08873
1,1,07008
1,0,08822
1,0,08540
1,0,08807
1,0,07751
1,0,08831
1,1,08550
1,1,08852
1,1,07724
1,1,08831
1,1,08852
1,1,08844
1,0,08520
1,1,08540
1,1,08850
1,1,07747
1,1,08844
1,1,08820
1,1,08540
1,1,08816
1,1,08889
1,1,07730
1,1,08540
1,0,08824
1,0,07724
1,1,08840
1,0,08807
1,1,08691
1,0,08557
1,0,08558
1,0,08902
1,1,07747
1,1,07920
1,1,08902
1,1,08876
1,0,08844
1,0,08619
1,1,07722
1,1,08854
1,0,08820
1,1,08889
1,1,07722
1,1,08872
1,0,07746
1,1,08902
1,1,08817
1,0,07036
1,0,07920
1,1,08610
1,0,08817
1,1,08857
1,1,08848
1,0,08854
1,0,08550
1,1,08820
1,0,08817
1,1,07060
1,0,08550
1,0,08820
1,1,08857
1,0,07738
1,1,08852
1,0,07746
1,1,08618
1,1,08817
1,1,08520
1,1,07076
1,0,07920
1,1,08880
1,1,07738
1,1,08540
1,1,08691
1,1,07748
1,1,07724
1,1,07724
1,1,08820
1,1,08801
1,1,07746
1,1,07724
1,1,07067
1,0,08853
1,0,07901
1,1,07733
1,1,08824
1,0,08844
1,0,08831
1,1,08902
1,1,07740
1,0,08618
1,1,08831
1,1,08902
1,1,08830
1,0,08691
1,1,08816
1,1,07746
1,1,08812
1,1,07751
1,1,08872
1,1,08857
1,0,08837
1,1,08857
1,1,08824
1,1,07701
1,1,08801
1,1,08857
1,0,08831
1,1,08530
1,0,08610
1,1,08540
1,0,08820
1,1,08820
1,1,08831
1,0,07059
1,1,07924
1,1,07920
1,0,08802
1,1,07751
1,1,08540
1,0,08691
1,0,08854
1,0,08540
1,0,08861
1,0,08619
1,1,08690
1,0,08867
1,1,08690
1,0,08807
1,0,08844
1,0,08540
1,1,07724
1,1,07062
1,0,08844
1,1,07920
1,1,07065
1,1,07738
1,1,08872
1,1,08844
1,1,08859
1,0,07080
1,0,07924
1,1,08886
1,1,07059
1,1,08857
1,1,08502
1,1,07062
1,0,08837
1,0,08551
1,1,08886
1,0,07924
1,1,08844
1,1,07724
1,0,08816
1,1,08872
1,1,08852
1,1,07067
1,1,08853
1,1,08854
1,1,08807
1,1,08820
1,1,08802
1,1,08820
1,1,08859
1,1,08820
1,1,08550
1,1,08901
1,1,08690
1,0,08854
1,0,08801
1,0,08536
1,0,07036
1,0,08889
1,0,08902
1,0,07066
1,0,08863
1,1,07746
1,0,07730
1,1,08648
1,1,08854
1,1,08820
1,1,08846
1,1,08854
1,0,08859
1,0,08690
1,1,08822
1,1,08876
1,1,08823
1,0,08820
1,1,08540
1,1,08831
1,1,08638
1,0,08835
1,0,08530
1,1,07080
1,1,07751
1,0,07095
1,0,07080
1,1,07748
1,1,07751
1,0,08822
1,1,08831
1,0,08810
1,0,08540
1,0,08608
1,1,08812
1,0,08846
1,1,08550
1,1,08822
1,0,07748
1,1,08820
1,1,07748
1,1,08540
1,0,08854
1,0,07001
1,0,08854
1,0,08822
1,0,07901
1,0,07080
1,0,08502
1,1,07080
1,1,08502
1,1,08816
1,1,08824
1,0,08559
1,0,08816
1,1,08802
1,0,08902
1,1,08534
1,1,07069
1,0,08691
1,0,08502
1,0,07748
1,1,07059
1,0,08690
1,1,08550
1,1,08857
1,0,08825
1,0,08820
1,1,08540
1,1,08822
1,0,07746
1,1,08857
1,1,08873
1,0,08691
1,1,08551
1,1,08822
1,1,08873
1,1,08812
1,0,07067
1,1,08619
1,0,08873
1,1,08840
1,1,08536
1,1,08534
1,1,08628
1,1,08820
1,0,08540
1,0,08833
1,1,07981
1,1,07974
1,1,08872
1,1,08560
1,1,08540
1,1,08902
1,1,08807
1,0,08820
1,1,08551
1,1,07724
1,0,07735
1,1,08807
1,1,08558
1,1,08690
1,1,08867
1,0,08502
1,1,08844
1,0,07060
1,1,08857
1,1,08822
1,0,07080
1,1,08822
1,1,08850
1,1,08854
1,1,08824
1,0,08879
1,0,07081
1,1,08873
1,1,08801
1,0,08534
1,0,08690
1,1,08801
1,0,08831
1,0,07064
1,1,08550
1,1,07974
1,1,08805
1,1,08820
1,0,07023
1,1,08854
1,0,08540
1,0,07751
1,1,08873
1,0,08092
1,1,08817
1,0,08857
1,0,08536
1,0,08502
1,0,07069
1,0,08610
1,0,08691
1,0,08822
1,1,08846
1,0,08502
1,1,08691
1,1,08854
1,1,08857
1,1,08902
1,1,08873
1,1,08648
1,0,08879
1,0,07922
1,1,08690
1,0,07920
1,1,08534
1,0,08824
1,1,08816
1,1,08844
1,0,08520
1,1,08889
1,0,07724
1,1,08902
1,0,08873
1,1,08872
1,1,08807
1,0,08816
1,1,08807
1,1,08536
1,1,08824
1,1,07730
1,0,08540
1,0,08873
1,1,07974
1,1,08817
1,0,08816
1,0,07067
1,1,08852
1,1,08837
1,0,07066
1,1,08619
1,1,08857
1,0,07036
1,0,08837
1,0,08831
1,0,07724
1,0,08873
1,1,08502
1,1,07067
1,1,08502
1,0,08816
1,1,08502-5846
1,1,08817
1,0,08823
1,1,08840
1,0,08812
1,1,07748
1,1,08844
1,0,08816
1,1,08816
1,0,07067
1,1,08865
1,1,08820
1,1,08540
1,1,07920
1,1,07830
1,1,08824
1,1,08536
1,1,08854
1,1,08848
1,1,07080
1,1,07751
1,1,08525
1,0,08540
1,0,07974
1,0,08820
1,1,08820
1,1,08820
1,1,08887
1,1,08820
1,0,07701
1,1,08534
1,0,08820
1,0,08835
1,1,08628
1,0,07746
1,1,08618
1,1,08872
1,1,08831
1,1,08873
1,1,08824
1,1,08822
1,0,08619
1,1,08810
1,1,07830
1,1,07059
1,1,08902
1,1,07722
1,1,08902
1,0,08816
1,1,08850
1,0,08844
1,1,08844
1,1,08833
1,1,08902
1,1,08822
1,1,07065
1,1,08873
1,1,08825
1,0,08831
1,0,08611
1,1,07060
1,1,08816
1,0,08816
1,1,07924
1,1,08619
1,0,08807
1,1,07748
1,1,08852
1,0,08889
1,1,08861
1,1,07974
1,1,08844
1,1,07063
1,0,07730
1,1,07066
1,1,08840
1,1,08853
1,1,08820
1,1,08551
1,0,08873
1,1,08848
1,0,08629
1,1,07724
1,1,08534
1,1,07059
1,0,08824
1,1,08807
1,0,08844
1,0,07080
1,1,08886
1,1,08816
1,1,07920
1,0,07751
1,0,07724
1,1,08852
1,1,08690
1,1,07060
1,0,08873
1,1,08502
1,1,08550
1,1,08820
1,0,08628
1,1,07920
1,1,08902
1,1,08648
1,0,08820
1,1,07722
1,1,08536
1,0,08869
1,1,07722
1,1,08820
1,1,07066
1,0,08690
1,1,08844
1,0,07751
1,1,08852
1,1,07922
1,1,08831
1,1,07751
1,1,08844
1,0,08540
1,0,07060
1,0,08540
1,1,08822
1,0,08558
1,1,08844
1,0,08822
1,1,07724
1,1,07751
1,1,07748
1,1,08854
1,1,07746
1,0,07059
1,0,07747
1,1,08825
1,1,08857
1,1,08854
1,1,07067
1,0,08820
1,0,08854
1,1,07974
1,1,08812
1,1,07060
1,1,08619
1,1,08690
1,1,08852
1,1,08807
1,1,08882
1,0,08628
1,1,07853
1,0,08502
1,0,07981
1,1,08801
1,0,08873
1,1,08884
1,1,07016
1,1,08822
1,1,08844
1,1,08801
1,0,08807
1,1,08550
1,0,07080
1,1,08540
1,0,08844
1,1,08820
1,0,08844
1,0,08820
1,1,08610
1,1,08857
1,1,08638
1,1,08844
1,0,07081
1,1,08848
1,1,08857
1,0,07068
1,0,08822
1,0,07092
1,1,08857
1,0,07922
1,1,08648
1,1,08502
1,0,07095
1,0,07067
1,1,08889
1,1,08807
1,0,07059
1,1,08550
1,0,08873
1,1,08831
1,1,08540
1,1,08536
1,1,08863
1,0,08502
1,1,08619
1,1,08867
1,1,08520
1,1,08816
1,1,07920
1,0,08512
1,1,08844
1,1,07751
1,1,08844
1,0,07751
1,0,08889
1,0,07722
1,1,08822
1,0,08826
1,1,07724
1,1,08550
1,1,08879
1,0,07069
1,1,08831
1,0,07751
1,0,08854
1,1,08810
1,1,08540
1,1,07721
1,1,07920
1,1,08809
1,0,08648
1,1,08807
1,0,07920
1,0,08816
1,1,08540
1,1,08536
1,0,08691
1,1,07059
1,0,08550
1,1,08844
1,0,07016
1,1,08816
1,1,08873
1,1,08691
1,1,08873
1,0,08872
1,1,08822
1,0,07748
1,1,08540
1,0,08542
1,0,08820
1,1,07027
1,1,08820
1,1,08872
1,1,08844
1,1,08540
1,1,08848
1,1,08902
1,1,08824
1,0,08807
1,1,08820
1,0,08816
1,1,08648
1,1,08550
1,1,08854
1,0,07882
1,0,08840
1,1,08904
1,1,08810
1,1,08638
1,1,07076
1,1,08820
1,1,08902
1,0,08820
1,0,08902
1,1,08820
1,1,08550
1,1,08869
1,1,08540
1,1,07748
1,1,08638
1,1,08525
1,0,08865
1,0,08872
1,0,08824
1,1,07830
1,0,07059
1,1,08857
1,0,08853
1,0,08844
1,1,07036
1,1,08816
1,1,08619
1,1,07747
1,1,07882
1,1,08807
1,1,07095
1,1,08830
1,1,08857
1,1,08817
1,1,07738
1,1,08540
1,0,08831
1,1,08822
1,1,08520
1,1,08809
1,1,07748
1,0,08831
1,1,07746
1,1,08520
1,1,08879
1,0,08869
1,0,08889
1,0,08638
1,1,08502
1,1,08820
1,1,07065
1,1,08816
1,1,08831
1,1,08810
1,1,08520
1,1,08857
1,1,08648
1,1,08873
1,1,08852
1,1,08691
1,0,07751
1,1,08816
1,0,07738
1,0,08865
1,1,07059
1,1,08844
1,1,08807
1,1,08844
1,0,08502
1,1,08857
1,1,08844
1,1,08559
1,1,08859
1,1,07751
1,1,08820
1,0,07853
1,1,08502
1,1,08558
1,1,07701
1,0,07059
1,1,07830
1,1,08820
1,1,08837
1,1,08857
1,1,08844
1,0,07751
1,1,08824
1,0,08502
1,0,08854
1,0,08540
1,1,08816
1,0,08831
1,1,08540
1,0,08854
1,1,08852
1,1,07751
1,0,08807
1,1,08873
1,1,08852
1,1,08873
1,1,08618
1,1,08520
1,1,08902
1,0,07730
1,1,08619
1,1,07945
1,1,08852
1,0,08859
1,1,08844
1,0,08873
1,1,08809
1,1,08691
1,0,08873
1,1,07036
1,0,08822
1,1,08618
1,1,08853
1,1,08820
1,0,08619
1,0,08619
1,1,08823
1,1,07920
1,1,08638
1,0,08824
1,0,08844
1,0,07067
1,0,08502
1,0,08846
1,1,08540
1,1,07080
1,1,08807
1,1,08816
1,0,08827
1,0,08831
1,0,07063
1,0,07090
1,1,08854
1,1,07066
1,0,08610
1,1,08857
1,0,08690
1,1,08857
1,0,08807
1,1,08833
1,1,07960
1,1,08869
1,1,08520
1,1,08536
1,1,08820
1,1,07059
1,1,08873
1,0,08690
1,0,08550
1,1,08876
1,1,08831
1,0,07748
1,1,08829
1,1,08812
1,1,08816
1,0,08502
1,1,07738
1,0,08872
1,0,08854
1,0,08502
1,1,08820
1,1,07748
1,1,07960
1,1,07704
1,1,08550
1,1,08820
1,1,07922
1,0,07067
1,1,08840
1,0,08826
1,1,08853
1,0,08540
1,0,07095
1,0,08691
1,1,08850
1,0,08854
1,0,08520
1,1,08865
1,1,08872
1,1,08816
1,1,08822
1,1,07722
1,0,08536
1,0,07747
1,1,08854
1,1,08805
1,1,08852
1,1,08801
1,1,07751
1,0,08848
1,0,07062
1,1,08820
1,1,07069
1,1,08820
1,0,08840
1,1,07830
1,0,08844
1,1,08690
1,1,07746
1,1,08820
1,0,08820
1,1,08801
1,0,08550
1,0,08820
1,1,07747
1,1,08540
1,1,08844
1,1,08844
1,0,08830
1,1,08550
1,1,07722
1,1,08610
1,0,08822
1,1,07090
1,0,07748
1,0,08829
1,0,07001
1,1,07758
1,1,08831
1,0,07751
1,1,08863
1,1,08822
1,1,08618
1,1,08854
1,0,08836
1,1,08825
1,1,07080
1,0,07730
1,1,08540
1,1,08618
1,0,08812
1,1,07748
1,0,08690
1,0,07008
1,1,08540
1,1,08857
1,1,07068
1,1,07059
1,0,08831
1,0,08530
1,1,08540
1,0,08817
1,1,07062
1,0,08816
1,1,07746
1,0,08833
1,1,08520
1,1,08876
1,0,08092
1,0,08540
1,1,08889
1,0,07067
1,1,08648
1,1,08807
1,1,08540
1,1,08822
1,1,08853
1,0,08816
1,1,08831
1,0,08854
1,0,08844
1,1,08873
1,1,07067
1,0,08807
1,0,08859
1,1,08540
1,0,08822
1,0,08902
1,1,08867
1,0,08854
1,0,08873
1,0,08857
1,1,08854
1,0,08873
1,1,08807
1,0,08690
1,1,08854
1,0,07724
1,1,08824
1,0,08619
1,0,07724
1,1,08820
1,1,08534
1,1,07059
1,1,08850
1,0,07748
1,0,08558
1,0,08844
1,1,07076
1,1,08638
1,0,07059
1,1,08830
1,0,08837
1,1,08831
1,1,08820
1,1,08829
1,0,07080
1,1,08902
1,1,08853
1,0,07036
1,1,08857
1,1,08822
1,0,08854
1,1,08854
1,1,08807
1,0,08611
1,1,08520
1,0,08902
1,1,08690
1,0,08824
1,1,08807
1,0,07059
1,0,07722
1,0,08872
1,1,07066
1,0,08820
1,1,08558
1,0,08854
1,0,08876
1,0,08648
1,0,08618
1,1,08854
1,1,08844
1,0,07748
1,1,08540
1,1,07751
1,1,07751
1,0,08691
1,0,08865
1,0,08807
1,0,08822
1,1,08817
1,1,08873
1,1,08820
1,1,07063
1,0,08805
1,0,08820
1,1,08820
1,1,07738
1,0,08852
1,1,08879
1,0,08853
1,1,08690
1,1,08876
1,1,08536
1,1,07748
1,1,08648
1,0,08610
1,0,07746
1,1,08820
1,1,08852
1,1,08534
1,1,08820
1,1,08882
1,1,08831
1,1,08854
1,1,08807
1,1,07920
1,0,07751
1,1,07735
1,0,08857
1,1,08857
1,0,08876
1,1,07001
1,0,07934
1,0,07080
1,0,08857
1,1,08822
1,0,08825
1,1,07067
1,0,08534
1,0,08844
1,1,08520
1,0,08520
1,1,08863
1,1,08873
1,0,07080
1,1,08690
1,0,08807
1,1,08831
1,0,08502
1,1,08610
1,0,08536
1,1,07059
1,1,08837
1,0,08618
1,1,08512
1,0,08817
1,0,07059
1,1,07747
1,1,08854
1,1,08831
1,0,08812
1,1,08816
1,1,08820
1,1,08852
1,1,08807
1,1,08824
1,1,08844
1,0,08857
1,1,08807
1,1,08558
1,1,08802
1,1,08872
1,1,08810
1,1,08844
1,0,08810
1,0,07931
1,1,08844
1,1,08873
1,0,08638
1,0,08844
1,0,08857
1,0,08837
1,1,08824
1,0,08857
1,1,08822
1,1,08530
1,1,07746
1,0,08820
1,1,07738
1,0,08520
1,0,08525
1,1,07920
1,1,07748
1,1,08830
1,1,07960
1,1,08520
1,0,08857
1,1,08540
1,1,08857
1,1,08872
1,1,08559
1,0,08831
1,1,07747
1,1,08820
1,1,08820
1,1,07066
1,1,08837
1,1,08812
1,0,08822
1,1,08852
1,1,08852
1,1,08844
1,0,07722
1,0,08854
1,1,08560
1,0,07060
1,1,08844
1,1,08550
1,1,07722
1,1,08904
1,1,08824
1,0,08852
1,1,07722
1,1,07722
1,0,08534
1,0,08807
1,1,08831
1,1,08540
1,0,07008
1,1,08873
1,0,08807
1,0,07060
1,0,08876
1,1,08807
1,0,08857
1,0,08889
1,1,07748
1,1,08610
1,1,07924
1,0,07060
1,1,08504
1,0,08691
1,1,08840
1,1,08690
1,1,08865
1,1,08638
1,0,08824
1,1,08902
1,1,08835
1,1,07733
1,1,07735
1,1,08831
1,0,07730
1,0,08830
1,1,08844
1,1,07734
1,1,08817
1,1,08816
1,1,08559
1,1,08816
1,1,08857
1,0,08830
1,1,08822
1,1,07067
1,0,08820
1,1,08844
1,0,08816
1,1,08857
1,1,08520
1,1,08854
1,0,07920
1,1,07751
1,1,07920
1,1,08816
1,1,08559
1,1,07751
1,0,08853
1,1,08807
1,0,08902
1,1,08690
1,1,08807
1,1,08550
1,1,07067
1,1,07746
1,1,08820
1,1,08817
1,1,08820
1,0,08648
1,1,08512
1,1,07059
1,0,08502
1,0,08610
1,1,08812
1,0,08833
1,1,08810
1,1,08857
1,1,08844
1,0,08807
1,1,08820
1,1,08801
1,0,08610
1,1,08873
1,1,07066
1,1,07853
1,1,08846
1,1,08550
1,1,08820
1,0,08822
1,0,07746
1,1,08618
1,1,07981
1,0,08844
1,0,08853
1,1,08824
1,1,07747
1,1,08833
1,1,08638
1,1,08817
1,1,08844
1,1,08831
1,0,08691
1,1,08809
1,0,08835
1,1,08820
1,0,08846
1,1,08836
1,1,08520
1,1,07747
1,0,08618
1,1,08879
1,1,08690
1,1,08848
1,1,07724
1,1,08873
1,1,08691
1,0,07060
1,1,08690
1,1,08830
1,1,08852
1,0,07060
1,0,07960
1,1,08810
1,1,08854
1,0,08844
1,0,08817
1,1,08844
1,1,08540
1,1,08830
1,0,08619
1,1,07751
1,1,07702
1,1,07733
1,1,08540
1,0,08824
1,1,08816
1,1,08846
1,1,08869
1,1,08550
1,1,08817
1,1,08690
1,0,07008
1,0,07882
1,0,08872
1,0,08827
1,1,08852
1,1,08844
1,1,08817
1,1,08820
1,1,08820
1,0,08854
1,1,08558
1,0,08822
1,1,07751
1,0,08831
1,0,07882
1,1,08872
1,0,07059
1,1,08820
1,1,07712
1,0,07724
1,0,07747
1,1,08525
1,1,08512
1,0,08690
1,1,08873
1,0,08690
1,1,08502
1,1,08648
1,1,08820
1,1,08816
1,0,08520
1,1,08852
1,0,08889
1,0,07064
1,1,08540
1,1,08852
1,0,08502
1,1,08844
1,1,07931
1,1,08854
1,1,08502
1,1,08820
1,1,08816
1,1,08816
1,1,08857
1,1,08550
1,0,07751
1,0,08816
1,1,08534
1,1,07067
1,1,08807
1,1,08820
1,0,08820
1,1,08520
1,0,08820
1,1,08619
1,0,08873
1,0,08540
1,1,08512
1,1,07751
1,1,08873
1,0,07722
1,0,08857
1,1,08889
1,1,08824
1,1,08807
1,1,08820
1,0,08816
1,1,08540
1,1,08648
1,0,07746
1,0,08869
1,1,08848
1,1,08628
1,0,08826
1,0,08820
1,0,08844
1,0,08502
1,1,07748
1,1,08831
1,1,08854
1,1,08691
1,0,07748
1,1,08817
1,0,08540
1,1,08812
1,1,07092
1,1,08830
1,0,08820
1,0,08859
1,1,07748
1,1,07008
1,0,08902
1,1,08853
1,0,08902
1,0,07751
1,0,08801
1,1,08805
1,1,07730
1,1,07067
1,1,08857
1,0,08638
1,1,08824
1,0,08844
1,1,08816
1,0,08820
1,0,08822
1,1,08820
1,1,07853
1,1,08865
1,0,08802
1,0,08820
1,1,07733
1,0,07059
1,1,08820
1,0,08848
1,0,08854
1,0,08608
1,0,08816
1,1,07069
1,1,08619
1,0,08865
1,0,08902
1,0,07735
1,1,08512
1,0,07748
1,1,08872
1,0,08824
1,0,08618
1,0,08876
1,1,08540
1,0,08876
1,1,08844
1,0,07934
1,0,08831
1,1,08844
1,1,07747
1,1,08879
1,0,08520
1,1,08520
1,1,08844
1,0,08801
1,0,08873
1,1,08831
1,0,07751
1,0,07830
1,1,08618
1,1,08820
1,1,08691
1,1,08820
1,1,08691
1,1,07062
1,0,08859
1,1,08886
1,1,08852
1,0,07059
1,1,08502
1,1,08852
1,1,08876
1,0,08844
1,1,08820
1,1,08852
1,0,08820
1,0,08830
1,0,07095
1,0,08648
1,1,07702
1,1,08807
1,1,08810
1,0,08550
1,0,08638
1,0,08852
1,1,08865
1,1,08691
1,1,08820
1,1,08822
1,1,07751
1,0,07740
1,1,08831
1,1,08826
1,1,08628
1,1,08558
1,0,08820
1,1,08618
1,0,08844
1,0,08807
1,0,08816
1,0,07922
1,0,07036
1,0,07060
1,0,08854
1,0,08807
1,0,08807
1,0,07059
1,1,07746
1,1,08558
1,0,07724
1,1,08502
1,1,08807
1,0,08833
1,1,08816
1,0,08854
1,0,07722
1,1,07069
1,0,08502
1,0,08831
1,1,08540
1,1,07722
1,1,07901
1,1,07735
1,0,08820
1,1,08558
1,1,08844
1,0,08551
1,0,07066
1,0,08812
1,1,08873
1,1,07704
1,0,08536
1,1,08824
1,1,08859
1,1,07960
1,0,07974
1,1,07945
1,1,07748
1,0,08820
1,1,08852
1,0,08816
1,1,08859
1,1,08817
1,1,08801
1,1,07076
1,0,08840
1,1,08525
1,1,08817-2284
1,1,08824
1,0,08844
1,1,08525-3003
1,1,07001
1,1,07931
1,1,08530
1,0,08817
1,1,07060
1,1,08502
1,0,08844
1,0,07751
1,1,08882
1,1,08872
1,0,08844
1,1,07746
1,0,08810
1,1,08816
1,1,08690
1,1,08840
1,0,07001
1,1,08807
1,0,08846
1,0,08540
1,1,08876
1,1,07067
1,1,08820
1,1,08512
1,0,08854
1,1,07724
1,0,07059
1,0,08812
1,1,08872-2223
1,1,08831
1,1,07701
1,0,07748
1,1,08844
1,1,08520
1,0,08904
1,1,07922
1,0,08854
1,1,08873
1,1,08826
1,0,08609
1,0,08817
1,0,07023
1,0,08691
1,1,07069
1,1,08854
1,1,08551
1,1,08820
1,1,08844
1,0,08534
1,1,08820
1,1,07748
1,1,08822
1,1,08873
1,1,08852
1,1,07747
1,1,08857
1,1,08882
1,1,08807
1,1,07059
1,0,08844
1,0,08872
1,0,07901
1,0,08844
1,1,08837
1,1,08812
1,1,07059
1,0,08536
1,1,08502
1,0,07065
1,0,08873
1,1,08540
1,0,08822
1,1,08831
1,1,07069
1,0,07751
1,0,07081
1,1,08872
1,0,08536
1,1,08873
1,1,07747
1,1,07733
1,0,08534
1,1,08833
1,1,08618
1,1,08822
1,1,08559
1,0,08831
1,0,08502
1,1,08844
1,0,07748
1,0,07081
1,1,08551
1,1,08691
1,0,08807
1,1,07063
1,1,08873
1,0,08611
1,0,08873
1,1,07747
1,1,08857
1,0,07830
1,1,08904
1,0,08872
1,1,08558
1,0,08857
1,0,08816
1,1,07922
1,1,08857
1,1,08831
1,1,08854
1,0,08816
1,0,08540
1,1,08852
1,1,07059
1,1,08824
1,1,08550
1,0,08833
1,0,07730
1,0,08822
1,0,07924
1,0,08831
1,1,08820
1,0,08812
1,1,08820
1,0,07730
1,1,08822
1,1,07095
1,0,07882
1,1,08867
1,1,08823
1,0,08824
1,1,08823
1,1,07830
1,1,08831
1,0,08865
1,1,08844
1,1,07751
1,1,08820
1,0,08816
1,1,08902
1,1,08902
1,1,08837
1,0,08536
1,0,08861
1,0,07066
1,0,07924
1,1,08857
1,1,08840
1,0,08844
1,1,08822
1,1,08854
1,1,07740
1,0,07934
1,0,08873
1,0,08873
1,1,08822
1,1,08873
1,0,08619
1,1,08807
1,1,08854
1,1,08540
1,1,07747
1,1,08817
1,0,07931
1,1,08844
1,1,08876
1,0,08873
1,1,08857
1,0,07748
1,0,08550
1,1,08520
1,1,08822
1,1,08902
1,1,07080
1,1,08844
1,0,07735
1,0,08807
1,0,07722
1,0,08551
1,1,08812
1,1,08610
1,0,07738
1,0,08816
1,1,08872
1,1,08822
1,0,08873
1,1,08512
1,1,08550
1,1,08816
1,1,08619
1,1,08844
1,0,08844
1,1,08559
1,0,08820
1,1,08558
1,1,08873
1,0,08852
1,1,07746
1,1,08816
1,1,07008
1,0,08520
1,1,08859
1,1,08822
1,0,08854
1,0,07008
1,1,08550
1,1,08882
1,1,08850
1,1,08540
1,1,08690
1,1,07067
1,1,08550
1,0,08835
1,0,08805
1,1,08807
1,0,08859
1,0,08536
1,1,08831
1,0,08837
1,1,08873
1,1,08872
1,0,07059
1,0,08816
1,0,08822
1,0,08853
1,1,08822
1,1,08844
1,0,07060
1,0,08879
1,1,08857
1,0,08854
1,0,08820
1,1,08844
1,1,08648
1,0,08816
1,0,08638
1,1,08820
1,0,08530
1,1,08820
1,1,08690
1,1,08844
1,0,08817
1,0,08827
1,0,08628
1,1,08840
1,0,08820
1,1,07748
1,1,08807
1,1,08822
1,1,08502
1,0,08534
1,1,07080
1,0,08551
1,1,07704
1,0,08559
1,1,08534
1,1,08540
1,1,08831
1,1,08840
1,1,08560
1,1,08551
1,1,08534
1,1,08816
1,0,08618
1,1,08807
1,1,08816
1,1,07722
1,0,08525
1,0,08865
1,1,08854
1,1,07059
1,1,08840
1,1,08536
1,1,08844
1,1,08534
1,1,08848
1,0,07008
1,0,08876
1,1,08810
1,1,08540
1,0,08520
1,0,08610
1,1,07748
1,0,07724
1,0,08876
1,1,07059
1,1,07724
1,1,08902
1,1,08610
1,1,08619
1,0,08540
1,1,08610
1,1,07076
1,0,08830
1,0,07748
1,0,07853
1,1,08810
1,1,07701
1,0,08618
1,1,08854
1,1,08610
1,1,07746
1,1,08857
1,1,08822
1,1,08844
1,1,08902
1,1,08844
1,0,07746
1,1,08540
1,1,08835
1,1,08807
1,0,07722
1,1,08873
1,0,08876
1,0,08801
1,1,08869
1,1,07922
1,1,08648
1,1,07080
1,1,08857
1,0,07748
1,1,08558
1,0,08835
1,1,08807
1,1,08807
1,0,08805
1,1,08852
1,0,08820
1,1,08857
1,1,08810
1,0,08816
1,0,07853
1,0,08628
1,1,08551
1,1,08540
1,1,07065
1,1,07076
1,1,08807
1,1,08520
1,0,08865
1,0,08502
1,1,08816
1,1,08854
1,0,08820
1,1,07080
1,0,08876
1,1,08690
1,0,07747
1,1,07008
1,1,08807
1,0,08802
1,1,08551
1,0,08558
1,1,07722
1,0,08857
1,1,07067
1,1,08610
1,1,08820
1,1,07701
1,0,08691
1,0,08869
1,1,08844
1,0,08807
1,1,08882
1,0,08854
1,1,08857
1,0,08824
1,1,08502
1,1,08816
1,0,07008
1,0,08873
1,0,08502
1,0,07059
1,1,08513
1,0,08879
1,0,08807
1,0,08854
1,0,08879
1,0,08536
1,1,08816
1,1,08857
1,0,07747
1,1,08857
1,1,07059
1,1,08861
1,1,07060
1,1,08558
1,1,08812
1,1,08807
1,1,08869
1,0,08648
1,1,08619
1,1,08816
1,0,08560
1,0,08520
1,1,07748
1,0,07080
1,0,08558
1,0,08536
1,1,08691
1,1,08853
1,0,08502
1,1,08844
1,1,08691
1,1,07704
1,1,08867
1,1,08805
1,1,08859
1,0,08820
1,1,08820
1,1,08857
1,0,07853
1,0,08889
1,1,07922
1,1,08534
1,1,08530
1,1,07748
1,1,08807
1,0,07751
1,0,08882
1,1,08876
1,0,08873
1,1,07724
1,1,07701
1,0,08844
1,1,08822
1,1,08824
1,1,07920
1,1,08638
1,1,08619
1,0,07081
1,1,08873
1,1,07920
1,1,08816
1,1,08846
1,1,08857
1,1,08824
1,1,07751
1,1,07722
1,1,07920
1,1,08820
1,1,08817
1,1,07748
1,0,08690
1,0,07922
1,1,08873
1,0,07066
1,1,08540
1,1,08872
1,1,08559
1,0,08802
1,0,08831
1,1,08520
1,1,08805
1,1,08835
1,1,08809
1,0,07001
1,0,07730
1,1,08820
1,0,08857
1,1,07080
1,1,08840
1,1,08648
1,0,08810
1,1,08807
1,1,08822
1,1,07059
1,0,08816
1,0,08691
1,1,08648
1,1,08816
1,1,19966
1,1,08854
1,1,07751
1,0,08822
1,1,08857
1,0,08824
1,1,08520
1,1,07747
1,0,08853
1,1,08835
1,0,08853
1,1,08872
1,0,08844
1,1,08844
1,0,07064
1,1,08854
1,0,07920
1,1,08859
1,0,08816
1,1,08848
1,1,08550
1,1,08540
1,1,08550
1,0,08852
1,0,08558
1,1,08822
1,1,08816
1,0,08550
1,1,08540
1,0,08850
1,0,08816
1,0,08812
1,1,07701
1,1,07746
1,1,08540
1,1,08822
1,1,08550
1,0,08820
1,0,07922
1,0,08610
1,1,08648
1,0,08628
1,0,08873
1,1,08869
1,0,08816
1,1,08840
1,1,08540
1,1,08512
1,0,08807
1,1,07041
1,1,07059
1,1,08502
1,1,08854
1,1,08865
1,1,08854
1,1,07853
1,0,08831
1,1,07747
1,0,08852
1,1,08690
1,1,07928
1,0,08648
1,1,08536
1,1,07901
1,1,07059
1,1,08551
1,0,07722
1,1,08844
1,1,08852
1,1,08857
1,1,08852
1,0,08886
1,0,08859
1,0,08502
1,0,08520
1,0,07746
1,0,08833
1,0,07748
1,1,08817
1,1,07920
1,0,08638
1,1,07740
1,0,08807
1,1,08559
1,1,07830
1,1,08512
1,0,08822
1,1,08558
1,0,08822
1,1,07724
1,1,08820
1,0,07069
1,1,07036
1,1,08857
1,1,08816
1,0,08520
1,1,08558
1,0,07065
1,1,08876
1,0,07738
1,0,08869
1,0,08540
1,1,08886
1,1,07740
1,1,08690
1,1,08846
1,1,08553
1,1,07960
1,1,08820
1,0,08648
1,1,07751
1,1,08807
1,1,08807
1,1,07080
1,1,08823
1,0,08852
1,1,08873
1,1,08550
1,1,08550
1,1,08831
1,1,08807
1,1,08902
1,0,08833
1,0,08854
1,1,07751
1,1,07738
1,1,08873
1,0,07751
1,1,08551
1,1,07931
1,1,07059
1,1,08857
1,1,08854
1,1,08822
1,0,08831
1,1,07722
1,1,07069
1,1,08540
1,1,08816
1,1,08879
1,1,08884
1,1,08534
1,0,08857
1,1,07751
1,0,07920
1,0,08831
1,1,07746
1,1,08852
1,0,08822
1,1,07920
1,1,08820
1,0,08809
1,1,08852
1,1,08812
1,1,08902
1,1,08857
1,1,08540
1,0,08648
1,0,08863
1,1,08550
1,1,07747
1,1,08550
1,1,08822
1,1,08820
1,0,08520
1,1,08873
1,1,07059
1,1,08520
1,1,08873
1,1,08872
1,0,07920
1,0,08854
1,0,08807
1,1,08619
1,1,07853
1,1,08854
1,0,08540
1,0,08816
1,0,08854
1,1,08610
1,0,08872
1,0,07067
1,1,08820
1,1,07724
1,1,08534
1,0,08857
1,0,08690
1,1,08820
1,0,08853
1,1,08807
1,0,07701
1,1,08889
1,0,08690
1,1,08822
1,1,08691
1,1,08854
1,1,07746
1,0,08629
1,1,08820
1,1,08824
1,1,08807
1,0,08831
1,0,08844
1,0,08810
1,1,08691
1,0,08807
1,0,07063
1,0,08823
1,1,08837
1,0,08873
1,1,08628
1,0,08618
1,1,08812
1,0,08854
1,0,08812
1,0,08560
1,1,08830
1,1,08619
1,1,07757
1,1,08801
1,1,08817
1,0,07748
1,0,08618
1,0,08853
1,0,08805
1,1,08816
1,1,07722
1,1,08540
1,0,08822
1,1,08872
1,1,07090
1,1,08902
1,0,07748
1,1,08902
1,1,07059
1,1,08852
1,1,08520
1,0,08873
1,0,07076
1,1,08831
1,1,08840
1,1,07080
1,0,08827
1,1,07746
1,0,08863
1,1,08854
1,1,08638
1,1,08852
1,1,08540
1,1,08618
1,0,08859
1,0,08822
1,1,08502
1,1,08854
1,0,08619
1,1,08873
1,1,07080
1,1,08817
1,1,07067
1,0,08638
1,0,07730
1,1,08873
1,1,07738
1,1,07747
1,1,08558
1,0,08540
1,0,08867
1,1,08807
1,1,07748
1,0,08816
1,0,08559
1,1,08854
1,1,08859
1,1,08873
1,0,08902
1,1,08852
1,0,08844
1,1,08540
1,1,08550
1,0,08536
1,1,07734
1,1,07747
1,0,08816
1,1,08534
1,0,07920
1,0,08902
1,0,08690
1,1,08540
1,0,08648
1,1,07747
1,1,08844
1,1,08857
1,0,08820
1,1,08648
1,0,08831
1,1,07751
1,0,07746
1,1,07920
1,1,07067
1,1,08691
1,0,08902
1,1,08852
1,1,08648
1,0,08844
1,1,07095
1,0,08820
1,1,08831
1,0,08618
1,1,08831
1,0,07934
1,0,08852
1,1,08691
1,0,08550
1,1,07751
1,0,08810
1,1,08810
1,1,08690
1,0,07095
1,0,08861
1,1,07748
1,1,08807
1,1,07730
1,0,08520
1,0,08876
1,1,08691
1,1,08550
1,0,07062
1,1,07724
1,1,08690
1,0,08801
1,1,07733
1,1,08540
1,1,07722
1,1,08628
1,0,08854
1,1,07922
1,0,08831
1,1,07059
1,0,08857
1,1,07722
1,1,08857
1,1,07924
1,1,08551
1,0,07095
1,0,07712
1,0,08846
1,0,07920
1,0,08810
1,0,08857
1,0,08559
1,1,08873
1,1,07069
1,0,08823
1,0,08512
1,0,08817
1,1,08820
1,0,08848
1,1,07712
1,0,08559
1,1,08854
1,0,08854
1,0,08619
1,1,08857
1,1,08820
1,1,08882
1,1,08853
1,0,08823
1,0,07001
1,0,08844
1,1,08889
1,0,08540
1,1,07738
1,1,07748
1,0,07001
1,1,08840
1,0,08822
1,0,08831
1,0,08542
1,1,07076
1,0,08520
1,0,08831
1,0,08502
1,1,07746
1,1,08844
1,1,08550
1,1,08853
1,1,07920
1,0,08043
1,1,08807
1,1,08558
1,1,08824
1,1,08810
1,1,08534
1,0,08854
1,1,08836
1,0,08844
1,1,08865
1,1,08840
1,0,08820
1,1,08520
1,0,08807
1,1,08840
1,0,08873
1,0,08873
1,1,08810
1,1,07920
1,0,07080
1,0,07922
1,1,08690
1,1,08520
1,1,08807
1,1,08889
1,1,08822
1,1,08817
1,1,08540
1,0,08807
1,0,08840
1,1,07922
1,1,07920
1,0,08850
1,1,08902
1,1,08691
1,1,07724
1,0,08902
1,1,08824
1,1,08610
1,1,07080
1,1,08559
1,1,08831
1,1,08619
1,0,07738
1,0,08857
1,0,07041
1,1,08816
1,1,08638
1,1,08840
1,0,08619
1,1,08691
1,1,08844
1,0,07095
1,1,08861
1,1,08810
1,1,07059
1,1,07724
1,1,08820
1,1,08807
1,0,08611
1,0,08807
1,1,08525
1,0,08837
1,1,07095
1,1,08873
1,1,08810
1,1,07730
1,0,08854
1,0,08638
1,1,08638
1,1,08502
1,1,08859
1,1,08886
1,1,07722
1,1,08830
1,0,08817
1,1,08691
1,1,08550
1,1,08558
1,1,08854
1,1,08502
1,0,08872
1,1,08820
1,0,08638
1,0,08536
1,1,08540
1,1,08805
1,0,08844
1,1,08810
1,1,07059
1,1,08559
1,0,08816
1,0,08822
1,1,08835
1,1,08816
1,0,08854
1,1,08854
1,1,07757
1,0,07758
1,1,08534
1,1,08690
1,1,07751
1,1,07746
1,0,08817
1,1,08852
1,1,08872
1,1,08857
1,1,08865
1,1,08853
1,1,07066
1,0,08872
1,1,08502
1,0,08540
1,1,08852
1,0,08844
1,1,08831
1,1,08502
1,1,08837
1,1,08876
1,1,07960
1,1,08902
1,1,08801
1,1,07095
1,0,08648
1,0,08618
1,1,07746
1,1,08540
1,0,08873
1,0,07920
1,1,08540
1,0,08854
1,1,08610
1,0,07036
1,1,08540
1,1,08822
1,1,07928
1,0,08880
1,0,08836
1,1,07704
1,1,08817
1,1,08873
1,1,07853
1,1,08648
1,0,08502
1,1,08540
1,1,08822
1,1,08869
1,1,08857
1,1,07747
1,0,08807
1,0,08904
1,0,08844
1,1,07746
1,0,08844
1,1,08810
1,1,08833
1,1,07738
1,1,08854
1,1,08822
1,1,08872
1,1,08550
1,1,08816
1,1,08831
1,0,08816
1,1,08550
1,0,08831
1,0,07060
1,1,07076
1,1,08648
1,1,08831
1,1,08873
1,1,08502
1,1,08540
1,0,08833
1,1,08807
1,0,08854
1,0,08865
1,1,08534
1,0,08844
1,1,08540
1,1,08836
1,0,08901
1,1,08801
1,0,07751
1,1,08812
1,0,08820
1,0,08844
1,1,08848
1,0,08873
1,0,07751
1,0,08857
1,1,08536
1,1,08817
1,1,08876
1,0,08822
1,1,08836
1,0,08520
1,0,08854
1,1,08873
1,1,08812
1,0,07060
1,1,07701
1,0,08873
1,0,08611
1,0,08550
1,1,08610
1,1,08804
1,0,08831
1,1,08820
1,1,08848
1,1,07751
1,0,07830
1,1,08859
1,1,08852
1,1,07724
1,0,08530
1,0,08879
1,0,08550
1,0,07036
1,0,08833
1,1,08852
1,1,07001
1,1,07747
1,1,08691
1,1,07724
1,1,08820
1,1,07931
1,1,08807
1,0,08887
1,0,08618
1,0,07746
1,1,07746
1,1,07746
1,1,08844
1,1,07746
1,0,08804
1,0,08502
1,1,08502
1,1,08857
1,0,08801
1,0,07960
1,1,07095
1,1,08872
1,1,08820
1,1,08534
1,1,08817
1,1,07095
1,0,08550
1,1,07746
1,1,08854
1,0,07747
1,0,08520
1,1,08886
1,0,08902
1,1,08502
1,0,07059
1,0,07080
1,1,08822
1,1,08846
1,1,08691
1,0,08852
1,0,07066
1,0,07008
1,0,08502
1,0,08876
1,0,08536
1,1,08816
1,0,08854
1,0,08812
1,1,08812
1,1,08824
1,1,08807
1,0,07901
1,1,08852
1,1,08882
1,0,08822
1,1,07095
1,0,07080
1,0,07067
1,1,08902
1,0,08854
1,1,07922
1,1,07701
1,1,07751
1,1,08502
1,1,08854
1,1,08820
1,0,08520
1,1,08690
1,1,08520
1,1,08648
1,1,07733
1,0,07735
1,1,08648
1,0,08833
1,1,07066
1,1,07830
1,1,08873
1,0,07748
1,0,08857
1,0,08837
1,0,08540
1,0,07701
1,1,07738
1,1,08550
1,0,08801
1,1,08550
1,1,08823
1,1,07746
1,1,08857
1,1,07747
1,1,08551
1,1,08844
1,1,08831
1,0,08812
1,0,07016
1,1,08826
1,1,07063
1,1,07712
1,1,08829
1,1,08540
1,1,08691
1,1,08807
1,1,07730
1,1,08550
1,0,08831
1,0,08817
1,1,08817
1,1,08540
1,1,07059
1,0,08512
1,1,08619
1,1,08873
1,1,08534
1,1,07924
1,0,07036
1,1,08857
1,0,08854
1,1,08648
1,1,08859
1,1,08854
1,0,08884
1,1,07730
1,1,08850
1,1,08550
1,1,08854
1,1,08873
1,0,07920
1,1,07830
1,0,08690
1,0,08857
1,1,08619
1,1,08844
1,1,07701
1,1,08820
1,1,08873
1,1,08837
1,0,08857
1,1,07746
1,0,07041
1,1,08857
1,0,07751
1,1,08904
1,0,08816
1,0,08812
1,0,08844
1,1,08831
1,0,08857
1,1,08648
1,1,07751
1,0,08520
1,0,08540
1,0,07738
1,1,08857
1,0,08848
1,1,07746
1,1,08822
1,0,08502
1,0,08844
1,1,08853
1,0,08831
1,0,07008
1,1,08824
1,1,07751
1,1,07747
1,0,07062
1,1,07751
1,0,08628
1,0,08869
1,1,08550
1,0,08550
1,1,08872
1,1,08850
1,0,07746
1,0,08807
1,1,08852
1,0,08540
1,1,08816
1,1,08820
1,1,08831
1,1,08628
1,0,08816
1,1,08816
1,0,08520
1,0,07076
1,0,08610
1,1,08551
1,0,08816
1,0,08807
1,1,07722
1,1,07920
1,0,08854
1,1,08691
1,0,07060
1,0,08863
1,1,08816
1,0,08844
1,1,08835
1,1,08610
1,0,08857
1,0,07751
1,1,07746
1,0,07901
1,1,08817
1,0,08558
1,0,08628
1,1,08876
1,1,08902
1,0,08872
1,0,08502
1,1,08854
1,1,07730
1,0,08873
1,1,08690
1,0,07090
1,1,08551
1,0,08820
1,1,07063
1,1,07066
1,1,08816
1,1,08873
1,0,08852
1,0,07751
1,0,08820
1,1,08536
1,0,08502
1,1,07920
1,1,08831
1,1,08854
1,0,07922
1,0,07724
1,1,08540
1,1,08691
1,1,08822
1,1,08824
1,1,08902
1,0,08830
1,0,08512
1,1,07746
1,0,07920
1,0,07853
1,1,08869
1,0,08854
1,0,08820
1,1,08822
1,0,08844
1,1,08512
1,0,07066
1,1,08854
1,0,08807
1,0,08805
1,1,08540
1,1,08690
1,1,07059
1,1,08876
1,1,07920
1,0,07001
1,1,08817
1,1,08873
1,0,08873
1,1,07830
1,0,08822
1,0,08857
1,1,08876
1,1,08829
1,0,07924
1,1,08690
1,0,08873
1,1,07748
1,1,08619
1,1,08812
1,0,08816
1,1,08902
1,0,08830
1,1,08619
1,1,08619
1,1,08550
1,1,07722
1,1,08873
1,0,08558
1,0,08828
1,1,08810
1,0,07080
1,0,08648
1,0,08902
1,0,08820
1,1,08857
1,1,08863
1,1,08852
1,1,08873
1,1,08530
1,1,08520
1,1,08852
1,1,08889
1,1,08558
1,0,08837
1,0,07060
1,1,07751
1,1,08830
1,1,08816
1,1,08807
1,1,08876
1,0,08822
1,1,08857
1,1,07076
1,0,08801
1,0,08854
1,0,08873
1,1,08831
1,0,08801-3202
1,1,08550
1,1,08853
1,1,08817
1,0,07023
1,0,08852
1,1,07059
1,1,08816
1,0,08610
1,1,08812
1,1,08820
1,0,08816
1,1,08534
1,0,08560
1,1,08840
1,1,08690
1,0,08817
1,0,07924
1,0,08873
1,1,07069
1,0,08822
1,1,08844
1,1,08857
1,1,08520
1,1,07738
1,1,07066
1,0,08854
1,1,08558
1,1,08540
1,1,08904
1,1,08550
1,1,08830
1,1,07746
1,1,08553
1,1,08857
1,1,08540
1,1,08816
1,0,08872
1,0,08829
1,1,07746
1,1,08822
1,1,08690
1,1,08610
1,1,08628
1,1,08536
1,0,08805
1,1,07747
1,1,08865
1,1,08824
1,1,08816
1,0,08859
1,0,08520
1,0,08872
1,1,08502
1,1,08691
1,1,07748
1,1,08820
1,0,08854
1,0,08822
1,1,08854
1,0,08536
1,1,08831
1,1,07747
1,1,07076
1,1,08610
1,1,08865
1,1,07069
1,1,08826
1,1,07747
1,1,08857
1,1,08690
1,1,08844
1,1,08852
1,1,08873
1,0,08520
1,0,08619
1,1,08824
1,1,08873
1,1,08817
1,0,08852
1,0,07092
1,1,08820
1,0,08817
1,1,08820
1,0,07733
1,1,08876
1,1,07738
1,1,07751
1,1,08865
1,1,08857
1,0,08502
1,0,07751
1,0,08876
1,0,08551
1,0,08865
1,1,08540
1,0,08844
1,1,08840
1,1,08876
1,1,08873
1,0,08865
1,1,08540
1,0,08816
1,0,08807
1,1,08844
1,0,07033
1,1,08610
1,1,08846
1,1,07960
1,1,08540
1,0,08850
1,1,08852
1,1,08560
1,0,08869
1,1,08831
1,1,08904
1,1,07095
1,1,08810
1,0,08810
1,1,08550
1,1,08550
1,1,07059
1,1,08810
1,1,08690
1,1,08817
1,1,08810
1,1,07758
1,1,08807
1,1,08807
1,1,07076
1,0,08820
1,0,08609
1,1,08559
1,1,08873
1,1,08889
1,1,08502
1,1,08844
1,1,07722
1,1,08850
1,1,08502
1,0,08558
1,0,08807
1,0,08536
1,0,08831
1,0,08831
1,1,08831
1,1,08820
1,1,08619
1,1,07920
1,1,07069
1,1,08550
1,0,08901
1,0,08873
1,1,07922
1,0,08540
1,1,08882
1,0,08520
1,1,07924
1,1,08540
1,1,07747
1,1,08869
1,1,07701
1,0,07060
1,0,08857
1,1,07733
1,0,08840
1,0,07757
1,1,08520
1,1,08880
1,0,07062
1,1,08854
1,1,08831
1,1,08551
1,0,08873
1,1,08873
1,1,08534
1,0,08837
1,1,08817
1,1,08810
1,1,08824
1,1,07059
1,0,08618
1,1,08824
1,1,08820
1,1,08690
1,1,08812
1,1,08857
1,1,08820
1,0,08831
1,1,08876
1,1,08857
1,1,07076
1,0,07090
1,0,08560
1,1,08844
1,1,08873
1,0,07730
1,1,08810
1,0,07722
1,0,08820
1,1,08690
1,1,08817
1,1,08846
1,1,07920
1,0,08810
1,0,08619
1,0,07008
1,1,07748
1,1,07080
1,1,08902
1,1,08852
1,1,07062
1,1,08840
1,0,08879
1,1,07069
1,0,08824
1,0,08826
1,0,08816
1,1,08854
1,1,08610
1,0,07724
1,0,08810
1,1,08902
1,1,08876
1,0,07059
1,1,08844
1,1,07748
1,1,08536
1,1,08852
1,1,07924
1,1,08852
1,0,08844
1,0,07701
1,1,08831
1,0,07059
1,0,07922
1,1,07704
1,1,08872
1,1,08691
1,1,08844
1,1,08846
1,0,08820
1,0,07060
1,1,08902
1,0,08844
1,1,08820
1,1,07751
1,0,07733
1,1,08854
1,1,08820
1,1,08852
1,0,08536
1,1,08816
1,1,08628
1,0,08831
1,0,08852
1,0,08902
1,0,08846
1,0,08889
1,1,07945
1,0,08609
1,0,08854
1,0,08638
1,1,07095
1,1,08691
1,1,07701
1,1,08857
1,0,08691
1,1,08831
1,1,08558
1,0,08831
1,1,08816
1,1,07722
1,0,07748
1,1,08853
1,0,08873
1,0,08520
1,0,08857
1,1,08831
1,1,07092
1,1,08629
1,1,07730
1,0,07853
1,1,08822
1,1,08559
1,1,08902
1,1,08902
1,1,08884
1,1,08690
1,0,07701
1,1,07747
1,1,07751
1,0,07751
1,1,08629
1,0,08807
1,1,07066
1,1,08831
1,1,08638
1,1,07738
1,0,08536
1,0,08854
1,0,08638
1,1,07747
1,1,08824
1,0,08820
1,0,08840
1,1,08810
1,0,08822
1,1,08846
1,1,07076
1,1,08850
1,0,08844
1,1,07746
1,1,08817
1,0,08520
1,0,08530
1,1,08820
1,1,08534
1,1,08550
1,0,08833
1,1,08512
1,1,07981
1,1,08876
1,0,08831
1,0,07730
1,0,08550
1,0,07920
1,1,08540
1,1,08648
1,1,08822
1,1,08873
1,1,08690
1,0,08859
1,0,08618
1,1,08534
1,1,08854
1,1,07080
1,1,07920
1,1,07060
1,1,08873
1,1,08820
1,1,08690
1,1,08857
1,0,08850
1,0,08536
1,1,08610
1,0,08852
1,0,08827
1,1,07090
1,1,08822
1,1,08857
1,0,07722
1,1,08807
1,1,08558
1,1,08840
1,1,08530
1,1,08832
1,0,08854
1,1,08854
1,1,08846
1,1,08854
1,0,07882
1,0,08844
1,1,08857
1,0,08610
1,0,08831
1,0,07080
1,0,07065
1,1,08876
1,1,08810
1,1,08820
1,0,08859
1,1,08857
1,1,08833
1,0,08837
1,0,08810
1,1,08540
1,0,07001
1,0,07751
1,0,07076
1,0,08857
1,1,08534
1,0,08560
1,1,08854
1,1,08810
1,1,08820
1,1,08540
1,1,08816
1,1,08902
1,1,08690
1,1,08836
1,0,08817
1,0,08520
1,0,08873
1,1,08807
1,1,07016
1,0,07748
1,0,08550
1,0,08857
1,1,07730
1,1,07722
1,0,08816
1,0,07746
1,1,08857
1,0,08520
1,1,07882
1,1,08530
1,1,08691
1,1,08807
1,1,08816
1,1,07059
1,1,08610
1,1,08857
1,0,07746
1,0,08638
1,0,08902
1,1,08540
1,1,08805
1,1,07751
1,1,08822
1,1,08816
1,1,08822
1,0,07922
1,1,08904
1,1,08852
1,0,08820
1,0,07730
1,1,08872
1,1,08831
1,1,08812
1,1,08816
1,0,08817
1,0,08840
1,1,08618
1,0,07067
1,1,08852
1,1,07724
1,1,07724
1,0,08825
1,1,08502
1,1,08648
1,1,08831
1,1,08502
1,1,08820
1,0,08816
1,0,08816
1,1,08872
1,0,07746
1,1,08873
1,0,07081
1,1,07724
1,1,07865
1,1,08638
1,0,08816
1,0,07920
1,0,08844
1,0,08618
1,0,08550
1,0,07067
1,0,08833
1,1,08846
1,1,08638
1,1,08822
1,1,08810
1,1,08882
1,0,07751
1,0,08638
1,1,08831
1,1,08876
1,1,08873
1,0,08857
1,1,08850
1,1,08872
1,1,08852
1,1,08852
1,0,08889
1,0,07738
1,1,07748
1,1,08904
1,0,08807
1,1,08816
1,1,08520
1,1,07064
1,0,07041
1,1,07065
1,1,08844
1,1,08628
1,1,07748
1,0,07730
1,0,08550
1,1,08536
1,1,08807
1,1,08536
1,0,08844
1,0,08558
1,1,08850
1,1,08822
1,0,08816
1,0,07751
1,1,08852
1,0,08846
1,1,08863
1,1,08844
1,0,07008
1,1,08807
1,1,08550
1,1,08873
1,1,08854
1,1,08902
1,1,07067
1,0,08902
1,1,08691
1,0,08852
1,1,08873
1,1,08816
1,0,08820
1,1,07059
1,1,08817
1,0,07920
1,0,08836
1,0,08638
1,0,08873
1,1,08902
1,1,08852
1,0,07076
1,1,08835
1,1,08816
1,1,07016
1,0,07730
1,1,08859
1,1,08820
1,1,08837
1,1,08904
1,1,08873
1,0,08638
1,1,08844
1,1,08844
1,0,07062
1,1,08857
1,0,08820
1,1,08857
1,0,07922
1,0,08857
1,1,07090
1,1,08540
1,0,08609
1,0,07722
1,1,08691
1,0,08867
1,1,07724
1,1,07748
1,0,08879
1,0,08826
1,1,08854
1,0,07758
1,1,08857
1,1,08852
1,0,07746
1,1,08807
1,0,08691
1,1,08859
1,0,08540
1,1,08844
1,0,07730
1,0,08837
1,1,07095
1,0,08846
1,1,08690
1,1,07738
1,0,08820
1,1,08873
1,0,07751
1,1,08816
1,1,08816
1,1,08872
1,0,08502
1,0,08816
1,1,08820
1,1,08820
1,1,08520
1,0,08902
1,1,08809
1,0,07722
1,0,08823
1,0,07920
1,0,07001
1,1,08817
1,1,08502
1,1,08690
1,1,07735
1,0,08540
1,1,07747
1,0,07069
1,1,08820
1,0,08854
1,1,08801
1,1,08816
1,1,08534
1,1,07701
1,1,08902
1,1,07722
1,0,08844
1,1,08852
1,1,08618
1,1,08852
1,0,08820
1,0,08807
1,0,08873
1,1,08854
1,0,08690
1,1,08857
1,1,08873
1,1,08831
1,1,08551
1,0,08816
1,1,08873
1,0,08610
1,0,08691
1,1,07059
1,1,08865
1,0,08691
1,0,08530
1,1,08502
1,1,08854
1,1,07066
1,0,08817
1,0,07095
1,0,08848
1,1,08502
1,0,08873
1,0,07092
1,1,07065
1,0,08835
1,1,08876
1,0,07722
1,1,08540
1,1,08648
1,1,08831
1,1,08827
1,1,08853
1,0,08828
1,1,08876
1,1,08820
1,1,08820
1,1,08534
1,1,08850
1,0,08865
1,1,08551
1,1,08902
1,1,08816
1,1,08840
1,1,07920
1,1,08812
1,1,08873
1,0,07882
1,1,07724
1,1,08840
1,1,08551
1,0,08817
1,1,08854
1,1,07751
1,1,08610
1,1,08873
1,0,08820
1,0,08807
1,1,08817
1,1,08816
1,0,08816
1,1,08805
1,1,08550
1,1,08822
1,1,08809
1,1,08854
1,1,08691
1,1,07830
1,1,08619
1,1,08867
1,1,08867
1,1,07080
1,0,08876
1,0,08902
1,1,08820
1,1,08690
1,0,08902
1,1,08837
1,1,08854
1,0,08550
1,1,08876
1,0,08536
1,0,08520
1,1,07095
1,1,07751
1,0,07746
1,1,08857
1,1,08807
1,0,08610
1,0,08540
1,1,08902
1,1,08876
1,0,08648
1,1,08844
1,0,07747
1,1,07080
1,0,07751
1,1,08867
1,0,08853
1,0,07920
1,0,07746
1,1,08817
1,1,08502
1,1,07924
1,1,08827
1,1,08540
1,0,08876
1,0,08879
1,1,08638
1,0,08861
1,1,08502
1,0,08876
1,1,08902
1,1,07748
1,1,07722
1,1,08850
1,0,08902
1,0,08648
1,0,08854
1,1,08558
1,1,07722
1,1,08536
1,1,08902
1,1,08550
1,1,08551
1,0,08629
1,1,08844
1,0,07751
1,1,08831
1,1,08865
1,0,08628
1,0,08812
1,1,07702
1,0,08857
1,1,08502
1,1,08844
1,1,07701
1,1,07090
1,1,08816
1,0,08534
1,1,07080
1,0,08611
1,1,08831
1,0,08824
1,1,08831
1,1,08648
1,1,07748
1,0,08873
1,1,07924
1,1,07059
1,1,08558
1,1,08886
1,1,08820
1,1,08902
1,1,08873
1,0,08901
1,1,08540
1,0,08550
1,0,08854
1,1,07059
1,1,07746
1,1,08854
1,1,08816
1,1,07757
1,1,08816
1,1,08820
1,1,34119
1,1,08829
1,0,08820
1,0,08830
1,0,08629
1,0,08848
1,1,08873
1,1,08873
1,1,08831
1,1,08852
1,1,07922
1,0,08820
1,0,08810
1,1,08857
1,0,08830
1,1,07730
1,1,08690
1,1,07751
1,1,08648
1,1,08822
1,0,08691
1,1,08540
1,0,07076
1,1,08873
1,1,08846
1,1,08540
1,1,07730
1,1,07701
1,0,07066
1,1,07979
1,1,08840
1,1,07920
1,1,08816
1,0,07920
1,1,08854
1,1,08691
1,1,08837
1,1,08560
1,1,07724
1,0,08820
1,0,08824
1,1,08502
1,1,08648
1,0,07722
1,1,08812
1,0,07928
1,0,08817
1,0,08822
1,0,08873
1,1,08826
1,1,07748
1,0,08844
1,1,08810
1,1,07853
1,0,07062
1,1,08831
1,1,07751
1,0,08857
1,1,08857
1,1,08816
1,1,08857
1,0,08807
1,0,08807
1,1,08857
1,0,08641
1,1,08558
1,1,08846
1,1,08810
1,1,08520
1,1,08857
1,1,08876
1,1,07751
1,1,08816
1,1,08859
1,1,07722
1,0,08852
1,1,08857
1,0,08550
1,0,08822
1,1,07704
1,1,08844
1,1,08876
1,0,07748
1,1,08690
1,0,08840
1,1,08825
1,0,08820
1,0,08831
1,1,08648
1,1,08833
1,0,07016
1,0,08857
1,0,08502
1,1,08835
1,1,08822
1,1,08854
1,1,07080
1,0,08873
1,0,08822
1,1,08558
1,1,08502
1,0,08807
1,1,08831
1,1,08520
1,0,08844
1,1,08816
1,0,08817
1,1,07008
1,1,08810
1,1,08820
1,1,08536
1,0,08820
1,1,08812
1,1,07757
1,0,08857
1,0,08889
1,1,08827
1,0,08558
1,1,08540
1,1,08846
1,1,07067
1,1,08822
1,1,07068
1,0,08816
1,0,08833
1,0,08816
1,1,08844
1,0,08830
1,1,08540
1,1,08844
1,1,08691
1,1,08525
1,1,08812
1,0,08852
1,1,08628
1,0,08618
1,1,08873
1,1,08690
1,0,08540
1,1,08852
1,1,08820
1,1,07924
1,1,08873
1,1,08691
1,0,08807
1,0,08558
1,1,08820
1,0,08816
1,0,08810
1,1,08691
1,1,08648
1,0,07001
1,0,08831
1,1,08534
1,0,08873
1,0,08861
1,1,08810
1,1,08502
1,1,08872
1,1,07080
1,1,07063
1,1,08872
1,0,07922
1,1,08807
1,1,08820
1,0,08534
1,1,07059
1,1,08901
1,1,07724
1,0,08854
1,1,08867
1,1,08827
1,0,08854
1,1,08820
1,1,08831
1,1,08807
1,1,08816
1,0,08889
1,1,08857
1,0,08857
1,1,08852
1,1,08824
1,0,08805
1,0,08816
1,1,08902
1,0,08831
1,1,08859
1,0,08857
1,1,08824
1,1,08629
1,0,07069
1,1,08854
1,1,07724
1,1,08873
1,0,08857
1,1,08831
1,0,08857
1,0,07063
1,1,08824
1,1,08873
1,1,08824
1,0,07008
1,1,08844
1,1,08801
1,0,08822
1,1,08854
1,1,08648
1,0,08831
1,1,08540
1,0,07704
1,1,08857
1,0,08816
1,0,08812
1,1,08540
1,1,08822
1,0,08820
1,1,08551
1,1,08619
1,1,08820
1,0,08807
1,0,08540
1,1,07722
1,1,08540
1,1,07067
1,1,08619
1,0,08844
1,1,08857
1,1,08854
1,0,08618
1,0,08534
1,0,08857
1,0,08852
1,1,08904
1,1,08852
1,1,08534
1,0,08859
1,0,08817
1,0,08822
1,0,08852
1,1,08816
1,1,07746
1,1,08854
1,1,08873
1,1,07730
1,0,08872
1,1,07076
1,0,08854
1,1,08824
1,1,08833
1,1,08844
1,0,07747
1,1,08540
1,0,08876
1,1,07080
1,1,08816
1,1,08859
1,0,08691
1,1,07751
1,1,07060
1,1,08846
1,1,08820
1,0,07751
1,1,08859
1,0,08816
1,1,08536
1,1,08520
1,1,07730
1,0,08628
1,0,07748
1,1,08844
1,1,08827
1,1,08822
1,0,08534
1,1,07701
1,0,07920
1,1,08831
1,1,07701
1,0,07702
1,1,08817
1,0,08502
1,0,08820
1,1,08846
1,0,08807
1,0,08857
1,0,08820
1,0,08540
1,0,08807
1,1,08820
1,0,07067
1,0,07746
1,0,08823
1,1,07008
1,1,08520
1,1,08807
1,0,08638
1,1,08540
1,0,08648
1,1,08502
1,0,08502
1,0,08853
1,1,07748
1,0,08648
1,0,08820
1,1,07095
1,1,08560
1,1,08831
1,1,08854
1,1,08831
1,0,08837
1,0,08889
1,0,08837
1,1,08540
1,0,08820
1,0,08817
1,0,07008
1,0,08861
1,1,07059
1,0,07066
1,1,08618
1,0,08502
1,0,08831
1,1,08854
1,0,08904
1,1,08835
1,1,08848
1,0,07060
1,1,08512
1,1,08534
1,0,07702
1,1,08820
1,1,08807
1,1,08867
1,1,08820
1,0,07080
1,0,08844
1,1,07701
1,1,08857
1,1,07712
1,1,08840
1,1,08854
1,1,07922
1,1,08558
1,1,08807
1,1,08820
1,1,08691
1,0,08820
1,1,08816
1,1,08812
1,0,08848
1,0,08534
1,0,08628
1,1,08512
1,0,08619
1,0,08902
1,1,08638
1,1,08817
1,1,07748
1,1,07080
1,1,07751
1,1,08844
1,0,08902
1,0,08810
1,1,07738
1,0,08902
1,1,08810
1,1,08873
1,1,08872
1,1,08536
1,1,08550
1,0,08889
1,1,08820
1,0,08902
1,0,08902
1,0,08619
1,0,08831
1,1,08560
1,1,07924
1,1,08512
1,1,08863
1,1,08865
1,1,08820
1,1,08902
1,1,07748
1,0,08873
1,0,07060
1,0,08629
1,1,07928
1,1,08830
1,1,08876
1,1,08550
1,0,08820
1,1,08805
1,0,08550
1,0,08831
1,1,07757
1,0,07751
1,1,08610
1,1,07751
1,1,08854
1,1,08816
1,0,08872
1,1,08638
1,0,08873
1,0,08558
1,1,07747
1,1,08822
1,1,08854
1,1,07931
1,1,08824
1,1,08854
1,0,08618
1,1,08822
1,0,08831
1,1,08857
1,0,08828
1,1,08501
1,1,08844
1,1,08844
1,0,08820
1,1,07746
1,1,08831
1,1,08817
1,1,07060
1,1,08844
1,1,08854
1,1,08857
1,1,08502
1,0,08902
1,0,08816
1,1,08619
1,0,07067
1,1,08857
1,1,08638
1,0,08873
1,1,08844
1,0,08876
1,1,08820
1,0,07036
1,1,08512
1,1,07747
1,1,07001
1,0,08844
1,1,07746
1,0,08844
1,0,08902
1,0,08638
1,0,07882
1,1,07724
1,1,08831
1,0,08802
1,1,08820
1,1,08844
1,0,07066
1,0,07076
1,0,07751
1,0,07747
1,1,08854
1,0,08820
1,1,08540
1,1,08551
1,0,08816
1,1,07701
1,1,08550
1,0,08810
1,0,08540
1,1,08822
1,1,08534
1,1,08833
1,0,08691
1,1,08816
1,1,08807
1,0,07063
1,0,07724
1,1,07001
1,1,07747
1,0,08807
1,0,07060
1,1,08820
1,1,08550
1,0,07036
1,0,08638
1,1,08540
1,1,07922
1,1,08820
1,0,07064
1,1,08844
1,0,07701
1,0,08817
1,1,07722
1,1,08859
1,0,08844
1,1,07712
1,1,08550
1,1,08520
1,1,08844
1,1,07067
1,1,08502
1,1,08807
1,1,08873
1,0,08854
1,1,08820
1,0,08807
1,1,08807
1,0,07751
1,1,08835
1,1,08857
1,1,07063
1,0,08837
1,0,08844
1,1,07747
1,0,08820
1,0,08902
1,0,08820
1,1,08807
1,0,07746
1,1,08833
1,1,08844
1,1,07008
1,1,07722
1,1,08551
1,1,08865
1,1,08536
1,1,07724
1,0,08550
1,0,08820
1,1,08886
1,0,08520
1,1,08550
1,1,08816
1,0,08889
1,0,07960
1,1,07081
1,0,08628
1,1,07747
1,1,08817
1,1,08857
1,0,08540
1,1,08807
1,1,08902
1,1,07920
1,0,08550
1,0,08691
1,1,07008
1,1,08540
1,0,07853
1,0,08822
1,0,08559
1,1,08857
1,1,07722
1,0,08540
1,0,08540
1,1,08844
1,0,08879
1,1,08844
1,1,08873
1,0,08857
1,1,07751
1,1,08854
1,0,08618
1,1,08902
1,0,08902
1,1,08867
1,1,08844
1,0,07067
1,0,08691
1,0,08857
1,0,08867
1,1,08876
1,1,07722
1,0,07069
1,0,08822
1,0,08902
1,0,08820
1,1,08831
1,0,08854
1,1,07059
1,0,08629
1,0,07746
1,1,08534
1,0,07746
1,0,07920
1,1,08869
1,1,08520
1,0,07064
1,1,08857
1,0,07080
1,1,08873
1,1,08873
1,0,08844
1,1,07830
1,1,08846
1,1,07747
1,1,08638
1,1,08852
1,1,07067
1,1,08873
1,1,08551
1,1,08902
1,1,08816
1,1,08852
1,0,07722
1,0,08835
1,1,08844
1,1,08619
1,0,07059
1,1,08816
1,1,08831
1,0,08618
1,0,08873
1,0,08831
1,0,07882
1,1,08810
1,1,08873
1,1,07960
1,1,08823
1,0,07722
1,1,08873
1,1,08502
1,1,08540
1,0,08820
1,1,07748
1,1,08816
1,1,07060
1,0,08536
1,1,08863
1,1,08820
1,1,08807
1,1,08873
1,1,08852
1,1,08852
1,1,08820
1,1,08820
1,1,08837
1,0,08820
1,1,08876
1,1,07748
1,0,08540
1,0,08873
1,0,07060
1,0,08558
1,0,08560
1,0,08854
1,1,08540
1,1,08824
1,1,08822
1,1,08559
1,1,08550
1,1,08831
1,1,08807
1,1,08852
1,0,07008
1,0,08810
1,1,08540
1,1,08831
1,1,08852
1,1,08872
1,0,08827
1,1,08512
1,0,08816
1,0,08873
1,1,08816
1,1,08534
1,1,08844
1,1,08691
1,1,08884
1,0,08807
1,0,08816
1,0,07068
1,1,08812
1,1,08550
1,1,08831
1,0,08831
1,0,08831
1,1,08816
1,0,08857
1,1,08525
1,1,08857
1,1,08833
1,1,08854
1,0,08857
1,1,08844
1,1,07920
1,0,08648
1,1,08889
1,1,07067
1,1,08902
1,0,08820
1,0,08844
1,1,08884
1,1,07751
1,1,07080
1,1,08534
1,1,08889
1,0,07724
1,0,08820
1,1,08844
1,1,08817
1,0,07747
1,0,08831
1,1,07748
1,0,08844
1,1,08807
1,0,08820
1,1,07747
1,0,08854
1,0,08853
1,1,08628
1,1,08848
1,0,08824
1,0,08852
1,0,08550
1,1,07924
1,0,07036
1,1,08691
1,1,08540
1,0,08852
1,1,08865
1,0,08690
1,1,08822
1,1,08857
1,1,08827
1,1,08820
1,0,07960
1,1,08820
1,0,08865
1,1,08540
1,1,08837
1,0,08619
1,1,08872
1,1,07060
1,1,07746
1,0,07059
1,0,08844
1,0,08690
1,0,08816
1,0,08540
1,0,07001
1,0,08820
1,1,07067
1,1,07747
1,1,07036
1,1,07751
1,1,08619
1,1,07724
1,1,08550
1,1,08691
1,1,07730
1,1,08872
1,1,07746
1,0,07060
1,0,07882
1,1,08816
1,0,08534
1,1,08502
1,1,08534
1,1,08848
1,1,08540
1,1,08835
1,1,08550
1,1,08619
1,1,08536
1,1,08873
1,0,08638
1,0,08827
1,1,08844
1,0,07060
1,1,08852
1,0,08859
1,1,07737
1,1,07067
1,1,08820
1,1,08691
1,0,08831
1,1,08854
1,1,08880
1,0,08844
1,1,08558
1,1,07080
1,0,08550
1,1,08863
1,0,07069
1,1,08816
1,1,07060
1,1,08831
1,1,08831
1,1,08820
1,0,08857
1,1,07920
1,0,08502
1,1,07069
1,1,07748
1,1,07059
1,0,08823
1,1,08822
1,1,07059
1,1,07751
1,1,07722
1,1,08534
1,0,07738
1,1,08852
1,1,08831
1,1,08831
1,0,08550
1,0,07092
1,1,08827
1,1,08867
1,0,08648
1,1,08852
1,0,08886
1,1,08830
1,1,07748
1,1,08502
1,0,08857
1,1,07920
1,0,08609
1,1,07090
1,1,07735
1,1,08820
1,1,08816
1,1,08872
1,0,08525
1,1,07748
1,1,08690
1,1,08865
1,0,08831
1,1,08863
1,1,08831
1,1,07746
1,1,08817
1,1,07974
1,1,07008
1,1,08852
1,0,08852
1,1,08807
1,1,08886
1,1,08530
1,1,07746
1,1,08824
1,1,08690
1,0,08844
1,1,08820
1,0,08820
1,0,07758
1,0,08889
1,1,08873
1,1,08807
1,1,07751
1,1,08801
1,1,07080
1,0,07701
1,0,08844
1,1,07931
1,1,08844
1,1,08861
1,1,08824
1,1,08848
1,1,07730
1,1,08822
1,0,07712
1,0,08861
1,0,07067
1,0,08809
1,1,08902
1,0,07063
1,0,07063
1,1,07901
1,1,08873
1,1,08831
1,0,08816
1,1,08558
1,1,08827
1,1,07063
1,1,07746
1,0,08857
1,0,07095
1,0,08830
1,1,08619
1,1,08536
1,1,07921
1,1,08848
1,1,08824
1,1,08558
1,1,08550
1,1,08820
1,1,08854
1,1,08854
1,1,08648
1,1,08872
1,1,08857
1,1,08502
1,0,08817
1,1,08863
1,1,08618
1,1,08850
1,1,07748
1,0,07853
1,1,08628
1,1,07920
1,0,08876
1,0,08540
1,1,08502
1,0,08857
1,0,08553
1,1,08857
1,0,07008
1,1,08852
1,1,08534
1,0,08690
1,1,07981
1,1,08618
1,0,08641
1,0,08805
1,1,08816
1,0,08550
1,1,08540
1,1,08628
1,1,08502
1,0,08536
1,1,07746
1,1,08802
1,1,08816
1,1,08619
1,1,08820
1,1,08550
1,1,08872
1,1,08854
1,1,08502
1,0,07747
1,1,07882
1,1,07751
1,1,08809
1,1,08816
1,1,07748
1,1,08857
1,0,08840
1,1,08540
1,0,08619
1,1,08830
1,0,08812
1,1,08810
1,1,07080
1,1,08854
1,1,08827
1,1,07920
1,1,08831
1,1,07067
1,1,08807
1,0,07090
1,0,07747
1,1,08854
1,0,08844
1,0,07747
1,1,08884
1,0,08534
1,0,07080
1,1,07701
1,0,08844
1,1,08802
1,1,07746
1,1,08820
1,0,08831
1,1,08857
1,0,07081
1,0,08873
1,0,08837
1,1,08536
1,1,07960
1,0,07747
1,0,08551
1,0,08876
1,1,08872
1,1,08857
1,1,08619
1,0,07060
1,1,08628
1,0,08873
1,0,08852
1,1,07722
1,0,08872
1,0,07023
1,0,08902
1,1,07747
1,1,08820
1,0,07060
1,1,08844
1,1,08816
1,1,08551
1,0,08611
1,0,08820
1,1,08550
1,1,07066
1,1,08638
1,1,08558
1,1,08831
1,1,08551
1,0,07920
1,1,08540
1,0,07751
1,1,08831
1,1,07730
1,0,08859
1,1,08857
1,1,08502
1,1,07080
1,0,08816
1,1,08822
1,0,08618
1,1,08854
1,1,08820
1,0,08822
1,1,08844
1,1,08865
1,1,08902
1,0,07737
1,1,08540
1,0,07069
1,0,08550
1,1,08857
1,0,08859
1,1,08820
1,0,08857
1,1,08502
1,0,08863
1,1,07008
1,0,08873
1,0,08540
1,0,08540
1,0,08857
1,1,08846
1,0,08854
1,1,08873
1,1,07922
1,0,08810
1,1,08810
1,1,08828
1,1,08807
1,1,08831
1,1,08558
1,0,07746
1,1,08853
1,1,08873
1,1,08844
1,1,08844
1,0,08560
1,0,08558
1,1,08540
1,1,08827
1,1,17527
1,0,17602
1,0,19363
1,0,19320
1,1,19608
1,0,17022
1,1,17601
1,1,19605
1,0,17566
1,1,19606
1,1,17512
1,1,19363
1,0,19363
1,0,17579
1,1,19320
1,1,19320
1,1,17517
1,1,19510
1,0,19320
1,0,17566
1,1,19522
1,0,17545
1,0,17557
1,1,17543
1,0,19605
1,1,17603
1,0,19606
1,0,19543
1,1,17601
1,1,17603
1,0,17512
1,1,17543
1,1,19320
1,0,19602
1,1,19365
1,1,17522
1,0,17501
1,1,19560
1,1,19508
1,1,19320
1,1,19551
1,1,19540
1,1,19605
1,1,17517
1,1,19352
1,1,17078
1,0,17519
1,1,19320
1,1,17042
1,1,19363
1,1,19605
1,0,17022
1,0,19606
1,0,17512
1,0,17046
1,1,19606
1,0,19344
1,1,17536
1,0,19520
1,1,17527
1,1,19501
1,0,17601
1,0,17601
1,0,19608
1,1,19320
1,1,17560
1,1,19320
1,0,17543
1,0,19606
1,0,19390
1,1,19320
1,1,17078
1,0,19606
1,0,17566
1,0,19320
1,1,19363
1,0,17543
1,1,19320
1,1,17552
1,0,19541
1,0,19601
1,1,17579
1,1,19506
1,0,19508
1,0,19610
1,0,17552
1,1,19518
1,1,19320
1,1,19320
1,1,19540
1,1,19320
1,1,19352
1,1,19501
1,0,19506
1,0,19565
1,1,19344
1,0,19565
1,1,19608
1,0,17579
1,1,17572
1,1,17022
1,1,17042
1,1,19344
1,1,19605
1,1,19390
1,0,17543
1,1,19320
1,1,19610
1,1,19543
1,1,17522
1,1,19352
1,0,17543
1,0,17078
1,1,19609
1,0,17543
1,1,19508
1,0,19335
1,1,19605
1,0,19352
1,0,19607
1,1,17540
1,0,19510
1,0,19363
1,0,17078
1,0,17517
1,1,17543
1,1,19518
1,0,19602
1,1,19533
1,1,17512
1,0,17603
1,0,19344
1,0,17566
1,1,19390
1,1,19543
1,1,19390
1,0,17601
1,1,17519
1,1,17022
1,1,17517
1,1,19608
1,0,19320
1,1,19551
1,1,17563
1,1,19363
1,1,17601
1,0,19551
1,1,17512
1,0,17042
1,1,19607
1,0,17543
1,1,19320
1,0,19608
1,0,19608
1,0,17517
1,0,17545
1,1,19606-3420
1,0,19330
1,0,19320
1,0,19540
1,1,19510
1,1,19605
1,1,19320
1,1,19565
1,0,19543
1,1,19540
1,0,17557
1,0,17046
1,1,19520
1,1,17046
1,1,17003
1,0,19533
1,1,19508
1,0,19608
1,1,17505
1,1,17543
1,1,19320
1,0,19541
1,0,19608
1,0,17501
1,1,17522
1,0,17603
1,1,17552
1,1,17601
1,1,17601
1,1,17046
1,1,17046
1,1,17522
1,0,17578
1,1,19540
1,1,17602
1,0,19533
1,0,17522
1,1,17578
1,1,19543
1,0,17543
1,1,19520
1,0,19606
1,1,19320
1,1,17022
1,0,17601
1,1,19522
1,1,19320
1,0,19606
1,1,19320
1,0,19533
1,1,17522
1,1,19320
1,0,19320
1,0,19363
1,1,17540
1,0,19540
1,0,19390
1,1,17562
1,0,17569
1,1,17601
1,0,17601
1,0,19320
1,1,17555
1,1,19390
1,1,19608
1,1,17042
1,1,17603
1,1,17078
1,0,17602
1,1,17543
1,0,19510
1,1,17543
1,0,17602
1,1,19320
1,1,17522
1,0,19320
1,1,17067
1,1,17579
1,0,17517
1,1,17073
1,0,19601
1,1,19363
1,1,19363
1,1,19565
1,1,19533
1,0,17603
1,0,19540
1,1,19508
1,0,19510
1,0,17519
1,0,17603
1,1,19607
1,1,19610
1,1,19605
1,0,19605
1,0,19320
1,0,17517
1,0,19608
1,1,19610
1,1,19551
1,1,19560
1,0,19540
1,0,19310
1,1,17042
1,1,19540
1,0,19320
1,0,17543
1,1,17042
1,0,19608
1,1,17602
1,0,19352
1,0,17601
1,1,19344
1,1,19320
1,0,19609
1,0,17517
1,1,19606
1,1,17512
1,1,17543
1,0,19363
1,0,19541
1,0,17545
1,1,17543
1,1,19320
1,0,19320
1,1,17543
1,1,19365
1,0,17545
1,0,19540
1,1,19608
1,1,17543
1,0,19608
1,0,19609
1,1,17073
1,1,17543
1,1,17517
1,0,17603
1,1,19363
1,1,17003
1,0,17601
1,1,17552
1,1,19607
1,1,17517
1,1,19610
1,1,17603
1,1,17543
1,1,17522
1,0,17505
1,1,19605
1,0,19344
1,1,17557
1,0,19540
1,0,19520
1,1,17073
1,0,17543
1,0,19601
1,1,17584
1,1,19510
1,0,19352
1,1,17046
1,1,17509
1,1,17522
1,1,17543
1,1,17046
1,0,19508
1,1,19320
1,0,17522
1,1,19363
1,0,17543
1,1,19608
1,1,17042
1,0,17543
1,0,17540
1,0,19606
1,1,19605
1,1,17046
1,0,17579
1,1,19607
1,0,17042
1,1,17022
1,0,19604
1,0,17557
1,0,17545
1,0,17601
1,0,19606
1,1,19540
1,0,17519
1,0,19543
1,0,17046
1,0,17543
1,0,19533
1,0,19606
1,1,17042
1,0,19602
1,0,17601
1,0,19608
1,1,19605
1,0,17545
1,0,19320
1,1,19551
1,0,19608
1,1,17522
1,1,19320
1,1,17601
1,1,19365
1,0,19320
1,0,19609
1,1,19540
1,0,19611
1,1,17543
1,0,19352
1,0,17552
1,0,19320
1,0,17543
1,0,17602
1,0,17543
1,1,19352
1,1,19533
1,1,19352
1,1,17603
1,1,17522
1,0,19606
1,1,19606
1,1,19320
1,1,19610
1,0,17562
1,0,19320
1,1,19610
1,0,17551
1,1,19320
1,1,19320
1,1,17519
1,1,17545
1,1,19390
1,1,19330
1,1,17527
1,0,19320
1,0,17512
1,1,19608
1,0,17569
1,1,17545
1,1,19320
1,0,17603
1,1,17601
1,0,17522
1,0,17601
1,0,17557
1,0,17602
1,1,19508
1,0,19320
1,1,17046
1,1,19320
1,1,19320
1,0,17603
1,0,19365
1,0,19320
1,0,19506
1,1,17601
1,1,19352
1,0,19320
1,1,19352
1,0,19565
1,1,17551
1,1,17519
1,1,19533
1,1,17522
1,1,17522
1,0,19565
1,1,19362
1,1,19363
1,0,17501
1,1,19320
1,1,19310
1,1,19608
1,0,19390
1,1,17501
1,0,17557
1,1,17602
1,1,19330
1,0,17543
1,0,17517
1,0,17560
1,0,17042
1,1,19344
1,0,19320
1,1,19320
1,0,19320
1,1,19543
1,1,17569
1,0,19606
1,1,19390
1,0,17046
1,1,19606
1,0,19608
1,0,17540
1,0,19344
1,1,19352
1,0,17543
1,0,17078
1,1,17543
1,1,19610
1,1,19567
1,1,19605
1,0,19551
1,1,19606
1,1,19508
1,1,19540
1,1,19320
1,0,19606
1,1,19607
1,0,17543
1,1,19565
1,0,17602
1,1,17603
1,0,19565
1,0,19607
1,0,17603
1,0,19601
1,0,19565
1,1,17073
1,1,19609
1,0,19606
1,1,17042
1,0,19541
1,1,17042
1,0,17501
1,1,19543
1,0,17078
1,1,19533
1,1,19606
1,0,17026
1,1,17603
1,1,19320
1,1,19365
1,1,19609
1,0,17067
1,0,17555
1,0,17602
1,1,17509
1,1,19608
1,1,19608
1,1,19608
1,0,17042
1,1,17522
1,0,19320
1,1,19605
1,1,17555
1,0,17517
1,1,19533
1,0,19606
1,0,19390
1,0,19609
1,1,17601
1,1,19320
1,0,17602
1,1,17046
1,0,19601
1,1,19608
1,0,19320
1,1,19320
1,0,19540
1,1,17552
1,1,17566
1,0,19320
1,0,19540
1,0,17543
1,0,19602
1,1,19320
1,1,17042
1,0,17543
1,0,17555
1,1,19610
1,0,19320
1,1,17552
1,0,17602
1,1,19607
1,1,19508
1,1,17536
1,0,17601
1,0,19508
1,1,17543
1,1,17601
1,1,19363
1,1,19352
1,1,19520
1,1,17552
1,0,19320
1,0,17522
1,1,17557
1,0,19508
1,1,19605
1,1,17579
1,0,17578
1,1,19352
1,1,19363
1,1,19540
1,1,19352
1,1,17536
1,1,19540
1,0,19510
1,1,17067
1,0,19560
1,0,17520
1,0,17569
1,0,17522
1,0,17579
1,0,17517
1,0,17046
1,1,19510
1,0,17046
1,0,19363
1,0,17022
1,1,17003
1,0,19320
1,1,17022
1,0,17543
1,1,17557
1,0,19506-9515
1,1,19608
1,0,17501
1,1,19608
1,1,19508
1,1,19606
1,1,19607
1,1,17584
1,1,19608
1,1,19352
1,0,17584
1,0,17603
1,1,17602
1,1,17603
1,1,19543
1,1,17603
1,0,19565
1,0,19320
1,1,17078
1,0,17543
1,1,19606
1,1,19543
1,0,19320
1,1,17042
1,1,17042
1,1,19352
1,1,17078
1,1,19522
1,1,19335
1,0,19320
1,0,19609
1,1,19610
1,0,19606
1,1,19508
1,0,19320
1,1,19543
1,1,17522
1,0,19602
1,0,17602
1,0,17538
1,0,17540
1,1,17562
1,0,19510
1,1,17552
1,0,19565
1,1,19605
1,1,17042
1,0,19543
1,1,19606
1,0,17557
1,0,19363
1,1,19320
1,0,19601
1,1,19560
1,1,19540
1,1,17064
1,1,19352
1,0,19604
1,0,19606
1,1,17517
1,0,19320
1,1,19320
1,1,17522
1,0,17545
1,1,19320
1,0,17543
1,0,19363
1,1,17522
1,1,19533
1,1,19352
1,0,17603
1,0,17536
1,1,19605
1,0,19606
1,1,19352
1,1,19352
1,1,19543
1,1,17551
1,1,19320
1,1,19605
1,1,17562
1,1,19320
1,1,17543
1,1,17543
1,1,17602
1,1,17022
1,0,19344
1,0,17505
1,1,19390
1,1,17517
1,1,17603
1,0,17522
1,1,17527
1,0,19606
1,1,17522
1,1,19344
1,1,17042
1,1,19344
1,1,19320
1,1,19607
1,1,19608
1,1,19565
1,1,19320
1,1,19606
1,0,19606
1,0,19608
1,0,17536
1,1,17078
1,1,19320
1,1,19344
1,1,19320
1,0,17578
1,0,17535
1,1,17569
1,1,19320
1,0,19607
1,1,19390
1,1,19606
1,0,19560
1,0,17543
1,0,17601
1,0,17551
1,1,19610
1,0,19606
1,0,19606
1,1,19518
1,1,17578
1,0,17042
1,1,19344
1,0,19540
1,1,19543
1,1,19508
1,1,17543
1,1,17569
1,1,19365
1,1,19320
1,1,19560
1,1,17046
1,0,19605
1,0,19602
1,1,17552
1,0,19560
1,0,17543
1,1,19540
1,1,19601
1,1,19601
1,1,19607
1,1,17538
1,1,17519
1,0,19320
1,0,17579
1,0,17543
1,1,19608
1,1,17601
1,1,19344
1,1,19344
1,1,17572
1,1,19352
1,0,17520
1,1,17527
1,1,19606
1,1,17517
1,0,17512
1,0,17603
1,0,17557
1,1,19608
1,1,19330
1,0,17543
1,1,17067
1,1,17536
1,0,17601
1,0,17519
1,1,17042
1,0,17601
1,0,19320
1,0,17557
1,1,19607
1,0,19541
1,1,19607
1,1,17552
1,1,19390
1,1,19605
1,0,19607
1,1,17603
1,1,19543
1,0,19320
1,0,17557
1,1,19363
1,1,19605
1,1,17602
1,0,17003
1,1,19363
1,1,17520
1,1,19508
1,1,17603
1,1,17042
1,0,17078
1,0,17517
1,1,19606
1,0,19608
1,0,19607
1,1,19608
1,1,19390
1,0,19330
1,1,17543
1,1,17543
1,0,17603
1,0,17602
1,1,17078
1,0,19606
1,0,17022
1,1,17073
1,1,19390
1,0,19320
1,0,19390
1,0,19540
1,1,19344
1,0,19601
1,0,19602
1,0,17022
1,1,19344
1,0,17022
1,0,19541
1,0,19541
1,0,19610
1,1,17578
1,1,19610
1,1,19320
1,1,19310
1,1,19606
1,1,17519
1,1,19510
1,1,17601
1,0,17560
1,1,19510
1,0,19320
1,0,19320
1,0,17578
1,0,19601
1,0,17519
1,1,19543
1,1,19344
1,1,19560
1,1,17517
1,1,19390
1,1,19540
1,1,19363
1,0,17522
1,1,17519
1,0,17601
1,0,17519
1,1,19390
1,0,17602
1,1,19540
1,0,19601
1,0,17601
1,1,17042
1,0,19390
1,0,19320
1,1,19320
1,0,19565
1,0,19540
1,0,17579
1,1,19363
1,1,17517
1,0,17067
1,1,19508
1,0,17552
1,1,19344
1,1,17538
1,1,17073
1,0,19390
1,1,19344
1,1,19607
1,0,19363
1,0,19611
1,0,19606
1,1,19609
1,0,17512
1,0,19606
1,1,19320
1,0,17512
1,1,19319
1,1,19608
1,0,19560
1,1,17601
1,1,17046
1,0,17563
1,0,17022
1,1,17055
1,1,19365
1,1,17603
1,1,19543
1,1,17022
1,1,17042
1,1,17579
1,0,17545
1,1,17522
1,1,17003
1,0,17517
1,0,17543
1,0,19541
1,0,19510
1,0,17545
1,1,19352
1,1,17522
1,0,17517
1,1,17505
1,0,19507
1,1,19363
1,1,19540
1,1,17522
1,0,19320
1,1,17512
1,0,19310
1,0,17601
1,1,19508
1,0,17601
1,1,19605
1,1,17042
1,0,19543
1,0,17535
1,1,19506
1,1,19320
1,0,19601
1,1,19320
1,1,19607
1,1,19565
1,0,17519
1,1,19363
1,1,17584
1,1,19320
1,1,19533
1,1,19541
1,1,17535
1,1,19390
1,0,17552
1,0,17522
1,0,17073
1,0,17543
1,1,17569
1,1,17522
1,0,17603
1,0,19606
1,1,17543
1,1,19344
1,1,17522
1,0,19320
1,1,19606
1,1,17538
1,0,17527
1,1,19352
1,0,17046
1,1,17509
1,0,17042
1,1,19608
1,1,17527
1,0,19601
1,0,19320
1,0,19320
1,1,17545
1,0,19565
1,0,17512
1,1,19560
1,1,17046
1,0,19320
1,0,19320
1,0,17602
1,1,19605
1,1,19320
1,0,19608
1,0,17022
1,0,19606
1,0,17569
1,1,19320
1,1,17538
1,1,17601
1,1,19352
1,1,19363
1,1,17555
1,1,19320
1,1,19605
1,1,19335
1,0,19320
1,1,17545
1,1,19610
1,0,19363
1,0,17522
1,0,19601
1,1,19567
1,0,19607
1,1,19606
1,0,17543
1,1,19608
1,1,17042
1,0,19606
1,1,19320
1,0,17073
1,1,19565
1,1,17536
1,0,19320
1,1,19352
1,1,19610
1,0,17022
1,1,17543
1,0,17517
1,1,17560
1,1,17522
1,1,17543
1,1,19606
1,1,19352
1,0,17517
1,1,19543
1,0,17555
1,0,19606
1,1,17517
1,0,17517
1,1,19320
1,1,19320
1,0,17545
1,0,19363
1,1,19344
1,0,17552
1,1,19335
1,0,19565
1,0,19605
1,0,19610
1,0,19507
1,1,19390
1,0,19352
1,0,19605
1,1,17603
1,1,19540
1,1,19543
1,0,19606
1,1,19540
1,1,17042
1,0,19610
1,1,19610
1,0,17520
1,1,19363
1,1,17545
1,1,19606
1,1,19606
1,1,19352
1,1,19372
1,0,19508
1,1,17602
1,1,19608
1,1,17078
1,0,19608
1,1,19363
1,1,19320
1,1,19390
1,1,19363
1,1,19363
1,1,19606
1,1,17016
1,0,17042
1,1,17046
1,0,19610
1,1,17522
1,1,17042
1,1,17584
1,1,19608
1,1,17519
1,1,17543
1,1,19508
1,0,17601
1,0,17581
1,0,19510
1,1,19320
1,1,17522
1,0,19604
1,1,19330
1,0,19390
1,1,19540
1,0,19565
1,0,19520
1,1,17543
1,0,17022
1,1,17042
1,1,19543
1,1,17540
1,0,17540
1,1,19601
1,0,19543
1,1,19510
1,1,17543
1,0,17552
1,0,17543
1,1,17545
1,1,19506
1,1,17538
1,1,19365
1,1,19610
1,1,19344
1,1,19543
1,0,17042
1,1,17522
1,1,19520
1,1,17517
1,0,19540
1,1,19390
1,0,17046
1,1,19365
1,1,19390
1,1,19510
1,1,19607
1,1,19363
1,0,17601
1,0,19606
1,1,19320
1,0,17555
1,1,17522
1,1,17560
1,0,19606
1,1,19606
1,1,17078
1,0,19365
1,0,17602
1,1,17557
1,1,17042
1,0,19607
1,1,19606
1,0,19606
1,1,17517
1,0,17602
1,0,17003
1,1,19363
1,1,19608
1,0,17543
1,0,17584
1,0,19520
1,1,19344
1,0,19352
1,1,19606
1,1,19551
1,0,19565
1,0,19601
1,0,19390
1,0,19541
1,1,19390
1,1,19543
1,1,19508
1,1,17067
1,1,17578
1,0,19606
1,1,17543
1,1,19352
1,1,19605
1,1,17042
1,0,19602
1,0,19610
1,0,17067
1,1,17517
1,0,17601
1,1,17517
1,0,17569
1,1,19365
1,1,19352
1,1,19352
1,0,17520
1,1,19363
1,0,17602
1,0,17543
1,1,19607
1,0,17519
1,1,19363
1,1,19608
1,1,19540
1,1,19320
1,1,19352
1,1,19543
1,0,19330
1,1,19520
1,0,19390
1,0,19508
1,0,19508
1,1,17602
1,0,19601
1,0,17603
1,0,19551
1,1,19565
1,0,19608
1,1,19320
1,0,17601
1,1,17022
1,0,19608
1,0,19352
1,1,19320
1,1,17601
1,1,19344
1,1,17520
1,1,19320
1,0,19602
1,1,17519
1,1,19363
1,0,19611
1,1,19540
1,0,17003
1,1,17566
1,1,19541
1,0,19608
1,1,17601
1,1,17042
1,0,17578
1,0,17601
1,0,19540
1,0,19607
1,1,17552
1,1,17560
1,0,19540
1,1,19610
1,1,17601
1,1,17552
1,1,17569
1,1,19352
1,0,19352
1,1,17560
1,1,17543
1,0,17569
1,1,17566
1,0,19363
1,0,17517
1,0,19601
1,1,19608
1,1,17022
1,0,17543
1,0,19365
1,1,17602
1,1,17517
1,1,19320
1,0,17073
1,1,17519
1,0,19540
1,1,19610
1,0,19608
1,1,19390
1,1,19606
1,1,19608
1,1,19335
1,1,19540
1,1,17042
1,1,17522
1,0,19610
1,0,17569
1,1,19608
1,1,19335
1,0,17517
1,1,19608
1,0,17543
1,0,17602
1,1,17517
1,0,19320
1,0,17512
1,1,17543
1,1,17517
1,0,19320
1,1,17540
1,0,19320
1,1,17566
1,1,17601
1,0,17522
1,1,19608
1,0,19390
1,1,19520
1,0,17601
1,0,19606
1,1,17603
1,1,19506
1,0,17578
1,0,19320
1,0,17022
1,0,19609
1,1,17602
1,1,17519
1,1,19344
1,0,17022
1,0,17501
1,1,17046
1,0,17022
1,0,19320
1,0,19540
1,1,17538
1,1,19608
1,1,17557
1,1,19320
1,0,17042
1,0,17022
1,0,19320
1,0,17543
1,0,19560
1,0,19506-9515
1,0,17566
1,1,19320
1,0,17603
1,0,17557
1,1,19543
1,1,19508
1,1,19606
1,0,19390
1,0,17555
1,1,17543
1,0,19601
1,1,17522
1,0,17601
1,1,19608
1,0,17517
1,0,19605
1,0,17551
1,0,19390
1,1,17522
1,1,17543
1,0,19320
1,0,17562
1,1,19320
1,1,17543
1,1,19608
1,1,19320
1,1,17602
1,0,19506
1,0,17601
1,0,17602
1,1,19344
1,1,19320
1,1,19353
1,0,17601
1,1,19543
1,0,19567
1,1,17602
1,0,19540
1,1,19609
1,0,17581
1,0,19610
1,1,19510
1,1,17042
1,1,17557
1,1,19609
1,1,17603
1,0,19607
1,1,17517
1,1,19520
1,1,17067
1,0,19541
1,1,17512
1,1,19606
1,1,19606
1,0,19608
1,1,17046
1,0,19551
1,1,19320
1,1,19608
1,1,19390
1,0,17535
1,0,17601
1,1,17601
1,1,19609
1,1,19363
1,1,17603
1,1,17538
1,1,19344
1,1,19608
1,0,19363
1,0,19533
1,0,17517
1,0,19606
1,1,19365
1,0,19608
1,0,17601
1,1,19363
1,0,17602
1,1,17517
1,1,17519
1,1,17551
1,0,17517
1,1,19506
1,0,17543
1,1,19320
1,1,17042
1,1,19610
1,1,17579
1,0,19362
1,1,17042
1,1,19605
1,0,19608
1,1,19363
1,1,17603
1,0,19320
1,1,19607
1,0,17601
1,0,17042
1,1,19608
1,0,17042
1,0,17517
1,1,19608
1,1,17602
1,0,17579
1,0,19508
1,0,19390
1,1,19363
1,1,19518
1,1,19607
1,0,19363
1,1,17042
1,1,17509
1,1,17042
1,0,17512
1,0,17520
1,1,17522
1,0,17603
1,1,19310
1,1,19508
1,0,17517
1,1,17522
1,1,19344
1,1,17517
1,1,19508
1,0,19608
1,1,19320
1,0,19606
1,0,17512
1,1,19608
1,0,19320
1,0,19320
1,1,17067
1,1,17042
1,0,17522
1,0,17552
1,0,19605
1,0,19320
1,0,17552
1,1,19606
1,0,19320
1,0,19602
1,0,19330
1,1,17601
1,1,19363
1,1,19320
1,0,17603
1,1,17569
1,1,17517
1,0,17543
1,0,19611
1,0,17003
1,1,19320
1,1,19610
1,1,19610
1,1,17512
1,1,17601
1,0,19565
1,1,17517
1,1,19540
1,0,19320
1,1,17543
1,0,19541
1,0,17519
1,1,19607
1,1,19540
1,0,17522
1,1,19606
1,0,19520
1,1,17509
1,1,19565
1,1,19610
1,1,19320
1,1,19608
1,0,17522
1,1,19320
1,0,17601
1,1,17601
1,0,17042
1,0,19611
1,1,17522
1,0,17603
1,0,17557
1,0,17022
1,0,17603
1,1,19606
1,0,17042
1,0,17517
1,1,19390
1,1,17603
1,1,19352
1,1,19390
1,1,19344
1,0,17601
1,0,17540
1,0,19609
1,1,17543
1,1,19533
1,1,19543
1,0,19360
1,0,17527
1,0,17601
1,1,19344
1,1,19608
1,0,19543
1,0,19344
1,1,17552
1,1,17073
1,1,17545
1,0,19609
1,0,17042
1,1,19609
1,0,17517
1,1,19352
1,1,17042
1,1,17042
1,1,19606
1,0,17602
1,1,19320
1,1,19520
1,0,19551
1,0,17555
1,1,19606
1,0,19607
1,1,17509
1,0,19610
1,1,17042
1,1,19330
1,0,19565
1,0,19540
1,1,19390
1,1,17527
1,1,19607
1,1,17543
1,0,19508
1,1,19610
1,1,17078
1,1,19520
1,1,17003
1,0,19363
1,1,19605
1,0,19607
1,1,19363
1,0,19344
1,0,17529
1,0,19506
1,0,19540
1,1,17522
1,1,17601
1,0,17519
1,1,19551
1,1,17519
1,1,17003
1,1,19363
1,0,19362
1,1,19610
1,0,17578
1,0,19508
1,0,17557
1,0,19352
1,0,17569
1,0,19602
1,0,19606
1,0,17566
1,1,19510
1,0,19520
1,0,19608
1,0,19560
1,1,17569
1,1,19606
1,1,19506
1,0,19605
1,1,17543
1,1,19363
1,1,17543
1,1,17046
1,0,19320
1,1,17517
1,0,19560
1,0,19560
1,0,19608
1,0,19508
1,0,17602
1,1,17046
1,0,19390
1,0,19363
1,0,17078
1,0,19541
1,0,17501
1,0,17552
1,1,17042
1,0,19602
1,0,17543
1,1,17522
1,1,19605
1,1,17552
1,0,19363
1,0,19533
1,0,19365
1,0,17543
1,1,17603
1,0,17578
1,1,17042
1,0,17545
1,1,19522
1,0,19611
1,0,17517
1,0,17540
1,1,19605
1,1,19330
1,1,19606
1,0,17602-1313
1,1,17520
1,1,17517
1,1,17557
1,1,19608
1,1,19320
1,1,17042
1,0,19316
1,0,19330
1,0,19320
1,1,17557
1,1,19609
1,0,17512
1,1,19606
1,1,19390
1,1,19609
1,0,19520
1,1,19541
1,1,19604
1,1,19320
1,0,19363
1,1,19320
1,1,19608
1,1,19609
1,0,19320
1,0,19560
1,1,17603
1,0,17555
1,1,19606
1,1,19320
1,1,17543
1,1,17557
1,1,17067
1,1,19330
1,1,17601
1,0,17087
1,1,19609
1,1,17042
1,0,17602
1,1,17042
1,0,19610
1,0,17517
1,1,19352
1,1,17527
1,1,17543
1,1,19510
1,1,19352
1,0,17517
1,0,17522
1,1,19344
1,1,19508
1,0,17603
1,1,19330
1,0,17509
1,1,19610
1,1,17042
1,0,17536
1,1,19320
1,0,17519
1,1,17512
1,1,17003
1,1,17543
1,1,17569
1,1,19320
1,1,19606
1,1,17042
1,0,19605
1,1,17601
1,0,17543
1,1,17540
1,0,17543
1,1,19352
1,0,19320
1,1,19320
1,1,19608
1,1,19362
1,1,19607
1,1,19330
1,1,19606
1,1,19604
1,1,17517
1,1,19608
1,1,19390
1,0,17543
1,0,19363
1,0,19602
1,1,19608
1,0,19606
1,1,19320
1,1,19543
1,1,19320
1,1,17538
1,1,17543
1,0,17566
1,1,17517
1,1,19606
1,1,17073
1,1,08085
1,1,08043
1,0,08075
1,1,08028
1,1,08043
1,1,08080
1,0,08021
1,0,08080
1,1,08080
1,1,08109
1,1,08505
1,0,07726
1,1,08094
1,1,08053
1,1,08053
1,1,08318
1,0,08085
1,1,07728
1,1,08028
1,1,08037
1,1,08759
1,1,08048
1,1,07728
1,0,08094
1,1,07728
1,1,08022
1,1,08091
1,1,08757
1,1,07728
1,1,08053
1,1,08757
1,0,08302
1,1,08004
1,0,08094
1,1,08075
1,0,08048
1,1,00008
1,1,08527
1,0,08501
1,0,08050
1,0,07753
1,0,08091
1,1,08750
1,1,08081
1,1,07728
1,1,08022
1,1,08004
1,0,07728
1,0,08075
1,0,08108
1,1,08080
1,1,08753
1,0,08081
1,1,08344
1,1,08043
1,1,08759
1,0,08110
1,1,08094
1,1,08080
1,1,08003
1,1,08051
1,1,08081
1,1,08062
1,0,08554
1,0,07753
1,1,08043
1,1,08081
1,0,08043
1,0,08043
1,1,08096
1,0,08062
1,0,08088
1,0,08312
1,1,08090
1,1,08003
1,1,08501
1,1,08075
1,0,08527
1,1,07731
1,0,08016
1,1,08075
1,1,08620
1,0,07726
1,1,08053
1,0,08098
1,1,08057
1,1,08620
1,1,08085
1,0,08080
1,0,08094
1,0,08067
1,0,08724
1,1,08070
1,1,08053
1,1,08750
1,0,08088
1,1,08046
1,0,08501
1,0,08755
1,1,08012
1,1,08021
1,0,08081
1,1,08046
1,1,07727
1,0,08721
1,0,08527
1,0,08501
1,1,08043
1,1,08080
1,0,08094
1,1,08330
1,0,08028
1,0,08081
1,0,07728
1,1,08054
1,0,08021
1,1,08046
1,0,08028
1,1,07728
1,0,08098
1,1,08062
1,0,08753
1,0,08080
1,0,08081
1,0,08724
1,0,08012
1,1,08062
1,0,08052
1,1,08515
1,1,08361
1,0,08302
1,1,08701
1,0,08089
1,1,08028
1,1,08022
1,0,08080
1,0,08003
1,0,08055
1,1,08533
1,1,08054
1,1,08527
1,1,08081
1,0,07753
1,0,08081
1,1,07719
1,0,08054
1,1,08755
1,0,08016
1,1,08009
1,0,08098
1,0,08361
1,0,08056
1,1,08016
1,1,08007
1,0,08080
1,1,08077
1,1,08318
1,1,08620
1,1,08021
1,0,08094
1,0,08302
1,0,08056
1,0,08054
1,1,07728
1,1,08037
1,0,08094
1,0,08067
1,1,08009
1,0,08098
1,1,08096
1,0,08022
1,0,08043
1,0,08062
1,1,08034
1,0,08081
1,0,08010
1,1,08062
1,1,08620
1,0,08318
1,1,08005
1,1,08080
1,1,08012
1,0,08046
1,0,08527
1,0,08081
1,1,08081
1,1,08080
1,0,07728
1,0,08753
1,1,08077
1,0,08048
1,0,08043
1,1,08051
1,1,08043
1,1,08002
1,1,08037
1,0,08104
1,0,08046
1,1,08505
1,1,08302
1,1,08075
1,0,07726
1,0,08021
1,1,08048
1,1,08037
1,0,08021
1,1,08054
1,0,08028
1,1,08724
1,1,08043
1,0,08234
1,0,08085
1,1,08109
1,0,08332
1,1,00808
1,1,08318
1,0,08753
1,1,08027
1,1,08234
1,0,08002
1,0,08518
1,1,08515
1,1,08019
1,1,08036
1,1,07726
1,1,08318
1,1,08053
1,0,08057
1,0,07728
1,1,08232
1,1,08215
1,0,08049
1,0,07731
1,1,08021
1,0,08108
1,1,08012
1,1,08021
1,1,07751
1,1,08016
1,0,08515
1,1,08096
1,0,08081
1,0,08048
1,1,08054
1,1,08096
1,0,08093
1,1,08109
1,0,08005
1,1,08701
1,1,08054
1,1,08083
1,0,08081
1,0,08759
1,1,08554
1,1,08080
1,1,08016
1,1,08620
1,0,08012
1,1,08562
1,0,08080
1,1,08515
1,1,08005
1,1,08003
1,1,08620
1,1,08361
1,0,08055
1,1,08021
1,1,08054
1,0,08090
1,1,08081
1,0,08053
1,1,08501
1,0,08511
1,1,08094
1,1,08054
1,1,08084
1,1,08109
1,1,08736
1,0,08012
1,1,08753
1,0,08080
1,0,08080
1,1,08724
1,0,08225
1,0,08054
1,0,08009
1,0,08028
1,1,08016
1,1,08527
1,0,08730
1,1,08010
1,0,08302
1,0,08083
1,0,08759
1,0,07731
1,1,08057
1,1,08753
1,0,08085
1,1,08043
1,1,08054
1,1,08085
1,1,07728
1,0,08053
1,1,08201
1,1,08094
1,0,08701
1,1,08360
1,1,08753
1,1,08053
1,0,08003
1,1,08098
1,1,08527
1,0,08110
1,1,08048
1,0,07731
1,1,08053
1,0,08046
1,0,08033
1,1,07726
1,1,07719
1,1,08330
1,1,08505
1,1,08035
1,1,07727
1,1,07726
1,1,08005
1,0,08514
1,0,08750
1,1,08005
1,1,08081
1,1,08026
1,1,08051
1,0,08002
1,0,07753
1,1,08080
1,1,08034
1,1,08053
1,1,08081-9751
1,1,08012
1,1,08003
1,1,08054
1,0,08048
1,1,08043
1,0,07728
1,1,08088
1,1,08012
1,1,08322
1,1,08021
1,1,08081
1,0,08318
1,1,08043
1,0,08527
1,0,08051
1,1,08505
1,0,07726
1,0,08094
1,0,08361
1,1,07726
1,0,08724
1,1,08043
1,1,07746
1,0,08022
1,0,08003
1,0,08302
1,0,08069
1,1,08081
1,1,08021
1,1,08086
1,0,08053
1,0,08701
1,1,08107
1,0,08330
1,0,08062
1,0,08053
1,1,08094
1,1,08080
1,0,08201
1,0,08043
1,1,08094
1,0,08016
1,1,08080
1,1,08054
1,1,08109
1,0,08081
1,1,08003
1,1,08109
1,0,08043
1,0,08009
1,0,08071
1,0,08753
1,1,08015
1,1,07726
1,1,08080
1,1,08054
1,1,08360
1,1,08081
1,1,08527
1,1,08062
1,1,07728
1,1,08505
1,0,07728
1,1,07746
1,1,08021
1,0,08527
1,0,08554
1,1,08511
1,1,08105
1,0,08055
1,0,08360
1,0,08753
1,1,08723
1,0,08107
1,0,08051
1,0,08034
1,1,07728
1,0,08088
1,1,08070
1,1,08081
1,0,07726
1,1,08620
1,1,08012
1,1,08515
1,1,08055
1,0,08021
1,1,08322
1,0,08087
1,1,08515
1,1,08535
1,1,08518
1,1,08505
1,0,08759
1,0,07731
1,0,08107
1,0,08759
1,1,08750
1,1,08012
1,0,08004
1,1,07728
1,1,08057
1,0,08046
1,1,08037
1,0,08620
1,0,08730
1,1,07751
1,1,08046
1,1,08069
1,0,08015
1,1,08093
1,1,08022
1,1,07746
1,1,08094
1,1,08050
1,1,08037
1,0,08109
1,0,08062
1,1,08205
1,0,08048
1,1,08048
1,0,08083
1,0,08057
1,1,08048
1,1,07728
1,1,08081
1,0,08012
1,0,08360
1,0,08514
1,1,08037
1,1,08062
1,1,08361
1,1,08109
1,0,07753
1,1,08009
1,1,08080
1,1,07731
1,0,08081
1,0,08527
1,1,07731
1,0,08081
1,1,08048
1,1,08535
1,1,08046
1,1,08053
1,0,08012
1,1,08037
1,1,08554
1,1,08033
1,1,08088
1,0,08330
1,1,08052
1,0,08009
1,1,08005
1,1,07731
1,1,08005
1,0,08105
1,1,08053
1,1,08022
1,1,08081
1,0,08051
1,0,08108
1,0,08012
1,1,08055
1,1,08022
1,1,08084
1,1,08002
1,1,08091
1,0,08084
1,1,08034
1,0,08080
1,1,08003
1,1,08003
1,0,08077
1,0,08021
1,0,08075
1,1,08094
1,1,08081
1,1,08077
1,0,08037
1,0,08033
1,1,08054
1,0,08505
1,1,08723
1,0,08002
1,1,08332
1,1,07728
1,0,08005
1,1,07728
1,1,08016
1,0,08081
1,0,08034
1,1,08361
1,1,08021
1,0,08514
1,1,08043
1,0,08021
1,0,08003
1,1,08036
1,0,08510
1,0,07719
1,1,08048
1,1,08091
1,1,08048
1,0,08094
1,1,08009
1,0,08046
1,1,08221
1,0,08104
1,1,08055
1,1,08322
1,1,08053
1,1,07728
1,1,07726
1,1,08012
1,1,08081
1,0,08085
1,1,08009
1,1,08094
1,0,08054
1,1,08090
1,1,08081
1,0,08053
1,1,08012
1,0,08043
1,1,08234
1,1,08021
1,1,08046
1,0,08361
1,0,08066
1,0,08055
1,1,08620
1,0,08081
1,0,08759
1,1,08054
1,1,08054
1,0,08009
1,1,08085
1,1,08043
1,1,08322
1,1,08043
1,1,08501
1,1,08505
1,0,08098
1,0,08054
1,0,08080
1,0,08034
1,1,08077
1,1,08010
1,0,08093
1,0,08109
1,0,08036
1,1,08062
1,1,08322
1,1,08094
1,0,08096
1,0,08104
1,0,08505
1,1,08004
1,0,08060
1,0,08515
1,0,08094
1,1,07726
1,1,07728
1,1,07728
1,1,08033
1,1,07726
1,1,07727
1,1,08081
1,0,08020
1,0,08081
1,0,08332
1,0,07728
1,1,08505
1,0,08075
1,0,08012
1,0,08005
1,0,08048
1,0,08701
1,1,08318
1,0,08071
1,0,08093
1,1,08012
1,1,08053
1,1,08081
1,0,08081
1,1,08081
1,1,07728
1,0,08002
1,1,08055
1,1,08012
1,1,08060
1,1,07726
1,1,08723
1,0,08053
1,0,08108
1,0,08054
1,1,08043
1,0,08723
1,1,08094
1,0,08054
1,0,08096
1,1,08043
1,1,08094
1,1,08053
1,1,08081
1,1,08753
1,0,08043
1,1,08062
1,1,08034
1,0,08016
1,1,08002
1,1,08057
1,0,08096
1,0,08722
1,0,08205
1,1,08005
1,0,08104
1,1,08055
1,0,08048
1,0,08205
1,0,08053
1,0,08514
1,0,08081
1,1,08724
1,0,08053
1,1,08046
1,1,08043
1,0,08312
1,0,08326
1,0,08332
1,0,08053
1,1,08527
1,1,08527
1,0,08015
1,0,08046
1,0,08721
1,1,08048
1,1,08012
1,0,08054
1,0,08360
1,0,08016
1,1,08081
1,0,08094
1,1,08054
1,0,08080
1,1,08005
1,1,08620
1,1,08054
1,1,07726
1,1,07719
1,0,08302
1,1,08051
1,0,08505
1,1,08033
1,1,08046
1,1,08054
1,1,08753
1,1,08234
1,1,08081
1,0,08091
1,0,08002
1,1,08075
1,1,08096
1,1,08075
1,1,08085
1,1,08028
1,1,08535
1,1,08515
1,0,08046
1,1,08028
1,1,08620
1,1,08344
1,0,08527
1,0,08757
1,0,08012
1,0,08554
1,0,08054
1,1,08021
1,0,08302
1,0,08753
1,1,08753
1,0,08016
1,1,08110
1,1,08028
1,0,08302
1,0,07731
1,0,08046
1,1,08051
1,0,08012
1,0,08757
1,1,08205
1,0,08501
1,1,08054
1,1,08750
1,0,08081
1,1,08043
1,1,08757
1,1,08043
1,1,08077
1,1,08094
1,1,08080
1,1,08361
1,1,07753
1,0,08021
1,1,08021
1,1,08094
1,1,08054-1327
1,1,08057
1,1,08081
1,0,08510
1,1,08110
1,1,07728
1,1,08501
1,1,08109
1,0,08057
1,0,07728
1,0,08724
1,1,08053
1,1,08343
1,1,08009
1,1,08062
1,0,08094
1,1,07726
1,0,08005
1,1,08080
1,1,08757
1,0,08094
1,0,08049
1,0,08730
1,1,08054
1,1,08080
1,0,08094
1,1,08043
1,1,08302
1,1,08620
1,0,08005
1,1,08094
1,0,08079
1,1,07762
1,0,08080
1,1,08009
1,1,08016
1,0,08332
1,1,08050
1,1,08036
1,0,07726
1,0,07726
1,1,08088
1,1,08046
1,0,08046
1,0,08302
1,1,08535
1,1,08012
1,1,08068
1,1,08081
1,0,07728
1,0,08052
1,1,08037
1,0,08722
1,0,08755
1,1,08091
1,0,08016
1,1,08096
1,1,08535
1,0,08108
1,1,08010
1,1,08205
1,0,08081
1,1,08062
1,1,08085
1,0,07726
1,0,07726
1,1,08088
1,0,08322
1,1,08003
1,1,08505
1,1,08094
1,1,08070
1,0,08043
1,1,08046
1,1,07728
1,0,08505
1,0,08701
1,1,08063
1,1,08043
1,0,08002
1,0,08721
1,0,08059
1,1,08302
1,1,08081
1,0,08028
1,1,08096
1,1,08701
1,1,08753
1,1,08515
1,1,08003
1,0,08109
1,0,08527
1,0,08055
1,1,08085
1,1,08527
1,0,08215
1,1,08091
1,1,07746
1,0,08109
1,1,07728
1,0,08110
1,1,08033
1,1,08096
1,0,07728
1,1,08043
1,1,07728
1,1,08012
1,1,08003
1,0,08060
1,1,08022
1,1,08085
1,0,08022
1,1,08080
1,1,08048
1,0,08046
1,1,08081
1,0,08051
1,1,08055
1,0,08029
1,1,08086
1,1,07726
1,1,08054
1,0,07726
1,0,08723
1,0,08107
1,0,08757
1,1,08003
1,1,07719
1,1,07728
1,1,07731
1,1,08527
1,1,08004
1,1,08302
1,0,08033
1,1,08701
1,1,08075
1,1,08753
1,0,08062
1,0,08026
1,1,08043
1,1,08312
1,1,08003
1,0,08016
1,0,08234
1,0,08360
1,1,08234
1,0,08332
1,0,08501
1,0,08080
1,1,08081
1,1,08724
1,1,08021
1,0,07719
1,0,08080
1,1,08096
1,1,08518
1,1,08036
1,0,08105
1,1,08110
1,0,08016
1,0,07762
1,0,08081
1,0,08234
1,0,08759
1,1,08054
1,1,07753
1,1,08620
1,1,08518
1,0,08052
1,1,08535
1,0,08081
1,0,08054
1,1,08742
1,0,07726
1,1,08328
1,1,08030
1,0,08048
1,1,08029
1,0,08035
1,0,08360
1,1,08021
1,1,08012
1,0,08080
1,0,08088
1,0,07726
1,0,08046
1,0,08059
1,1,08081
1,1,08094
1,1,08046
1,0,08009
1,1,08361
1,1,08081
1,0,08079
1,1,08053
1,1,08043
1,1,07719
1,1,08094
1,1,08723
1,1,08527
1,1,08527
1,0,08062
1,1,08012
1,0,08401
1,1,08028
1,0,07728
1,0,08012
1,0,08701
1,1,08054
1,1,08505
1,0,08098
1,0,08053
1,1,08518
1,0,08053
1,1,08318
1,0,08003
1,1,08056
1,1,07726
1,1,08094
1,0,08104
1,1,08003
1,0,08043
1,0,08021
1,0,08034
1,1,08501
1,1,08094
1,1,08010
1,0,08302
1,0,08081
1,0,08057
1,1,08096
1,1,07728
1,1,08080
1,1,08723
1,0,08052
1,1,08043
1,0,08062
1,1,08016
1,1,08322
1,1,08620
1,1,08757
1,1,08505
1,0,08046
1,0,08085
1,0,08053
1,0,08088
1,0,07728
1,1,08080
1,0,08234
1,1,07751
1,1,08753
1,1,08094
1,1,08201
1,1,08691
1,1,08330
1,0,08003
1,1,08085
1,1,08055
1,0,08759
1,1,08510
1,0,08093
1,0,08093
1,1,08083
1,1,08060
1,1,08004
1,1,08054
1,0,08081
1,1,08535
1,0,08505
1,1,08002
1,1,08075
1,1,08005
1,1,08312
1,0,07753
1,1,08080
1,1,08515
1,0,08501
1,1,08022
1,1,08005
1,0,08081
1,1,08012
1,1,08515
1,0,08009
1,0,08081
1,0,08043
1,0,08052
1,1,08055
1,1,08057
1,0,07728
1,1,08505
1,1,08094
1,1,08736
1,0,08110
1,1,08016
1,1,08085
1,0,08527
1,0,08105
1,0,08527
1,0,08085
1,1,08009
1,0,08043
1,0,08701
1,0,08075
1,1,08234
1,0,08037
1,0,08094
1,0,08052
1,0,08081
1,0,08046
1,1,08057
1,0,08043
1,0,08070
1,1,07728
1,0,07726
1,0,08510
1,1,08505
1,1,08016
1,1,08054
1,1,08028
1,0,08028
1,1,08081
1,1,08003
1,1,08081
1,0,08080
1,1,08085
1,1,08033
1,0,08057
1,0,08244
1,1,08501
1,0,08343
1,0,07726
1,0,08759
1,1,08341
1,0,08054
1,0,08080
1,0,08088
1,1,08701
1,0,08104
1,0,07731
1,1,08084
1,0,08035
1,1,08036
1,0,08046
1,1,08080
1,1,08077
1,1,08094
1,1,08515
1,1,08085
1,0,08053
1,1,08083
1,0,08360
1,0,07727
1,1,07726-8705
1,1,08081
1,0,08088
1,0,08031
1,1,08062
1,0,08053
1,1,08081
1,1,08361
1,0,08003
1,0,08009
1,0,08037
1,1,08106
1,0,08012
1,1,08083
1,1,08505
1,0,08360
1,1,08045
1,1,08021
1,0,08757
1,1,07728
1,0,08088
1,1,08081
1,1,08232
1,1,08036
1,1,08085
1,1,08075
1,0,08007
1,0,08036
1,1,08094
1,1,08080
1,1,08036
1,1,08078
1,0,08053
1,1,08094
1,1,08036
1,0,08302
1,0,08330
1,0,07753
1,0,08205
1,1,08048
1,1,07728
1,0,08003
1,0,08205
1,1,08081
1,0,08081
1,1,08109
1,0,08031
1,1,08562
1,0,08105
1,1,08053
1,0,08055
1,0,08518
1,0,07731
1,1,08062
1,0,08097
1,0,08062
1,0,08054
1,0,08332
1,1,08527
1,1,08753
1,1,08736
1,1,08098
1,1,08016
1,0,07728
1,0,08755
1,1,08514
1,0,08085
1,1,08016
1,1,08056
1,0,08106
1,0,08514
1,1,08028
1,0,08505
1,1,08053
1,1,08021
1,1,08361
1,1,08361
1,0,08205
1,0,08081
1,0,08009
1,1,08094
1,0,07726
1,1,08051
1,1,08081
1,1,07731
1,0,08535
1,0,08081
1,1,08049
1,0,08062
1,1,08501
1,1,08003
1,0,08094
1,1,08096
1,0,08057
1,1,08003
1,1,08062
1,0,07728
1,1,07728
1,0,08515
1,1,08081
1,1,08312
1,1,08094
1,1,07726
1,1,08084
1,1,08080
1,0,08343
1,1,08055
1,1,08501
1,1,08054
1,1,08005
1,0,08510
1,1,08094
1,0,07726
1,0,08535
1,0,08302
1,0,08562
1,1,08055
1,0,08005
1,0,08094
1,1,08034
1,0,08003
1,0,08234
1,0,08020
1,1,08510
1,1,08075
1,1,08318
1,0,08080
1,1,08753
1,1,08004
1,0,08062
1,1,08046
1,1,08004
1,1,08032
1,0,08096
1,0,08081
1,0,08003
1,0,08021
1,1,08043
1,0,07731
1,1,07728
1,1,08753
1,0,08034
1,1,08094
1,1,08511
1,0,08081
1,1,07728
1,0,08361
1,0,07731
1,1,08086
1,0,08302
1,1,08084
1,1,07728
1,0,08052
1,1,08057
1,0,08330
1,1,08085
1,0,08037
1,0,08057
1,1,07728
1,1,08360
1,1,08002
1,0,07728
1,0,08003
1,0,08330
1,1,08094
1,0,08054
1,1,08090
1,0,08005
1,1,08054
1,1,08075
1,1,08043
1,0,07728
1,0,08057
1,0,08062
1,1,08009
1,0,08055
1,0,08759
1,1,08081
1,1,08054
1,1,08002
1,1,08046
1,0,08053
1,0,08080
1,1,08056
1,0,08075
1,0,07728
1,0,07728
1,0,07727
1,0,08016
1,1,08046
1,1,08757
1,1,08089
1,0,08505
1,1,08070
1,1,08028
1,1,08077
1,1,08035
1,1,08053
1,0,08046
1,1,08043
1,0,08020
1,0,08054
1,1,07753
1,1,08080
1,0,07719
1,1,08022
1,1,08084
1,0,08081
1,1,07751
1,1,07726
1,1,08701
1,0,08722
1,0,08053
1,0,08094
1,0,08016
1,0,08750
1,0,08046
1,1,08070
1,1,08330
1,1,08077
1,1,08012
1,0,08094
1,1,08701
1,1,08081
1,1,08753
1,1,08054
1,0,08088
1,1,08003
1,0,07731
1,0,08043
1,0,08060
1,1,08080
1,1,08012
1,1,08003
1,1,08048
1,1,08742
1,1,08016
1,0,08069
1,1,08535
1,0,08234
1,0,08093
1,0,08098
1,1,08302
1,1,08081
1,1,08003
1,0,08084
1,0,08701
1,1,08037
1,1,08002
1,1,08094
1,0,08104
1,1,08053
1,1,08080
1,0,08012
1,1,08081
1,0,08057
1,1,08053
1,0,08094
1,0,08033
1,0,08012
1,1,08527
1,0,07726
1,0,08501
1,1,08055
1,1,08081
1,1,08053
1,1,08046
1,1,08062
1,1,08004
1,1,08053
1,0,08035
1,1,08106
1,0,07753
1,1,08085
1,0,08332
1,0,08088
1,1,08360
1,1,08021
1,0,08023
1,0,08028
1,1,08056
1,1,08054
1,1,08012
1,1,08043
1,1,08527
1,1,08332
1,1,08033
1,1,08505
1,1,08056
1,0,08108
1,1,08360
1,0,08723
1,0,08088
1,0,08081
1,1,08057
1,1,07731
1,1,08501
1,0,08053
1,1,08081
1,0,08089
1,0,08104
1,0,08109
1,1,08691
1,1,08070
1,0,08003
1,0,07727
1,1,08088
1,1,08059
1,1,08012
1,0,08515
1,1,08505
1,1,08691
1,1,08755
1,1,08515
1,1,08075
1,0,08075
1,0,08009
1,0,08002
1,1,08081
1,1,08062
1,1,08054
1,1,08234
1,1,08054
1,1,08046
1,0,08053
1,1,08088
1,1,07719
1,0,08003
1,1,08022
1,1,08055
1,0,07728
1,0,08010
1,1,08021
1,0,07726
1,0,08012
1,1,08043
1,1,08056
1,1,08004
1,1,08514
1,0,08080
1,1,07746
1,1,08012
1,1,07753
1,0,08094
1,1,08091
1,1,08701
1,0,08012
1,0,08080
1,1,08302
1,0,08096
1,1,08054
1,0,08360
1,0,08080
1,1,08077
1,1,07731
1,0,07726
1,0,08055
1,1,08016
1,1,08518
1,1,08361
1,1,08080
1,1,08090
1,0,08361
1,0,08755
1,1,08055
1,0,08016
1,1,08360
1,0,08302
1,1,07728
1,0,08535
1,1,07728
1,1,08021
1,1,07746
1,0,08077
1,1,08701
1,1,08046
1,1,07753
1,1,08721
1,1,19081
1,0,08302
1,1,08093
1,0,08053
1,0,08055
1,1,08009
1,0,08757
1,1,08310
1,0,08012
1,0,08094
1,1,08003
1,1,08048
1,1,08034
1,0,08034
1,0,08094
1,1,08012
1,0,08046
1,0,08302
1,0,08055
1,1,08332
1,0,08003
1,1,08527
1,1,08360
1,1,08034
1,1,08075
1,0,08312
1,1,08361
1,0,08037
1,1,08012
1,0,08081
1,1,08061
1,0,08071
1,1,08034
1,0,08080
1,1,08028
1,0,08037
1,0,08046
1,1,08053
1,1,08096
1,1,08063
1,0,08093
1,1,07728
1,1,08701
1,0,08094
1,1,08034
1,1,08055
1,1,08085
1,1,08062
1,0,08080
1,0,08081
1,1,07722
1,1,08036
1,0,08753
1,0,08080
1,1,08757
1,1,08048
1,1,08050
1,1,08330
1,1,08055
1,1,08080
1,0,07753
1,1,08083
1,0,08080
1,0,08054
1,0,08053
1,1,08215
1,1,08034
1,0,08322
1,1,08080
1,1,08310
1,0,08037
1,1,07728
1,1,08043
1,1,08048
1,1,08012
1,1,08109
1,0,08094
1,0,08080
1,1,08080
1,0,08054
1,1,08759
1,0,08505
1,0,08515
1,0,08012
1,0,08724
1,0,08053
1,1,08081
1,1,08081
1,0,08021
1,0,08103
1,0,08002
1,1,08016
1,1,08730
1,0,08094
1,1,08322
1,1,08046
1,1,08033
1,1,08053
1,1,08094
1,0,08085
1,0,08753
1,0,08620
1,1,08244
1,0,08330
1,1,08037
1,1,08005
1,0,08328
1,1,08085
1,0,08724
1,1,08048
1,1,08043
1,1,08054
1,1,08094
1,1,08021
1,1,08037
1,1,08753
1,1,08049
1,0,08051
1,0,08505
1,1,08096
1,0,08361
1,1,08060
1,0,08043
1,1,08081
1,0,08007
1,0,08318
1,0,08021
1,1,08071
1,1,08302
1,1,07728
1,0,08062
1,0,08094
1,1,07728
1,1,08055
1,1,08053
1,0,08330
1,0,08009
1,1,07728
1,1,08080
1,1,07727
1,1,08028
1,0,08080
1,1,08061
1,1,08081
1,0,08002
1,0,08091
1,1,08104
1,1,08080
1,1,08501
1,1,08109
1,1,08094
1,0,08527
1,0,08080
1,1,08054
1,0,08046
1,1,08730
1,1,08037
1,0,08060
1,1,07728
1,0,08066
1,0,08081
1,1,08757
1,0,08097
1,0,07719
1,0,08080
1,1,08053
1,1,08080
1,1,08046
1,1,07753
1,1,08034
1,0,08620
1,0,08056
1,0,08759
1,1,08060
1,0,08103
1,1,08750
1,0,08081
1,1,07726
1,0,08109
1,1,08062
1,0,08759
1,1,08085
1,1,07746
1,1,07726
1,1,08094
1,1,08049
1,1,08062
1,0,08081
1,1,08722
1,1,08081
1,1,08046
1,0,08012
1,1,08003
1,1,08004
1,0,08043-3427
1,1,07726
1,1,08096
1,1,08043
1,0,08016
1,0,08620
1,1,08062
1,0,08015
1,0,08511
1,0,08056
1,1,08730
1,0,08015
1,1,08054
1,0,07728
1,1,08053
1,1,08090
1,0,08002
1,0,08062
1,1,08361
1,1,08043
1,1,08046
1,0,07731
1,1,08081
1,0,08046
1,1,08085
1,1,08054
1,1,08505
1,1,08020
1,0,08094
1,1,08755
1,1,08062
1,1,08094
1,0,08054
1,0,08234
1,1,08004
1,0,08062
1,1,08016
1,1,08081
1,0,08057
1,0,08091
1,1,08061
1,0,08004
1,0,08108
1,0,08085
1,0,08094
1,0,08091
1,0,07731
1,0,08302
1,1,08757
1,0,08043
1,1,08501
1,0,08360
1,1,08085
1,0,08005
1,1,08055
1,0,08085
1,1,08069
1,1,08057
1,1,08002
1,0,08109
1,0,08701
1,1,08080
1,1,08094
1,0,08012
1,1,08057
1,1,07751
1,1,08049
1,0,08007
1,1,08075
1,0,08724
1,0,08077
1,1,08057
1,0,08332
1,1,08109
1,1,08081
1,0,07728
1,0,08062
1,1,08501
1,0,08527
1,1,08002
1,1,08051
1,1,08021
1,1,08085
1,1,08527
1,1,08096
1,0,08043
1,1,08328
1,0,08053
1,1,08054
1,0,07726
1,1,08090
1,1,08051
1,1,07726
1,1,08003
1,1,08234
1,0,08021
1,1,08088
1,1,08083
1,1,08330
1,0,08043
1,1,08086
1,1,08753
1,0,08322
1,1,08057
1,0,08205
1,1,08075
1,0,08330
1,0,08003
1,0,08062
1,1,08057
1,1,08080
1,1,08003
1,1,08080
1,0,08046
1,1,07726
1,0,07731
1,0,07728
1,1,08505
1,1,08043
1,1,08081
1,1,08110
1,0,08104
1,1,08062
1,0,08080
1,0,08535
1,1,08360
1,0,08361
1,0,08083
1,0,08080
1,1,08361
1,1,08527
1,1,08012
1,1,08060
1,0,08080
1,0,08009
1,1,08016
1,1,08080
1,1,08080
1,0,08515
1,1,08021
1,0,08109
1,0,08060
1,1,08110
1,1,08081
1,1,08050
1,0,08037
1,0,07726
1,1,08075
1,0,07728
1,0,08094
1,0,08088
1,1,08085
1,1,08346
1,1,08701
1,0,08757
1,1,08054
1,1,08022
1,1,08527
1,0,08515
1,1,07728
1,1,08081
1,0,08757
1,1,08515
1,1,08077
1,1,08033
1,0,08077
1,0,08724
1,0,08062
1,1,08330
1,1,08056
1,1,08054
1,0,08056
1,1,08312
1,0,08759
1,0,08079
1,0,08080
1,1,08205
1,1,08094
1,1,08108
1,1,07726
1,0,08054
1,0,08080
1,1,08090
1,1,07751
1,1,08043
1,1,07726
1,0,08107
1,1,07726
1,0,08021
1,1,07726
1,1,08033
1,0,07726
1,0,08205
1,1,08043
1,0,08721
1,1,08062
1,0,08012
1,1,08029
1,1,08081
1,0,08016
1,0,08062
1,0,08057
1,1,08091
1,1,08036
1,1,08360
1,0,08360
1,1,08620
1,0,08021
1,1,08043
1,1,08003
1,0,08031
1,0,08046
1,1,08527
1,0,08053
1,1,08022
1,0,08097
1,1,08755
1,0,07726
1,0,08012
1,1,08054
1,1,08104
1,1,08003
1,0,08085
1,1,08081
1,1,08046
1,0,08007
1,0,08009
1,1,08054
1,0,07753
1,1,08060
1,1,08094
1,1,07731
1,0,08043
1,0,08514
1,0,08096
1,1,08081
1,1,08077
1,1,08085
1,0,08055
1,1,08080
1,1,08330
1,0,08505
1,1,08062
1,1,07726
1,1,08332
1,0,08736
1,1,08081
1,1,07746
1,1,08080
1,1,08081
1,1,08205
1,1,08010
1,0,08510
1,0,08016
1,1,08003
1,0,08724
1,1,08055
1,1,07728
1,1,08062
1,1,08036
1,0,08034
1,0,07753
1,1,08080
1,1,08016
1,1,08003
1,1,08724
1,1,08055
1,0,08012
1,0,08724
1,1,08107
1,1,07731
1,1,07726
1,1,08080
1,0,08033
1,0,08012
1,1,08054
1,0,07728
1,1,07731
1,0,08234
1,1,08081
1,0,08055
1,0,08081
1,0,08021
1,0,08043
1,0,08341
1,0,07728
1,1,08035
1,0,08046
1,1,08054
1,1,08094
1,1,07728
1,0,08533
1,1,08021
1,1,07719
1,0,08028
1,1,08080
1,1,08053
1,1,08080
1,0,08515
1,1,08052
1,1,08094
1,0,08050
1,1,08085
1,0,08015
1,1,08012
1,1,08088
1,1,08043
1,1,08081
1,1,08061
1,1,08515
1,0,08080
1,1,07731
1,1,08361
1,0,08054
1,0,08312
1,1,08012
1,1,08081
1,1,08046
1,0,08110
1,0,08028
1,0,07719
1,1,08051-1160
1,0,08057
1,1,08535
1,1,07746
1,0,08527
1,1,08054
1,1,08034
1,0,08022
1,1,08037
1,1,08620
1,1,08093
1,1,08054
1,0,08510
1,0,07728
1,0,08361
1,1,08515
1,1,08012
1,1,08034
1,1,08081
1,0,08080
1,0,08003
1,1,08048
1,1,07728
1,0,07728
1,1,08003
1,0,08002
1,0,08043
1,1,08012
1,0,08033
1,0,08012
1,1,07728
1,1,08091
1,0,08012
1,1,08021
1,0,07726
1,1,08055
1,1,08110
1,0,07728
1,1,08081
1,1,08075
1,1,08080
1,1,08341
1,0,08061
1,1,07726
1,1,08096
1,0,08054
1,1,08062
1,0,08081
1,0,08055
1,1,08003
1,1,08055
1,1,08043
1,0,08234
1,1,08012
1,0,07728
1,0,08021
1,0,08104
1,1,08753
1,1,08318
1,0,08003
1,0,08002
1,1,08022
1,1,08033
1,1,08080
1,0,08724
1,0,08065
1,1,08077
1,1,08085
1,0,08068
1,1,08515
1,0,08057
1,0,08620
1,1,08088
1,0,08755
1,1,07728
1,1,08080
1,0,08518
1,1,08054
1,1,08075
1,0,07728
1,0,08053
1,0,07726
1,1,08620
1,1,08043
1,1,08010
1,1,08360
1,1,07728
1,1,08757
1,0,08016
1,0,08085
1,1,07728
1,1,08332
1,1,08012
1,0,08028
1,0,08059
1,1,08056
1,1,08022
1,1,08037
1,0,08501
1,0,08054
1,0,08080
1,0,08515
1,1,08003
1,0,08016
1,0,08332
1,0,08721
1,1,08053
1,1,08096
1,1,08533
1,0,08055
1,0,08062
1,1,08344
1,0,08030
1,1,07753
1,0,08332
1,0,08620
1,0,07753
1,1,08080
1,1,08081
1,1,08088
1,0,08077
1,1,08234
1,0,08723
1,1,08515
1,0,08060
1,1,08077
1,1,08003
1,1,08062
1,1,08062
1,1,07726
1,0,08234
1,0,08033
1,0,08034
1,0,08046
1,1,07731
1,0,08054
1,1,08081
1,1,08083
1,0,08701
1,1,08057
1,0,08081
1,0,08053
1,1,08527
1,1,08075
1,1,08003
1,0,08080
1,1,08051
1,0,08003
1,1,07726
1,0,08753
1,0,08302
1,1,08053
1,0,08736
1,1,08016
1,0,08108
1,0,08090
1,0,08046
1,1,08086
1,0,08053
1,1,08054
1,1,08691
1,1,08035
1,1,08050
1,1,08075
1,1,07726
1,1,08068
1,1,08328
1,0,08332
1,1,08515
1,1,08075
1,0,08094
1,0,08046
1,0,08052
1,1,08088
1,0,08010
1,0,08021
1,0,08085
1,0,08012
1,1,08046
1,0,08037
1,0,08753
1,0,08701
1,1,08090
1,0,08012
1,0,08527
1,0,08723
1,0,08302
1,1,08043
1,1,08070
1,0,08069
1,1,08094
1,0,08312
1,1,08054
1,1,08060
1,0,07731
1,1,08085
1,0,08234
1,0,08515
1,0,08205
1,1,08081
1,1,08081
1,0,07726
1,0,08085
1,1,08085
1,0,08053
1,0,08505
1,0,08081
1,0,08053
1,0,08096
1,1,08085
1,0,08343
1,1,08080
1,1,08048
1,1,08094
1,1,08048
1,1,08028
1,1,08002
1,0,08302
1,1,08057
1,1,08033
1,0,08005
1,1,07728
1,1,08012
1,0,08085
1,1,08753
1,0,08332
1,1,08054
1,1,08062
1,1,07728
1,1,08009
1,0,08080
1,0,08081
1,1,08043
1,1,08091
1,0,08055
1,1,08515
1,0,08012
1,1,08081
1,0,08094
1,0,08043
1,0,08070
1,0,08234
1,0,07719
1,1,07731
1,0,08360
1,1,08080
1,1,08054
1,0,08328
1,0,08361
1,1,07726
1,1,08330
1,1,08088
1,0,08028
1,0,08088
1,1,08060
1,0,08052
1,0,08009
1,0,08081
1,0,08080
1,0,08094
1,1,07753
1,1,08094
1,0,08043
1,0,08057
1,0,08053
1,1,08361
1,0,07753
1,1,07728
1,1,07728
1,0,08081
1,1,08515
1,1,08330
1,0,08060
1,1,08757
1,1,08514
1,0,08085
1,1,08527
1,1,08511
1,0,08094
1,1,08057
1,1,08046
1,0,08344
1,1,07731
1,1,08087
1,1,08060
1,0,07728
1,0,08107
1,1,08721
1,1,07731
1,0,08087
1,1,08009
1,0,07728
1,0,08722
1,1,08234
1,1,08055
1,1,08053
1,1,08620
1,1,19152
1,1,08081
1,1,08069
1,0,07731
1,1,07726
1,1,08022
1,1,07726
1,1,08094
1,1,08205
1,1,08053
1,0,08054
1,1,08012
1,1,08046
1,0,07728
1,0,08088
1,1,08055
1,0,08322
1,0,08094
1,0,08312
1,1,08310
1,0,08046
1,0,08043
1,0,08302
1,1,08043
1,1,08088
1,1,08003
1,1,08056
1,1,08055
1,0,08057
1,1,08057
1,0,08081
1,1,08057
1,1,08080
1,0,08050
1,1,08081
1,0,08002
1,0,08046
1,1,07728
1,0,08085
1,1,08088
1,0,08034
1,0,08081
1,1,08021
1,0,08755
1,1,08054
1,1,08046
1,0,08094
1,0,08046
1,0,08094
1,0,07753
1,0,08063
1,0,08232
1,1,08057
1,0,08205
1,1,08034
1,1,08080
1,1,08088
1,1,08057
1,0,08048
1,1,08081
1,0,08085
1,1,07726
1,1,08028
1,1,08021
1,1,08360
1,1,08062
1,1,08080
1,0,08010
1,1,08535
1,0,08734
1,1,08234
1,0,08535
1,0,08015
1,0,08736
1,1,08056
1,0,08046
1,1,08054
1,1,08527
1,0,08505
1,1,08031
1,0,08056
1,0,08401
1,0,08088
1,1,08527
1,0,08080
1,1,08724
1,0,08046
1,0,08091
1,0,08036
1,1,08098
1,1,08753
1,0,08051
1,1,08028
1,0,08048
1,1,08094
1,0,08037
1,0,08620
1,1,08109
1,1,08053
1,0,08065
1,1,08026
1,1,08620
1,1,08620
1,1,08003
1,0,08361
1,1,08094
1,1,08022
1,0,08757
1,0,08053
1,1,08094
1,0,08003
1,0,08021
1,1,08021
1,1,08505
1,1,08054
1,0,08029
1,0,08080
1,1,08080
1,0,08083
1,0,08081
1,0,08332
1,0,08505
1,1,08620
1,0,08742
1,1,08022
1,0,08080
1,1,08302
1,0,08081
1,1,07727
1,1,08344
1,1,08052
1,1,08088
1,1,08012
1,0,08225
1,1,08057
1,0,08110
1,1,08062
1,0,08094
1,0,08088
1,1,08361
1,1,08062
1,0,08055
1,1,08053
1,1,08053
1,1,08031
1,0,08205
1,1,08068
1,1,08085
1,0,07727
1,0,08501
1,0,08562
1,1,08094
1,0,07728
1,1,08094
1,1,08016
1,1,08031
1,0,08323
1,1,08055
1,1,08724
1,1,07727
1,0,07726
1,1,08081
1,0,08043
1,1,07726
1,0,07728
1,1,08053
1,0,08094
1,0,08043
1,0,08053
1,0,08554
1,0,08753
1,0,08060
1,1,08360
1,1,08054
1,0,08096
1,0,08054
1,0,08077
1,0,08021
1,0,08330
1,0,08002
1,1,08501
1,1,08043
1,1,08053
1,1,07746
1,0,08105
1,0,08083
1,1,08515
1,1,07728
1,0,08028
1,1,08029
1,1,08056
1,0,08225
1,1,08002
1,0,07731
1,1,08065
1,1,08724
1,1,08016
1,0,08046
1,1,08053
1,1,08724
1,0,08055
1,0,08080
1,0,08110
1,1,08037
1,0,08081
1,0,08215
1,0,08034
1,1,08012
1,1,08080
1,0,08054
1,1,08003
1,1,08034
1,0,08053
1,1,08234
1,0,08505
1,1,07731
1,1,08012
1,1,08098
1,0,08701
1,0,08722
1,0,08012
1,1,07722
1,1,08510
1,0,08755
1,1,08730
1,1,08527
1,0,08757
1,1,07726
1,0,08020
1,1,08055
1,0,07731
1,0,08759
1,1,08080
1,1,08701
1,1,08021
1,1,08012
1,0,08081
1,0,08088
1,1,08757
1,1,08501
1,0,08096
1,0,08048
1,0,08527
1,1,08514
1,1,08225
1,1,08027
1,1,08022
1,0,08724
1,0,08505
1,0,08620
1,1,08037
1,0,08012
1,1,07726
1,1,08020
1,1,08701
1,1,08758
1,0,07728
1,1,08510
1,0,08505
1,1,08036
1,1,07751
1,1,08515
1,1,08527
1,0,08043
1,1,07719
1,1,08009
1,1,08087
1,0,08015
1,1,08016
1,1,08054
1,1,08318
1,1,08081
1,1,08515
1,1,07727
1,0,08053
1,0,08015
1,0,08021
1,0,08054
1,0,08034
1,1,08096
1,1,08109
1,1,08080
1,1,08106
1,0,08021
1,0,08080
1,1,08055
1,0,07753
1,1,07726
1,0,08081
1,1,08067
1,1,08022
1,1,08361
1,0,08060
1,0,08022
1,1,08036
1,1,08501
1,1,08750
1,1,07728
1,1,08012
1,1,08094
1,0,08753
1,0,08360
1,0,08094
1,1,08050
1,0,08054
1,1,08723
1,0,07726
1,0,08049
1,0,08505
1,0,07728
1,1,08033
1,0,08054
1,1,08088
1,0,08108
1,1,08055
1,1,08090
1,0,08085
1,1,08003
1,1,07728
1,0,08010
1,1,08081
1,1,08094
1,1,08054
1,1,08081
1,0,08514
1,1,08028
1,1,08035
1,0,08094
1,0,08087
1,1,08090
1,1,07731
1,1,08332
1,0,08012
1,0,08510
1,0,08034
1,0,08046
1,1,07728
1,0,08620
1,1,08081
1,1,08053
1,1,08060
1,0,08066
1,0,08004
1,0,07726
1,0,08054
1,1,08060
1,1,08060
1,0,08080
1,1,08077
1,1,07728
1,0,08080
1,0,08067
1,0,07719
1,0,08205
1,1,08007
1,1,08724
1,1,07726
1,0,08527
1,1,08085
1,0,08053
1,1,08062
1,0,08060
1,1,08083
1,1,08620
1,1,07728
1,1,08048
1,0,08057
1,1,08094
1,0,08332
1,1,08088
1,1,08071
1,1,08109
1,0,08012
1,0,08081
1,1,08108
1,0,08081
1,0,08330
1,1,08057
1,0,08755
1,0,08332
1,0,08755
1,0,08054
1,0,08043
1,1,08318
1,1,08053
1,1,08081
1,0,07728
1,1,08057
1,0,08012
1,0,08757
1,0,07728
1,1,08080
1,0,08053
1,1,08021
1,0,08054
1,1,08062
1,0,08322
1,0,08054
1,1,08004
1,1,08087
1,1,08081
1,0,08020
1,1,08062
1,0,08759
1,0,08046
1,1,08344
1,1,08759
1,1,08003
1,0,08062
1,1,08081
1,0,08012
1,1,08302
1,0,08012
1,0,08515
1,0,08005
1,1,08085
1,1,08353
1,0,08724
1,1,08205
1,1,08081
1,0,07726
1,1,08360
1,1,08071
1,0,08087
1,0,08045
1,0,08012
1,1,08036
1,0,07719
1,1,08527
1,0,08059
1,1,08724
1,0,08089
1,0,08755
1,1,08060
1,1,07751
1,1,07728
1,0,08518
1,0,08085
1,1,07728
1,1,08620
1,0,08054
1,1,08326
1,1,08053
1,0,08035
1,0,08080
1,1,08234
1,0,08088
1,0,08215
1,1,08057
1,1,07726
1,1,08081
1,0,08062
1,1,08094
1,0,08043
1,1,07746
1,0,08053
1,0,08232
1,1,08021
1,1,08515
1,1,08003
1,1,08090
1,0,08009
1,0,08060
1,1,08046
1,0,08234
1,0,08034
1,0,08106
1,1,08022
1,1,08050
1,0,08054
1,1,08009
1,0,07728
1,0,08005
1,1,08081
1,0,08221
1,1,08054
1,0,07728
1,0,08322
1,0,08701
1,0,08080
1,0,08501
1,0,08036
1,0,08054
1,0,07731
1,1,08046
1,0,08080
1,1,07728
1,1,08012
1,0,08109
1,0,08021
1,1,08043
1,1,08016
1,0,08759
1,1,08048
1,0,08021
1,1,08094
1,0,08081
1,0,08620
1,1,08003
1,1,08757
1,1,08094
1,0,08332
1,0,08080
1,1,08036
1,1,08518
1,1,08234
1,0,08055
1,1,08053
1,1,07726
1,1,08043
1,1,08108
1,1,08003
1,1,08505
1,0,08054
1,1,08527
1,1,08053
1,1,08094
1,0,08031
1,0,08002
1,0,08080
1,1,07753
1,1,08036
1,1,08046
1,0,07726
1,0,08069
1,1,08029
1,0,08205
1,0,08724
1,1,07728
1,0,08002
1,1,08620
1,0,08088-1003
1,1,08003
1,1,08759
1,0,08057
1,1,08054
1,0,08062
1,1,08515
1,1,08054
1,1,08701
1,1,07728
1,0,08063
1,1,08742
1,1,08085
1,0,08361
1,0,08046
1,1,08510
1,0,08078
1,1,08343
1,1,08004
1,0,07719
1,1,08081
1,1,08021
1,0,08344
1,1,08620
1,1,08086
1,0,08056
1,0,08081
1,1,07751
1,1,08075
1,0,08555
1,1,07726
1,1,08757
1,1,08022
1,0,08081
1,0,08096
1,0,08527
1,0,08078
1,1,08052
1,1,08234
1,0,08012
1,0,08302
1,0,08505
1,1,08701
1,0,07726
1,1,08048
1,1,08067
1,0,08360
1,1,08036
1,1,08094
1,1,08062
1,1,08016
1,1,08051
1,0,08753
1,1,08070
1,0,08742
1,1,08360
1,1,07719
1,1,07728
1,1,08003
1,0,08028
1,1,08108
1,1,08021
1,1,08094
1,0,08096
1,0,08010
1,1,08515
1,1,08109
1,0,08070
1,1,08053
1,1,08742
1,0,08080
1,1,08022
1,0,07719
1,1,08026
1,1,08053
1,1,08758
1,1,08053
1,0,08067
1,1,07728
1,1,08028
1,1,08075
1,0,08094
1,1,08105
1,1,08077
1,0,08021
1,1,08361
1,0,08077
1,0,08701
1,1,08515
1,0,08527
1,1,08514
1,0,08090
1,0,08012
1,1,08730
1,0,08033
1,1,08505
1,0,08022
1,1,08029
1,0,08021
1,1,08021
1,0,08724
1,1,08071
1,0,08094
1,1,08080
1,1,08527
1,1,08037
1,1,08053
1,0,08535
1,1,08110
1,0,08057
1,0,07731
1,0,07731
1,1,08109
1,1,08083
1,1,08005
1,0,08009
1,1,07728
1,1,08037
1,1,08016
1,0,08096
1,1,08002
1,1,08527
1,1,08051
1,1,08054
1,1,08080
1,1,08361
1,0,08081
1,0,07726
1,1,08081
1,1,08062
1,1,08043
1,1,08004
1,1,08075
1,1,08028
1,0,08759
1,1,08060
1,1,08053
1,0,08535
1,1,08081
1,0,08753
1,0,08755
1,1,08094
1,0,08053
1,1,08081
1,0,08075
1,0,08088
1,0,08054
1,0,08003
1,0,08053
1,0,08067
1,1,08054
1,1,08098
1,0,08322
1,0,08054
1,0,08021
1,0,08078
1,0,07728
1,1,08054
1,1,07726
1,1,08053
1,1,07728
1,0,08053
1,1,08318
1,1,08515
1,1,08085
1,1,08069
1,1,08016
1,0,08053
1,0,08510
1,1,08081
1,0,08057
1,1,08057
1,0,08527
1,0,08031
1,1,08068
1,0,08104
1,0,07731
1,0,08081
1,0,08052
1,1,08081
1,0,08103
1,0,08360
1,1,08080
1,1,07746
1,1,07726
1,0,08085
1,0,08081
1,1,08515
1,1,08057
1,1,08077
1,0,08088
1,1,08332
1,0,08620
1,1,08016
1,1,08005
1,0,08094
1,1,08091
1,1,08048
1,1,08343
1,1,08062
1,0,08021
1,1,08062
1,0,08049
1,1,08053
1,1,08033
1,0,08021
1,0,08094
1,0,08012
1,1,07727
1,1,08081
1,1,08088
1,1,08077
1,0,08530
1,0,08005
1,1,07753
1,1,08080
1,0,08028
1,0,08081
1,0,08088
1,1,08078
1,1,08057
1,0,08081
1,1,08054
1,1,08108
1,1,07726
1,1,08080
1,1,08089
1,0,08221
1,1,08330
1,0,08105
1,1,07728
1,0,08036
1,1,07753
1,1,07728
1,1,07753
1,1,07753
1,1,08003
1,1,08002
1,0,08081
1,0,08096
1,0,08007
1,1,08081
1,1,07727
1,1,08054
1,0,08053
1,0,08077
1,0,08083
1,1,08360
1,0,08527
1,1,08035
1,1,08062
1,1,08514
1,1,08081
1,1,07753
1,1,08053
1,1,08062
1,1,08077
1,0,08510
1,1,08062
1,1,08054
1,1,08094
1,0,08081
1,1,08002
1,0,08054
1,0,08055
1,0,08724
1,1,08620
1,0,08043
1,0,08736
1,1,08009
1,1,08081
1,1,08021
1,1,08081
1,0,08085
1,1,08050
1,0,08022
1,1,08535
1,1,07726
1,1,08037
1,0,08045
1,0,08330
1,1,08701
1,1,08051
1,1,08106
1,0,08096
1,1,08205
1,1,08098
1,0,07731
1,1,08021
1,1,08053
1,1,08054
1,1,08046
1,0,08527
1,0,07751
1,1,08094
1,1,08065
1,1,08086
1,0,08096
1,0,08015
1,0,08005
1,1,08080
1,1,07728
1,1,08054
1,1,08088
1,0,08501
1,0,08080
1,0,08080
1,1,08075
1,1,08016
1,1,07719
1,1,08056
1,0,08002
1,0,08016
1,1,08108
1,1,08015
1,0,08755
1,0,08096
1,1,08075
1,1,08081
1,1,08080
1,1,08312
1,1,07728
1,0,08075
1,0,08361
1,0,08021
1,1,08029
1,1,08505
1,0,07728
1,0,08002
1,0,08080
1,1,08620
1,1,08722
1,0,08620
1,0,08053
1,0,08505
1,0,08050
1,1,08088
1,0,08054
1,1,08535
1,0,08109
1,0,08003
1,1,08015
1,0,08062
1,0,08091
1,1,08081
1,0,08053
1,0,08753
1,1,08360
1,1,08054
1,0,08080
1,1,08009
1,1,08003
1,1,08003
1,1,08057
1,0,08061
1,1,08036
1,0,08086
1,0,08054
1,1,08053
1,1,08021
1,0,08724
1,0,08535
1,1,08003
1,1,08060
1,1,08527
1,0,08730
1,1,08054
1,1,08029
1,1,08002
1,1,08009
1,1,08501
1,1,08012
1,1,08016
1,0,08302
1,1,08753
1,1,08091
1,1,08050
1,0,08515
1,1,08004
1,0,08527
1,0,08103
1,0,08083
1,1,08755
1,1,08037
1,0,07728
1,1,08535
1,0,08514
1,1,07726
1,1,08016
1,1,08043
1,1,08054
1,1,08505
1,0,07746
1,0,08046
1,0,07728
1,0,08012
1,1,07731
1,1,08030
1,1,08003
1,0,08010
1,1,08514
1,1,08065
1,0,08088
1,1,08053
1,0,08046
1,0,08361
1,0,08079
1,1,08075
1,0,08302
1,1,08080
1,1,08004
1,1,08029
1,0,08501
1,1,08081
1,0,08075
1,1,08080
1,0,08081
1,0,08344
1,0,08075
1,1,08005
1,1,08086
1,1,08007
1,0,08016
1,1,08054
1,0,08096
1,1,08087
1,0,08330
1,1,08050
1,0,08075
1,1,08057
1,1,08107
1,0,08098
1,0,07753
1,1,08322
1,1,08053
1,1,07727
1,0,08053
1,0,08062
1,1,08075
1,0,08046
1,1,07728
1,0,08053
1,0,08081
1,0,08005
1,1,07726
1,0,08059
1,1,08110
1,0,07727
1,0,08055
1,0,08068
1,0,08094
1,0,07719
1,1,07762
1,1,08090
1,1,08062
1,1,08081
1,1,07728
1,1,08046
1,0,08081
1,1,08080
1,1,08080
1,0,07728
1,1,08054
1,1,08026
1,0,08003
1,1,08244
1,1,08012
1,0,08721
1,0,08051
1,1,08009
1,1,08535
1,1,08067
1,1,08361
1,1,08062
1,1,08332
1,1,08620
1,1,07728
1,0,08081
1,1,08053
1,0,07753
1,1,08057
1,0,07726
1,1,08085
1,0,08016
1,1,08090
1,1,08016
1,1,08080
1,1,08510
1,1,08757
1,1,08057
1,0,08087
1,1,08043
1,0,08094
1,1,08343
1,0,08505
1,0,08110
1,0,08048
1,0,08036
1,1,08094
1,1,08043
1,1,08081
1,1,08005
1,1,08505
1,0,08053
1,0,08012
1,0,08110
1,0,07731
1,1,08016
1,1,07726
1,1,07726
1,1,08012
1,1,08060
1,1,08054
1,1,07728
1,0,08086
1,1,08080
1,0,08077
1,0,08060
1,1,08080
1,0,08742
1,1,08054
1,0,08021
1,1,08048
1,1,08053
1,0,08750
1,0,08086
1,1,08081
1,1,08535
1,0,07728
1,1,08759
1,1,08533
1,0,08060
1,0,08055
1,1,08505
1,1,08003
1,1,08048
1,1,08054
1,0,08020
1,1,08724
1,0,07728
1,1,08043
1,1,08054
1,1,08052
1,0,08318
1,1,08053
1,1,07728
1,1,08053
1,0,08225
1,1,08080
1,1,08055
1,0,08302
1,0,08037
1,1,08094
1,0,08007
1,0,08010
1,0,08510
1,1,08062
1,0,08005
1,1,08033
1,1,08080
1,1,08562
1,0,08757
1,1,08330
1,0,08080
1,1,08031
1,1,08094
1,1,08755
1,0,08081
1,0,07728
1,1,08022
1,0,08081
1,1,08053
1,1,08055
1,1,08033
1,1,08533
1,0,08012
1,1,07728
1,1,08012
1,0,08002
1,0,08043
1,1,07728
1,1,08028
1,0,08060
1,1,08043
1,0,08002
1,1,08035
1,1,08043
1,1,08081
1,0,08080
1,0,08757
1,1,08060
1,0,08057
1,1,08057
1,1,08016
1,1,08318
1,0,08003
1,1,08043
1,0,08012
1,1,08036
1,1,08753
1,1,08094
1,1,08094
1,1,08003
1,0,07728
1,0,08054
1,0,08091
1,0,08361
1,1,08205
1,0,08012
1,1,08022
1,1,08515
1,1,08054
1,1,08723
1,1,08053
1,1,08016
1,0,08332
1,1,08033
1,1,08527
1,1,08620
1,1,08043
1,0,08002
1,0,08053
1,0,08505
1,0,08302
1,1,08003
1,0,08086
1,1,08108
1,0,08750
1,1,08053
1,1,08107
1,1,08057
1,1,08003
1,1,08005
1,1,08053
1,0,08080
1,0,08085
1,1,08043
1,0,08081
1,1,08080
1,1,08318
1,0,08096
1,0,08221
1,1,08094
1,1,07728
1,0,08527
1,0,08096
1,1,08088
1,1,08094
1,1,08054
1,1,08043
1,1,08730
1,1,08077
1,0,08054
1,1,08360
1,0,08075
1,0,08742
1,1,08016
1,1,08701
1,1,08031
1,1,08048
1,0,08048
1,1,08053
1,0,08088
1,0,08053
1,0,08012
1,1,08057
1,1,08088
1,0,08086
1,1,08043
1,1,08043
1,0,08021
1,0,08036
1,0,08096
1,1,08234
1,1,08051
1,1,08043
1,1,07719
1,1,08081
1,0,08757
1,0,08081
1,0,08089
1,0,08054
1,1,08053
1,1,08110
1,1,08096
1,0,08730
1,0,08326
1,0,08234
1,0,08060
1,0,08003
1,1,08062
1,0,08010
1,0,08562
1,0,08360
1,0,08062
1,0,08535
1,1,08012
1,0,08046
1,1,08527
1,1,08034
1,1,08034
1,0,08043
1,1,07731
1,1,08722
1,0,07731
1,1,08724
1,1,08053
1,0,08016
1,1,08081
1,0,07726
1,0,08005
1,1,07719
1,0,08759
1,1,08332
1,1,08109
1,0,08081
1,1,08053
1,0,08012
1,0,08091
1,1,08757
1,0,07731
1,1,08757
1,1,08080
1,0,08053
1,1,08505
1,1,08034
1,0,08010
1,0,08016
1,1,08088
1,1,08034
1,0,08757
1,0,08080
1,0,08742
1,0,08043
1,1,07728
1,1,08330
1,1,08037
1,0,08055
1,1,08056
1,1,08037
1,0,08088
1,1,08055
1,1,08106
1,1,08075
1,1,07728
1,1,08056
1,1,08075
1,0,07726
1,0,08050
1,0,08753
1,0,08050
1,1,07731
1,0,08723
1,1,08096
1,0,08322
1,1,08085
1,1,08505
1,1,08081
1,1,08062
1,0,08104
1,1,08322
1,0,08401
1,1,07726
1,0,08062
1,1,07728
1,0,08515
1,0,07726
1,1,08046
1,0,08736
1,1,08108
1,1,08048
1,1,08022
1,0,08055
1,1,08012
1,0,07728
1,0,07728
1,0,08022
1,0,08094
1,1,08016
1,1,08046
1,0,08081
1,1,08016
1,1,08505
1,1,08070
1,1,08028
1,1,07719
1,1,08055
1,0,08046
1,1,08062
1,0,08081
1,1,07726
1,0,08012
1,0,08075
1,0,08085
1,0,08003
1,1,08030
1,1,08085
1,0,08360
1,0,08054
1,1,07726
1,1,07726
1,1,08085
1,1,08054
1,0,08050
1,1,08005
1,1,07727
1,1,07726
1,0,08094
1,1,07731
1,0,07728
1,1,08505
1,0,08098
1,0,08505
1,1,08012
1,1,08080
1,0,08088
1,1,07728
1,1,08081
1,1,08096
1,1,08736
1,1,08360
1,0,08034
1,1,08009
1,1,08736
1,1,08003
1,0,08049
1,1,08085
1,1,08065
1,1,08096
1,0,08753
1,1,07727
1,1,08343
1,1,08043
1,1,08080
1,1,08080
1,1,08046
1,1,08081
1,1,08510
1,1,08062
1,1,08535
1,0,07753
1,1,08080
1,1,08234
1,0,08088
1,1,08059
1,1,08054
1,1,08010
1,1,08730
1,0,08012
1,1,08510
1,0,08028
1,0,08080
1,1,08029
1,1,08361
1,1,08043
1,0,08021
1,0,08053
1,1,08021
1,1,08077
1,0,08057
1,0,08015
1,1,08050
1,1,08077
1,0,07731
1,1,08205
1,1,08005
1,0,08053
1,1,08505
1,0,07753
1,0,08096
1,0,08104
1,1,08757
1,1,08360
1,1,08056
1,0,08080
1,0,08053
1,0,07726
1,0,08016
1,0,08234
1,1,08046
1,1,08049
1,1,08053
1,1,08003
1,0,08723
1,1,08046
1,0,07728
1,0,08010
1,1,08326
1,1,08043
1,0,07728
1,0,08085
1,1,08012
1,1,08094
1,1,07728
1,0,08034
1,1,08730
1,1,08003
1,1,08075
1,1,08053
1,1,07746
1,0,08753
1,0,08063
1,1,08057
1,1,08003
1,1,08003
1,1,08021
1,1,07727
1,0,08094
1,0,08081
1,0,08036
1,0,08046
1,1,08075
1,0,08535
1,1,08505
1,0,08033
1,1,08054
1,0,08016
1,0,08753
1,1,08097
1,1,08081
1,0,08002
1,1,07726
1,1,08054
1,0,08081
1,1,08054
1,1,08077
1,0,08080
1,1,08310
1,1,08021
1,1,08094
1,0,08234
1,0,08344
1,1,08757
1,0,08033
1,1,08050
1,0,08533
1,1,08003
1,0,08322
1,0,08077
1,1,07727
1,0,07731
1,0,08742
1,1,08053
1,0,08106
1,0,08016
1,0,08110
1,0,07753
1,1,08021
1,1,08009
1,0,08036
1,1,08012
1,0,08361
1,0,08110
1,1,08505
1,1,08046
1,0,08057
1,1,08043
1,1,08515
1,0,08053
1,1,07753
1,0,08070
1,1,08046
1,0,08094
1,0,08075
1,0,08009
1,0,08021
1,1,08108
1,1,08081
1,1,08562
1,1,08036
1,1,07728
1,1,08322
1,1,08302
1,1,08054
1,0,08079
1,0,08060
1,0,08060
1,0,07728
1,1,08724
1,1,08505
1,1,08053
1,0,08054
1,1,08016
1,0,08081
1,0,08088
1,0,08098
1,0,08012
1,1,08033
1,0,07728
1,1,08054
1,0,08057
1,1,08736
1,0,08046
1,0,08401
1,0,08081
1,0,08053
1,0,07728
1,0,08755
1,0,08302
1,0,08059
1,1,08062
1,0,08051
1,1,08062
1,1,08234
1,1,08012
1,1,08535
1,0,08510
1,1,08736
1,1,07731
1,0,08078
1,1,08109
1,1,08036
1,1,08053
1,1,07751
1,0,08109
1,0,08016
1,1,08701
1,1,07746
1,0,08094
1,1,08085
1,0,08081
1,1,08016
1,0,08075
1,1,08012
1,0,08094
1,1,08096
1,0,08054
1,0,08003
1,1,08053
1,1,08012
1,0,08004
1,0,08360
1,1,08533
1,0,08062
1,0,07719
1,0,08721
1,1,08096
1,1,08052
1,0,08302
1,1,08096
1,1,08003
1,0,08753
1,0,08012
1,1,08096
1,1,08332
1,1,08106
1,1,07728
1,0,08081
1,0,08012
1,1,08318
1,1,08360
1,1,08753
1,1,08004
1,0,08070
1,0,08043
1,1,08048
1,0,08757
1,1,08562
1,0,08234
1,1,08012
1,1,08535
1,1,08012
1,0,08028
1,1,08053
1,1,08053
1,1,07746
1,0,08059
1,1,08205
1,0,08037
1,1,07726
1,1,08081
1,1,08109
1,0,07719
1,1,08054
1,0,08037
1,0,08302
1,1,08085
1,0,08029
1,0,08515
1,1,07726
1,0,08094
1,1,08075
1,0,07726
1,0,08090
1,1,08094
1,0,08062
1,1,07719
1,1,08085
1,0,08075
1,1,08028
1,0,08077
1,1,08330
1,1,08535
1,1,07726
1,1,08043
1,0,08723
1,0,08081
1,1,08015
1,0,08501
1,1,08054
1,1,08535
1,1,08515
1,0,08759
1,0,08734
1,1,08003
1,0,08088
1,1,08514
1,1,07728
1,1,08081
1,1,08003
1,1,08022-9702
1,0,08094
1,1,08094
1,0,08110
1,1,08105
1,0,08097
1,0,08081
1,1,08081
1,0,07731
1,0,08033
1,1,08562
1,0,08108
1,0,08759
1,1,08054
1,0,08054
1,1,08003
1,0,08046
1,0,07728
1,0,08031
1,0,08361
1,1,08514
1,1,08088
1,0,08055
1,1,08054
1,0,08055
1,0,08053
1,1,08094
1,1,08527
1,0,08053
1,1,07728
1,1,08057
1,1,08057
1,1,08330
1,0,08535
1,0,08201
1,1,08554
1,0,08022
1,0,08043
1,1,08088
1,0,08094
1,0,08053
1,0,08075
1,1,08527
1,1,08757
1,1,08081
1,0,08060
1,1,08505
1,1,08054
1,1,08701
1,1,08527
1,1,08003
1,1,08755
1,1,08083
1,0,08003
1,0,08015
1,1,08109
1,1,08091
1,1,08046
1,1,08094
1,1,08016
1,0,08009
1,1,08080
1,1,07728
1,1,08061
1,0,08046
1,1,08043
1,1,08753
1,0,08096
1,0,08527
1,0,08055
1,1,08096
1,0,08046
1,0,08046
1,0,07753
1,1,08062
1,0,08005
1,1,08081
1,1,07726
1,0,08059
1,0,08031
1,1,08037
1,0,08322
1,1,08053
1,1,08501
1,0,08091
1,0,07728
1,1,08077
1,1,08080
1,1,08620
1,0,08096
1,0,07731
1,1,08080
1,0,08021
1,1,08361
1,1,08514
1,0,08012
1,1,08332
1,0,08009
1,1,08046
1,1,08081
1,0,08043
1,0,08061
1,1,08533
1,1,08053
1,1,08012
1,0,08514
1,1,08085
1,1,08009
1,1,08759
1,1,07753
1,1,08004
1,1,08096
1,1,07726
1,0,08005
1,1,08043
1,0,08081
1,1,07727
1,0,08205
1,1,08034
1,0,08527
1,0,08234
1,1,08077
1,0,08109
1,0,08033
1,0,08081
1,1,08080
1,0,08755
1,1,08742
1,1,08515
1,1,08062
1,1,08053
1,1,08510
1,1,08062
1,1,08026
1,1,08757
1,1,08094
1,1,08043
1,1,08021
1,1,08069
1,0,08043
1,1,08012
1,0,08722
1,0,08554
1,0,08343
1,1,08048
1,1,08075
1,0,08096
1,1,08081
1,1,08053
1,0,08012
1,1,08515
1,1,07731
1,0,08070
1,0,07726
1,1,08742
1,1,08505
1,1,08757
1,0,08094
1,0,08701
1,1,08098
1,0,08757
1,0,08723
1,1,07726
1,1,08003
1,0,08757
1,1,08701
1,0,07726
1,1,08244
1,1,08501
1,1,08094
1,1,08527
1,1,08062
1,1,08016
1,1,08021
1,1,08753
1,0,08757
1,1,08080
1,1,08106
1,1,08234
1,0,07726
1,1,08221
1,0,08080
1,1,08022
1,1,07731
1,1,08043
1,1,08022
1,1,07731
1,0,08010
1,1,08753
1,1,08059
1,0,08043
1,1,08234
1,0,08053
1,1,08080
1,1,08057
1,1,07746
1,1,08054
1,0,07753
1,0,08721
1,1,07726
1,0,08075
1,1,08054
1,1,08054
1,0,08048
1,1,08053
1,0,08060
1,1,07728
1,0,08312
1,1,08021
1,1,08724
1,1,08322
1,1,08054
1,1,08094
1,0,08075
1,0,08724
1,1,07731
1,0,08723
1,0,07726
1,1,08081
1,1,08046
1,1,08046
1,1,08085
1,1,08053
1,0,08753
1,1,08080
1,0,08096
1,1,08051
1,0,08043
1,0,08068
1,0,08757
1,0,07719
1,1,08016
1,0,08053
1,1,08071
1,1,08081
1,1,08077
1,0,08759
1,1,08049
1,1,08083
1,1,08053
1,1,08037
1,0,08110
1,1,08094
1,1,08054
1,1,08085
1,0,08108
1,0,08046
1,0,08003
1,0,08106
1,0,08080
1,1,08234
1,0,08046
1,1,08037
1,1,07719
1,0,08097
1,1,08075
1,1,08322
1,1,08724
1,0,08753
1,0,08062
1,1,08081
1,1,08085
1,0,08753
1,1,08053
1,1,07726
1,1,08070
1,1,08060
1,1,08043
1,1,08005
1,0,08053
1,1,08054
1,1,08081
1,0,08003
1,0,08016
1,0,08104
1,0,08096
1,0,08004
1,1,07728
1,0,07728
1,0,08030
1,1,08069
1,0,08034
1,0,08080
1,0,08091
1,1,08085
1,1,07728
1,1,08049
1,0,08036
1,1,08075
1,0,08102
1,1,08003
1,1,08053
1,1,08043
1,1,08053
1,0,08048
1,1,08019
1,1,08343
1,1,08054
1,1,08002
1,1,08757
1,1,08053
1,1,08096
1,1,08094
1,0,08234
1,1,07728
1,0,08102
1,0,08021
1,1,08330
1,1,07719
1,1,08620
1,0,08055
1,1,08109
1,0,08085
1,1,08003
1,0,08332
1,1,07728
1,0,08721
1,0,08016
1,1,08062
1,0,08050
1,1,08003
1,1,08515
1,1,08080
1,0,08021
1,0,08318
1,0,08079
1,1,08057
1,1,08022
1,0,08043
1,0,08003
1,1,08003
1,1,08077
1,1,07731
1,0,08085
1,0,08091
1,1,08022
1,1,08022
1,0,08088
1,1,08088
1,1,08053
1,0,08724
1,0,08510
1,1,07728
1,1,08048
1,0,07728
1,1,08094
1,1,08012
1,0,08080
1,0,08012
1,1,08005
1,1,08109
1,1,07746
1,1,08048
1,0,08036
1,1,08005
1,0,08757
1,0,07728
1,1,08003
1,1,08312
1,1,08620
1,0,08080
1,0,08110
1,0,08003
1,0,08620
1,0,08077
1,1,08514
1,1,07731
1,1,08094
1,1,08332
1,0,08004
1,1,08009
1,1,08088
1,1,08094
1,0,08003
1,1,08109
1,0,08077
1,0,08046
1,1,08053
1,1,08527
1,0,08046
1,0,08054
1,0,08753
1,0,07726
1,1,08027
1,1,08003
1,1,08009
1,1,08090
1,0,08081
1,0,08080
1,1,07751
1,1,08312
1,0,08053
1,0,08215
1,0,08009
1,1,07726
1,0,08004
1,1,08003
1,0,08094
1,1,08094
1,1,08030
1,0,08094
1,0,08759
1,1,08332
1,1,08066
1,0,07719
1,1,08090
1,1,08033
1,1,07726
1,1,08003
1,0,08021
1,0,08053
1,1,08722
1,0,08021
1,0,08312
1,0,08021
1,1,08518
1,0,08080
1,1,08701
1,0,08701
1,1,08234
1,1,08051
1,1,08048
1,0,08514
1,1,08514
1,1,08053
1,1,08062
1,0,08080
1,0,08094
1,0,08724
1,0,08360
1,1,07728
1,0,08096
1,1,08724
1,1,08562
1,1,08046
1,0,08081
1,0,08527
1,1,08721
1,0,08065
1,1,08510
1,0,08080
1,1,08501
1,0,08034
1,0,08012
1,1,08361
1,0,08003
1,1,08036
1,0,08070
1,1,08701
1,0,08088
1,0,08052
1,0,07728
1,0,08054
1,1,08003
1,1,08701
1,1,07726
1,1,08554
1,0,08077
1,0,08514
1,1,08097
1,1,08053
1,1,07728
1,0,08009
1,1,08033
1,1,08054
1,1,08043
1,1,08050
1,1,08088
1,1,07751
1,0,08318
1,0,08757
1,0,08043
1,0,07731
1,0,08051
1,1,08016
1,1,08535
1,0,07728
1,0,08723
1,1,08701
1,1,08505
1,1,08515
1,1,08742
1,1,08109
1,1,08054
1,1,08094
1,0,08081
1,0,08043
1,0,08753
1,1,08108
1,0,08081
1,1,08533
1,0,08401
1,1,08056
1,1,08094
1,1,08107
1,0,08722
1,1,08053
1,0,08514
1,0,08048
1,0,08003
1,1,08332
1,1,08033
1,1,08081
1,1,08361
1,0,08016
1,0,08759
1,1,08527
1,0,08050
1,1,08090
1,1,07726
1,1,08004
1,1,08090
1,0,08005
1,1,08062
1,1,08318
1,0,08022
1,1,08085
1,1,07726
1,0,08009
1,0,08005
1,1,08085
1,1,08048
1,1,07728
1,1,07728
1,1,08085
1,0,08094
1,1,08054
1,1,08048
1,0,08104
1,1,08085
1,0,08053
1,1,08003
1,1,08080
1,1,08037
1,0,08310
1,1,08518
1,0,08105
1,1,08012
1,0,07731
1,0,07726
1,0,08312
1,1,08081
1,1,08048
1,1,08019
1,0,08318
1,0,08081
1,1,08361
1,0,08048
1,0,08015
1,1,08066
1,1,07726
1,0,08043
1,0,08088
1,1,08533
1,1,08054
1,0,08046
1,1,08088
1,1,08009
1,1,08515
1,1,08055
1,1,08043
1,0,08361
1,0,08094
1,1,08016
1,0,08046
1,1,08054
1,0,08081
1,1,08318
1,1,07728
1,1,07753
1,1,08106
1,0,08080
1,1,08511
1,1,08054
1,0,08029
1,1,08036
1,0,08205
1,1,08016
1,1,08062
1,1,08527
1,1,08322
1,1,07726
1,0,08085
1,0,08527
1,0,08330
1,0,08046
1,1,08046
1,1,08094
1,0,08053
1,1,07726
1,1,08505
1,0,07728
1,1,07728
1,1,08078
1,1,07731
1,1,08046
1,1,08003
1,1,08515
1,1,08077
1,1,08094
1,1,08056
1,1,08094
1,0,08753
1,0,08012
1,0,08360
1,1,08757
1,0,08701
1,0,08757
1,0,08009
1,0,08003
1,1,08094
1,0,08318
1,1,08094
1,1,08759
1,0,08048
1,0,08515
1,1,08048
1,0,08087
1,1,08088
1,1,08721
1,1,08055
1,1,08234
1,1,08054
1,0,07719
1,0,08021
1,0,08016
1,0,08045
1,0,08063
1,0,08081
1,0,07753
1,1,08062
1,1,08056
1,1,08048
1,0,08322
1,1,08053
1,1,08094
1,1,08003
1,0,08724
1,1,08053
1,0,08069
1,1,07726
1,0,08055
1,1,08096
1,0,08620
1,0,08322
1,1,08527
1,1,08054
1,0,07726
1,1,08302
1,1,08012
1,1,08094
1,1,08081
1,1,07728
1,0,08332
1,1,08090
1,1,08003
1,1,08045
1,1,08080
1,1,08081
1,0,08225
1,0,08322
1,1,07728
1,1,08051
1,0,08091
1,0,08201
1,1,08016
1,1,08054
1,1,08057
1,0,08005
1,1,08043
1,1,08043
1,0,08062
1,0,08724
1,0,08019
1,1,08515
1,0,08010
1,1,08757
1,1,08016
1,0,08360
1,0,08755
1,1,08060
1,0,08077
1,0,08535
1,0,08110
1,1,08094
1,0,08401
1,0,08098
1,1,08043
1,1,08080
1,1,08009
1,1,08054
1,0,08027
1,1,08514
1,1,07728
1,1,08721
1,0,08081
1,1,08012
1,0,08080
1,0,07726
1,1,08021
1,0,08016
1,0,08753
1,1,08003
1,0,08094
1,1,08055
1,0,08051
1,0,08361
1,1,08021
1,1,08054
1,1,08098
1,1,08062
1,1,08312
1,1,08002
1,0,08096
1,0,08527
1,1,08062
1,0,08753
1,1,08205
1,1,08096
1,0,08009
1,1,08514
1,0,08061
1,1,08096
1,1,08054
1,1,08043
1,0,08759
1,1,08501
1,1,07731
1,1,08003
1,0,08089
1,1,07726
1,0,08106
1,1,08052
1,1,08505
1,0,08005
1,1,08045
1,0,08075
1,1,08036
1,0,08205
1,1,08057
1,0,08055
1,1,07726
1,1,08084
1,1,08510-1625
1,0,07728
1,1,08054
1,1,08010
1,1,08054
1,0,08535
1,0,08096
1,0,08046
1,1,08094
1,0,08046
1,0,08080
1,1,08016
1,1,08724
1,0,08081
1,0,08110
1,1,08031
1,1,08054
1,1,08056
1,1,08736
1,1,07728
1,1,08510
1,1,08225
1,1,08080
1,0,08054
1,1,08016
1,1,08053
1,0,08094
1,1,08004
1,1,08330
1,1,08080
1,0,08046
1,0,08053
1,0,08007
1,1,08096
1,1,08701
1,1,07728
1,1,08003
1,0,08312
1,1,08094
1,1,08505
1,1,08081
1,1,08034
1,0,08054
1,0,07726
1,0,08057
1,0,08030
1,1,08046
1,0,08533
1,1,07719
1,1,08109
1,1,08081
1,0,08723
1,0,08055
1,0,08109
1,1,08302
1,0,08057
1,1,08060
1,0,08096
1,1,08034
1,1,08234
1,1,08302
1,0,08104
1,0,08057
1,1,08094
1,0,08053
1,0,08085
1,1,08088
1,0,08721
1,1,08012
1,0,08085
1,0,08081
1,1,08012
1,0,08034
1,1,08054
1,0,08050
1,1,08012
1,1,08053
1,1,08215
1,1,08225
1,0,08089
1,0,08109
1,0,08096
1,1,08096
1,0,00008
1,1,08043
1,1,08043
1,0,08088
1,1,08037
1,1,08360
1,1,08012
1,1,08049
1,1,08036
1,1,08322
1,0,08080
1,1,07746
1,0,08090
1,0,08103
1,0,08081
1,0,08036
1,0,08021
1,0,08081
1,0,07728
1,1,08742
1,1,08043
1,1,08060
1,0,07719
1,1,08753
1,0,08361
1,0,08005
1,0,08701
1,1,08312
1,0,08094
1,0,08332
1,0,08028
1,0,08033
1,1,07726
1,1,08332
1,1,08043
1,1,08069
1,1,08054
1,0,08106
1,1,08002
1,0,08055
1,1,08094
1,1,08030
1,1,08069
1,0,08087
1,1,08016
1,0,08055
1,1,08620
1,1,08065
1,1,08003
1,1,08027
1,0,08722
1,0,07731
1,1,08028
1,1,07728
1,1,08077
1,0,08034
1,0,07726
1,1,08043
1,1,08234
1,0,08021
1,0,08505
1,0,08081
1,0,08081
1,1,08043
1,1,08094
1,1,08527
1,0,08037
1,1,08016
1,0,08002
1,1,08505
1,1,08054
1,1,08046
1,1,07728
1,1,08021
1,1,07731
1,1,08022
1,1,08048
1,1,08071
1,1,08757
1,1,08080
1,1,08053
1,0,08054
1,1,08215
1,1,08081
1,1,08330
1,1,08091
1,0,08753
1,0,08003
1,0,08527
1,0,08701
1,1,08055
1,0,08332
1,1,08080
1,1,08080
1,0,08094
1,0,08360
1,1,08109
1,1,08049
1,1,08043
1,1,08753
1,0,08094
1,1,08080
1,0,08032
1,0,08054
1,1,08515
1,0,08096
1,1,07726
1,1,08081
1,1,08046
1,1,08003
1,0,08736
1,0,08079
1,1,08034
1,0,08091
1,1,08096
1,1,08060
1,1,08003
1,0,08054
1,0,08053
1,0,08723
1,1,08080
1,0,08003
1,1,08062
1,0,08759
1,0,08003
1,0,08701
1,0,08080
1,0,08005
1,1,08004
1,0,08080
1,0,08096
1,0,08330
1,0,08096
1,0,08057
1,0,08081
1,0,08093
1,0,07731
1,1,08080
1,0,08071
1,1,08081
1,0,08332
1,0,08036
1,0,07731
1,1,08045
1,1,08033
1,1,07728
1,0,08088
1,0,08053
1,1,08088
1,1,08081
1,1,08094
1,0,07731
1,1,08043
1,0,08096
1,0,07731
1,0,08046
1,1,07727
1,1,08062
1,0,07728
1,1,08049
1,1,08755
1,1,08322
1,1,07728
1,0,08757
1,1,08046
1,0,08055
1,0,08330
1,1,08098
1,0,08736
1,1,08096
1,1,08620
1,1,08066
1,1,08057
1,1,08083
1,0,08094
1,1,08527
1,1,07746
1,1,08056
1,0,07728
1,0,08081
1,1,08077
1,0,08090
1,1,08302
1,0,08722
1,1,08016
1,1,08062
1,1,08054
1,0,08755
1,1,08009
1,1,08004
1,1,08108
1,1,08053
1,1,08054
1,1,07728
1,1,08721
1,1,08077
1,1,08501
1,1,08723
1,1,08088
1,1,08205
1,1,08505
1,1,08062
1,1,07728
1,0,08075
1,1,08330
1,1,08098
1,1,08021
1,1,08052
1,1,08009
1,1,07726
1,1,08021
1,0,08012
1,0,08003
1,0,07728
1,0,08105
1,1,08056
1,1,08012
1,1,08759
1,0,08361
1,0,08009
1,1,08109
1,0,08361
1,0,07728
1,1,08053
1,1,08046
1,0,08620
1,1,08701
1,0,08326
1,1,08080
1,1,08046
1,0,08501
1,0,08002
1,0,08050
1,1,08098
1,1,08028
1,1,08021
1,0,08046
1,0,08080
1,0,08753
1,1,07726
1,0,08757
1,0,08012
1,1,08060
1,0,08757
1,1,08043
1,1,08054
1,1,08360
1,1,07726
1,1,08080
1,0,08332
1,1,08107
1,1,08016
1,0,08081
1,1,08755
1,1,08048
1,1,08701
1,1,08002
1,1,08054
1,1,08094
1,1,08109
1,1,08080
1,1,08322
1,1,08048
1,1,08054
1,0,07728
1,0,08053
1,0,08734
1,0,08065
1,1,08753
1,0,08094
1,1,08755
1,0,08054
1,1,08757
1,1,08062
1,1,08021
1,0,08097
1,1,08343
1,1,08043
1,1,07728
1,1,08062
1,1,08515
1,0,08730
1,1,08110
1,1,08062
1,1,08057
1,0,08002
1,1,08012
1,0,08360
1,1,08075
1,0,08332
1,1,08723
1,0,08065
1,0,08043
1,1,08555
1,0,08094
1,0,08005
1,1,08081
1,0,08620
1,1,07726
1,0,08724
1,1,07731
1,1,08026
1,1,08085
1,1,08046
1,1,08080
1,1,08055
1,1,08021
1,0,08757
1,1,08085
1,0,08759
1,0,08081
1,1,08080
1,1,08048
1,1,08085
1,1,08055
1,0,07728
1,0,08060
1,0,08759
1,1,08501
1,0,08757
1,1,07753
1,1,08012
1,1,08055
1,1,08070
1,0,08302
1,1,07719
1,1,08003
1,0,08344
1,0,08093
1,0,08758
1,0,08053
1,0,08081
1,0,08087
1,0,08757
1,1,08081
1,1,08056
1,0,08043
1,0,08022
1,0,08054
1,1,07726
1,1,08730
1,1,08505
1,1,08081
1,0,07719
1,0,08055
1,1,08620
1,0,08514
1,1,08081
1,0,08055
1,1,08753
1,1,08012
1,0,08527
1,1,08081
1,1,08742
1,1,07728
1,0,07753
1,0,08003
1,1,08022
1,1,08723
1,0,08003
1,0,08009
1,1,08097
1,0,08053
1,1,08081
1,0,08094
1,0,08070
1,1,08701
1,0,08046
1,0,08015
1,0,08234
1,1,08080
1,0,08081
1,0,08028
1,1,08060
1,1,08012
1,0,08096
1,0,08081
1,0,08330
1,1,07728
1,1,08081
1,1,08003
1,1,08062
1,0,08094
1,0,08081
1,1,08021
1,1,08048
1,0,07728
1,0,08620
1,1,08003
1,0,08081
1,0,08055
1,1,08088
1,1,08036
1,1,08090
1,0,08075
1,1,08028
1,1,08003
1,1,07726
1,0,08055
1,1,07728
1,1,08322
1,1,08054
1,0,08081
1,1,08009
1,0,08096
1,1,08360
1,1,08081
1,1,08062
1,0,08043
1,0,07751
1,0,08081
1,0,08701
1,0,08085
1,0,08753
1,1,08057
1,1,08701
1,0,08330
1,1,08054
1,1,08701
1,1,07719
1,1,07731
1,1,08081
1,1,08081
1,0,08724
1,0,07726
1,0,08108
1,1,07719
1,1,08077
1,1,08081
1,0,08750
1,0,08234
1,0,08065
1,1,08085
1,1,08043
1,1,08753
1,1,08085
1,0,08054
1,1,08012
1,1,08054
1,0,08081
1,0,08043
1,1,08055
1,0,08046
1,0,08318
1,0,08721
1,1,08054
1,1,08048
1,1,07727
1,1,08022
1,1,08701
1,1,08221
1,1,08051
1,0,08322
1,0,07728
1,0,08110
1,0,08055
1,0,08070
1,1,08004
1,1,08109
1,0,08319
1,0,07728
1,0,08070
1,1,08009
1,0,08054
1,1,07728
1,1,08094
1,1,08302
1,0,08035
1,0,08031
1,1,07728
1,1,08080
1,0,08081
1,1,08021
1,1,08009
1,1,08022
1,1,08510
1,1,08620
1,0,08035
1,0,08079
1,1,08096
1,1,08085
1,1,08075
1,0,08062
1,0,08012
1,1,08091
1,0,08053
1,0,08505
1,1,08505
1,1,08753
1,1,08081
1,1,08081
1,0,08003
1,0,08069
1,1,08094
1,0,08062
1,0,08004
1,1,08053
1,0,07728
1,1,08046
1,0,08055
1,1,08110
1,1,08062
1,1,08048
1,1,07731
1,1,08080
1,1,08088
1,1,08234
1,1,08088
1,0,08081
1,0,08002
1,1,07728
1,0,08085
1,1,08022
1,0,08077
1,1,08109
1,1,08028
1,1,08510
1,1,08053
1,1,08094
1,1,08053
1,1,07751
1,1,08053
1,0,08098
1,0,08048
1,1,08048
1,0,08081
1,0,08035
1,0,08033
1,1,08043
1,1,08056
1,0,08020
1,1,08096
1,1,07726
1,1,08753
1,0,07726
1,1,08312
1,1,08620
1,0,08515
1,1,08753
1,1,08081
1,0,08515
1,1,08068
1,1,08109
1,0,08003
1,0,08094
1,0,08060
1,1,08016
1,1,07731
1,0,08060
1,1,08518
1,1,08750
1,1,08094
1,1,08080
1,1,08302
1,1,08036
1,1,08020
1,1,08003
1,0,08535
1,0,08505
1,0,07719
1,1,07726
1,1,08070
1,0,08028
1,0,08094
1,0,07753
1,0,08081
1,1,08054
1,1,08533
1,1,08234
1,1,08081
1,0,08054
1,0,08057
1,1,08515
1,0,08012
1,0,07753
1,0,08080
1,1,08043
1,1,08755
1,1,08051
1,0,08053
1,0,08012
1,1,08033
1,0,08344
1,1,08036
1,0,08062
1,0,08043
1,0,08328
1,1,08085
1,1,07722
1,0,08360
1,0,08088
1,1,08043
1,1,08087
1,1,08053
1,0,08057
1,0,07728
1,0,08054
1,0,08021
1,1,08361
1,1,08062
1,0,07726
1,1,08068
1,0,08332
1,0,07728
1,0,08318
1,1,08510
1,1,08062
1,1,08003
1,1,08028
1,0,08014
1,1,08057
1,0,08091
1,0,08505
1,1,08510
1,0,08750
1,0,08759
1,1,08054
1,0,08016
1,0,08062
1,0,08050
1,1,08723-4114
1,1,08054
1,0,08302
1,1,08302
1,1,08096
1,1,08077
1,0,08083
1,1,07746
1,1,08053
1,1,08077
1,1,08302
1,0,08012
1,0,08075
1,1,08077
1,0,08021
1,1,08055
1,1,07727
1,0,08109
1,0,08109
1,0,07728
1,1,08094
1,0,08322
1,1,08052
1,1,08759
1,1,08009
1,1,08080
1,1,08075
1,0,08078
1,1,08054
1,1,08094
1,1,08080
1,0,08086
1,0,08012
1,0,08062
1,1,08003
1,0,08753
1,1,08054
1,0,08361
1,0,08094
1,1,08053
1,0,08701
1,1,07726
1,0,08094
1,0,08750
1,1,08033
1,1,08094
1,1,08332
1,1,08012
1,1,08080
1,1,08081
1,1,08332
1,1,08527
1,0,08036
1,0,08043
1,1,08057
1,0,08054
1,0,08330
1,0,08088
1,1,08721
1,1,08318
1,0,08009
1,0,08083
1,0,08054
1,0,08088
1,1,07728
1,0,08330
1,1,07728
1,1,08080
1,0,08016
1,1,08322
1,1,07728
1,0,08053
1,0,08234
1,1,08022
1,0,08620
1,0,08052
1,1,08050
1,0,08510
1,0,08043
1,0,08094
1,1,08012
1,1,08002
1,0,08515
1,1,08028
1,1,08755
1,0,08081
1,1,08085
1,0,08033
1,1,08057
1,0,08054
1,1,08361
1,1,08515
1,0,08753
1,1,08053
1,0,08057
1,0,07731
1,1,08514
1,1,08080
1,1,08201
1,0,07753
1,0,07728
1,1,08060
1,1,08062
1,0,08108
1,0,08110
1,1,08034
1,1,08053
1,0,08080
1,0,08701
1,0,08010
1,0,08053
1,0,08043
1,0,08055
1,0,08026
1,0,08081
1,1,07727
1,0,08003
1,1,07726
1,0,08515
1,1,08620
1,1,08109
1,1,07746
1,1,08036
1,0,08527
1,1,08085
1,0,08060
1,1,08511
1,0,08081
1,0,08562
1,0,08046
1,1,08096
1,1,08081
1,0,08046
1,1,08361
1,1,07726
1,0,08759
1,0,08620
1,0,08505
1,1,08075
1,1,08096
1,1,08318
1,1,08691
1,0,08097
1,1,08755
1,0,08003
1,1,08010
1,1,08085
1,1,08081
1,1,08071
1,1,08234
1,0,08053
1,1,08080
1,0,08003
1,0,08021
1,0,08080
1,1,08009
1,1,07726
1,1,08098
1,1,08005
1,1,08016
1,1,18078
1,1,18062
1,1,18045
1,1,18062
1,0,18017
1,0,18069
1,1,18014
1,0,18103
1,0,18020
1,0,18032
1,1,18034
1,1,18040
1,0,18069
1,1,18020
1,1,18015
1,1,18045
1,0,18055
1,1,18064
1,1,19512
1,1,18034
1,1,18104
1,1,18045
1,1,18045
1,1,18039
1,0,18017
1,0,18102
1,1,18031
1,1,18031
1,0,18069
1,1,19512
1,1,18103
1,0,18080
1,1,18036
1,1,18069
1,0,18102
1,1,18067
1,1,18015
1,0,18020
1,1,18055
1,1,18104
1,1,18109
1,1,18031
1,1,18017
1,0,18104
1,0,18045
1,0,18045
1,1,18066
1,1,18034
1,1,18106
1,1,18014
1,0,18104
1,0,18017
1,1,18040
1,0,18104
1,1,19526
1,1,18069
1,0,18073
1,0,18102
1,1,18343
1,1,18020
1,1,18080
1,0,18045
1,1,18051
1,1,18034
1,1,18014
1,1,18069
1,1,18037
1,1,18104
1,1,18067
1,1,18042
1,1,18034
1,1,18040
1,0,18106
1,1,18017
1,0,19512
1,1,18088
1,1,18036
1,1,18049
1,1,18078
1,1,18034
1,1,18049
1,1,18052
1,1,18015
1,1,18049
1,1,18020-9588
1,1,18069
1,0,18059
1,0,18045
1,1,18017
1,1,18045
1,1,18020
1,0,18052
1,1,18091
1,0,19547
1,1,18078
1,1,18020
1,1,18055
1,1,18064
1,1,18018
1,0,18064
1,0,18078
1,0,19522
1,1,18067
1,0,18015
1,1,18017
1,1,18059
1,1,18078
1,1,18011
1,1,18037
1,0,18073
1,1,18064
1,0,18020
1,1,18064
1,1,18343
1,1,18091
1,0,18020
1,1,18037
1,1,18106
1,0,18102
1,1,18052
1,1,18103
1,1,18040
1,1,18018
1,0,19539
1,1,18064
1,1,18017
1,1,18073
1,1,18104
1,1,18034
1,0,18103
1,0,18037
1,0,19512
1,1,18052
1,0,18104
1,0,18014
1,1,18017
1,0,18064
1,1,18064
1,0,18102
1,0,19512
1,1,18088
1,0,18104
1,1,18104
1,0,19522
1,0,18103
1,1,18052
1,1,18062
1,1,18017
1,1,18015
1,0,18078
1,1,18045
1,0,18069
1,1,18104
1,0,18055
1,1,18031
1,1,19522
1,1,18020
1,1,18078
1,1,18040
1,1,18104
1,0,19529
1,1,18055
1,1,18104
1,0,19522
1,0,19512
1,0,18073
1,1,18045
1,1,18045
1,1,18017
1,1,18042
1,1,18018
1,0,18017
1,0,18067
1,1,18013
1,1,18045
1,1,18052
1,0,18073
1,1,18020
1,1,18078
1,1,18014
1,1,18104
1,0,18015
1,0,18073
1,1,18064
1,1,18067
1,0,18040
1,0,18109
1,0,18020
1,1,18073
1,0,18020
1,1,18011
1,1,18036-8822
1,0,19522
1,1,18067
1,1,18055
1,0,18017
1,1,18053
1,0,18018
1,1,18064
1,1,18051
1,1,18078
1,1,18074
1,0,18069
1,1,18106
1,1,18064
1,1,18064
1,1,18055
1,1,18103
1,0,18101
1,1,18051
1,1,18066
1,1,18014
1,1,18104
1,1,18064
1,1,18020
1,1,18036
1,1,18103
1,1,19504
1,1,18074
1,1,18017
1,0,18018
1,0,18104
1,1,18014
1,1,18017
1,1,18017
1,0,18049
1,1,18036
1,0,18064
1,1,18051
1,1,18045
1,1,18014
1,1,18062
1,0,18070
1,1,18014
1,0,18036
1,1,18064
1,1,19530
1,1,18020
1,1,18017
1,1,18031
1,0,18062
1,1,18015
1,1,18103
1,1,18064
1,1,18052
1,1,18059
1,0,18062
1,1,18106
1,1,18052
1,1,18073
1,0,18045
1,1,18037
1,1,18031
1,0,18031
1,1,18040
1,1,19555
1,0,18055
1,1,18052
1,0,18036
1,0,18042
1,1,18045
1,0,18034
1,0,18062
1,1,18055
1,1,18104
1,1,18064
1,1,18055
1,0,18052
1,1,18031
1,1,18067
1,1,18015
1,1,18017
1,1,18040
1,1,18103
1,1,18104
1,1,18062
1,0,18067
1,0,18015
1,0,18064
1,1,18034
1,1,18052
1,0,18017
1,1,18067
1,1,18045
1,0,18080
1,0,18069
1,1,18045
1,1,18032
1,1,18034
1,1,18020
1,1,18017
1,0,18055
1,0,18040
1,1,18031
1,0,18045
1,1,18042
1,0,18103
1,1,18017
1,0,18062
1,0,18069
1,1,18040
1,0,18020
1,1,18040
1,1,18018
1,1,18062
1,0,18091
1,1,18064
1,0,18049
1,0,18014
1,1,18064
1,0,18036
1,0,18014
1,0,18031
1,1,18045
1,1,18051
1,1,18064
1,1,18045
1,1,18103
1,1,18020
1,0,18103
1,1,18040
1,1,18017
1,0,18104
1,1,18104
1,1,18036
1,0,18020
1,1,18091
1,0,18069
1,1,18055
1,0,18017
1,1,18020
1,0,18101
1,1,19539
1,1,18064
1,1,18103
1,1,18020
1,1,18951
1,1,18034
1,1,18052
1,1,18072
1,0,18045
1,1,18045
1,0,18103
1,1,18040
1,0,18018
1,0,18049
1,0,18054
1,1,18020
1,0,18062
1,1,18055
1,1,18020
1,0,18062
1,1,18020
1,1,18034
1,1,18017
1,0,18102
1,1,18017
1,1,18067
1,0,18045
1,1,18062
1,1,18109
1,0,18058
1,0,19539
1,0,18017
1,0,18064
1,1,18343
1,1,18036
1,0,18045
1,0,18018
1,1,18017
1,1,18031
1,1,18045
1,0,18067
1,1,19504
1,0,18014
1,1,18052
1,1,18064
1,1,18055
1,0,18103
1,0,18017
1,1,19504
1,0,18052
1,1,18040
1,1,18017
1,1,19526
1,0,18106
1,1,18051
1,1,18049
1,1,18051
1,0,18102
1,1,18343
1,1,18031
1,1,18104
1,1,18020
1,0,18040
1,1,18064
1,0,18104
1,0,18067
1,1,18020
1,1,18942
1,1,18069
1,1,18045
1,0,18080
1,0,18069
1,1,18036
1,1,19547
1,1,18062
1,1,18017
1,0,18109
1,0,18045
1,1,18080
1,0,18343
1,1,18073
1,0,18036
1,1,18032
1,1,18067
1,1,18104
1,1,18045
1,1,18020
1,0,18040
1,1,18045
1,1,18017
1,1,18040
1,0,18031
1,1,18104
1,0,18073
1,1,18052
1,1,18103
1,0,18092
1,1,19504
1,0,18018
1,1,18045
1,1,18045
1,0,18017
1,1,18104
1,0,18069
1,1,18042
1,1,18104
1,1,18052
1,0,18031
1,1,18062
1,0,18045
1,0,18073
1,1,18069
1,1,18051
1,1,18059
1,1,18069
1,1,18103
1,1,18091
1,1,18020
1,1,18078
1,0,18064
1,0,18092
1,0,18072
1,1,18042
1,0,19547
1,1,18069
1,1,18067
1,1,18103
1,0,19526
1,1,18014
1,1,18017
1,1,18051
1,1,18064
1,1,18103
1,1,18051
1,0,18067
1,0,18031
1,1,18020
1,0,19539
1,1,18091
1,1,18062
1,0,18031
1,1,18040
1,1,18081
1,0,18015
1,0,18069
1,1,18017
1,0,18031
1,1,18045
1,0,18055
1,1,18020
1,1,18055
1,0,18017
1,0,18064
1,0,18020
1,1,18103
1,0,18037
1,0,18104
1,1,19505
1,1,18017
1,1,18106
1,0,18036
1,1,18013
1,1,19512
1,0,18045
1,1,18078
1,1,18031
1,1,18049
1,0,19522
1,0,18062
1,1,19526
1,1,18104
1,0,19503
1,0,18062
1,1,18018
1,1,18052
1,1,18073
1,1,18067
1,0,18088
1,1,18017
1,1,18064
1,1,18017
1,1,18031
1,1,18015
1,0,18051
1,1,19526
1,1,18088
1,1,18040
1,1,18104
1,1,18077
1,0,18018
1,1,18066
1,1,18072
1,1,18092
1,1,19530
1,0,18103
1,1,18064
1,0,18045
1,1,18045
1,1,18040
1,0,18036
1,1,19505
1,1,18052
1,1,18042
1,1,19539
1,0,18104
1,1,18104
1,0,18052
1,1,18062
1,0,18018
1,0,18036
1,0,18102
1,1,18045
1,1,18051
1,0,18020
1,0,18036
1,1,18020
1,0,18040
1,1,18067
1,1,18103
1,1,18067
1,1,18020
1,1,18920
1,1,18014
1,1,18067
1,0,18037
1,0,18045
1,1,18036
1,0,18103
1,1,18052
1,0,18091
1,1,18080
1,1,18017
1,1,18088
1,0,18069
1,1,18103
1,1,18064
1,0,19512
1,0,18103
1,1,18031
1,0,18104
1,0,18104
1,1,18037
1,1,18034
1,1,18045
1,1,18045
1,1,18062
1,1,19522
1,0,18104
1,0,18015
1,0,18106
1,0,18078
1,1,18062
1,1,18020
1,1,18049
1,0,18045
1,1,18103
1,0,18014
1,1,19555
1,1,18017
1,1,18103
1,1,18020
1,1,18069
1,1,18013
1,1,18040
1,0,18102
1,0,18073
1,1,18062
1,0,18020
1,1,18020
1,1,18103
1,0,18054
1,1,18014
1,1,18064
1,1,18103
1,1,18104
1,1,18017
1,1,18104
1,1,18062
1,0,18041
1,0,18017
1,0,18045
1,1,18051
1,0,18017
1,1,18040
1,1,18062
1,1,18015
1,1,18064
1,1,19512
1,0,18080
1,1,18017
1,1,18020
1,1,18103
1,0,18055
1,1,18017
1,1,18078
1,1,18017
1,0,18062
1,1,18062
1,1,19512
1,1,18078
1,1,18062
1,1,18073
1,0,18045
1,1,18078
1,1,18015
1,1,18020
1,1,18078
1,1,18104
1,0,18031
1,0,18040
1,1,18034
1,0,18041
1,0,18972
1,1,18020
1,1,18042
1,1,18064
1,0,18042
1,1,18015
1,1,18017
1,1,18052
1,1,18104
1,1,18104
1,1,18034
1,1,18062
1,1,19522
1,0,18103
1,1,18051
1,1,18045
1,0,18040
1,1,18073
1,0,18055
1,0,18049
1,1,18069
1,1,18045
1,0,18020
1,1,18080
1,1,18064
1,1,18034
1,1,18020
1,1,18067
1,1,18103
1,1,18073
1,1,18066
1,1,18045
1,0,18051
1,0,18017
1,0,18109
1,1,18064
1,0,18032
1,1,18017
1,1,18018
1,0,18015
1,1,19504
1,1,18017
1,0,18064
1,1,18034
1,0,18052
1,1,18014
1,1,18034
1,1,18015-5051
1,1,18052
1,0,18064
1,0,18015
1,1,18040
1,1,18036
1,1,18018
1,0,18031
1,1,18062
1,1,18052
1,0,18042
1,0,18045
1,0,18078
1,1,18034
1,0,19512
1,1,18052
1,1,18062
1,1,18103
1,1,18040
1,1,18040
1,0,18015
1,1,18109
1,1,18055
1,1,18951
1,1,18034
1,0,19505
1,0,18045
1,1,18066
1,0,18091
1,1,18031
1,1,18040
1,1,18062
1,1,19526
1,0,18067
1,0,18109
1,0,18951
1,1,18031
1,1,18103
1,1,18103
1,1,18014
1,1,18103
1,1,18062
1,1,18064
1,1,18017
1,1,18031
1,0,18015
1,0,18067
1,0,19530
1,1,18051
1,1,18036
1,1,18040
1,0,19512
1,1,18073
1,1,18020
1,1,18067
1,1,18017
1,1,18062
1,1,18106
1,0,18017
1,1,18045
1,0,18064
1,1,19512
1,0,18018
1,0,18020
1,1,18104
1,0,18103
1,0,18014
1,0,18062
1,1,18064
1,1,18078
1,1,18041
1,1,18017
1,0,18036
1,1,18059
1,1,18031
1,0,18042
1,1,18103
1,1,18031
1,1,18064
1,1,18064
1,1,18067
1,1,18020
1,1,18015
1,1,18045
1,0,18067
1,1,18013
1,0,19512
1,0,18078
1,1,19526
1,1,18064
1,0,18034
1,1,18072
1,1,18017
1,1,18064
1,1,18080
1,1,18014
1,1,18034
1,0,19526
1,1,18067
1,1,18069
1,1,18053
1,1,18045
1,0,18032
1,0,18055
1,1,18042
1,1,18040
1,1,18017
1,1,18045
1,1,19504
1,0,18078
1,1,19547
1,1,18104
1,0,18031
1,0,18104
1,1,18062
1,1,18020
1,1,18015
1,0,18020
1,1,18078
1,1,18040
1,1,18069
1,1,18045
1,1,18034
1,1,18020
1,0,18045
1,1,18103
1,0,18045
1,1,18064
1,1,18067
1,0,18078
1,1,18052
1,1,19539
1,1,18104
1,1,18020
1,1,18020
1,0,18034
1,0,18072
1,1,18045
1,0,18064
1,1,18020
1,1,18017
1,1,18045-5434
1,1,18020
1,1,18045
1,0,18078
1,1,18078
1,0,18017
1,1,18104
1,1,18062
1,1,18104
1,0,18069
1,0,18064
1,1,18017
1,1,18077
1,1,18055
1,1,18031
1,1,18015
1,0,18040
1,1,18042
1,1,18020
1,1,18073
1,1,18062
1,1,18059
1,1,19522
1,1,19512
1,1,18069
1,1,18018
1,1,18051
1,0,18104
1,0,18017
1,0,18013
1,1,18077
1,0,18064
1,1,18064
1,1,18045
1,1,18067
1,1,18055
1,1,18020
1,0,18062
1,1,19522
1,1,18064
1,1,18045
1,1,18067
1,0,18045
1,0,18020
1,1,18104
1,1,18064
1,1,18064
1,1,18031
1,1,18343
1,1,18073
1,1,18040
1,1,18045
1,1,18020
1,1,18037
1,1,18017
1,1,18045
1,1,18078
1,1,18020
1,1,18062
1,0,18040
1,0,18102
1,1,18042
1,0,18015
1,0,18102
1,1,18017
1,1,18040
1,0,18104
1,1,18062
1,0,18080
1,0,18036
1,1,18064
1,0,18102
1,1,18062
1,1,18045
1,1,18104
1,0,18040
1,0,18064
1,0,18018
1,1,18052
1,1,18040
1,0,18103
1,1,18045
1,1,18078
1,1,18078
1,1,18078
1,0,18032
1,0,18067
1,1,18078
1,0,18020
1,0,18069
1,0,19547
1,1,18069
1,0,18031
1,1,18067
1,1,18103
1,1,18062
1,0,18103
1,1,18052
1,0,18078
1,0,18045
1,1,18045
1,0,18080
1,0,19530
1,1,18017
1,1,18017
1,1,18064
1,1,18011
1,1,18031
1,1,18052
1,0,18034
1,1,18020
1,1,18017
1,0,19522
1,1,19512
1,1,18045
1,1,18072
1,0,18104
1,1,18062
1,1,18017
1,1,18103
1,0,18070
1,0,18034
1,1,18052
1,0,18032
1,1,18020
1,0,18013
1,1,18045
1,0,18017
1,1,18091
1,1,18042
1,0,18104
1,1,18106
1,1,18020
1,1,18103
1,1,18031
1,0,18103
1,1,18037
1,1,18920
1,1,18031
1,1,18073
1,0,18045
1,1,18073
1,0,18091
1,1,18064
1,1,18064
1,1,18036
1,1,18045
1,0,18109
1,1,18104
1,1,19555
1,0,18072
1,1,18059
1,0,18045
1,0,18017
1,1,18062
1,1,19522
1,1,18018
1,0,18103
1,0,19526
1,0,18040
1,1,18104
1,0,18062
1,0,18052
1,0,18036
1,1,18088
1,0,18104
1,1,18104
1,1,18017
1,1,18045
1,1,18020
1,1,18049
1,1,18064
1,0,18105
1,0,18020
1,1,18080
1,1,18040
1,0,19526
1,0,18020
1,0,19530
1,0,18106
1,0,18102
1,1,18070
1,1,18040
1,0,18015
1,1,18045
1,1,18036
1,0,18041
1,0,18045
1,1,18062
1,0,18020
1,0,18034
1,1,18049
1,0,18078
1,0,18017
1,0,18104
1,1,18045
1,1,18020
1,1,18051
1,1,18092
1,1,18042
1,0,19522
1,1,18045
1,0,18062
1,0,18045
1,0,18104
1,0,18055
1,0,18067
1,0,19526
1,1,18103
1,1,19522
1,1,18034
1,1,18077
1,0,19534
1,0,18064
1,1,18064
1,1,17960
1,1,18040
1,1,18104
1,1,18049
1,1,18069
1,0,18104
1,0,18049
1,0,18069
1,0,18064
1,1,18078
1,1,18104
1,0,18049
1,0,18017
1,1,18020
1,1,18036
1,1,18051
1,1,18042
1,1,18017
1,1,18034
1,0,18017
1,0,18017
1,1,19529
1,0,18015
1,1,18051
1,0,19555
1,1,18067
1,1,18020
1,1,18017
1,1,18031
1,0,18067
1,0,18015
1,1,18062
1,0,19547
1,0,18077
1,1,18069
1,0,18078
1,1,18018
1,0,18067
1,1,18014
1,1,18040
1,0,18088
1,1,18017
1,0,18067
1,0,18034
1,1,18042
1,0,18042
1,0,18015
1,1,18014
1,1,18049
1,1,18103
1,0,18017
1,0,18103
1,1,18055
1,1,18014
1,0,18951
1,0,18045
1,1,18037
1,1,18045
1,1,18014
1,0,18031
1,0,18020
1,0,18054
1,0,18020
1,1,18039
1,1,19512
1,0,18066
1,1,18031
1,1,18078
1,1,19512
1,1,18067
1,1,18092
1,1,19529
1,1,18078
1,0,18017
1,1,18015
1,1,18092
1,0,18103
1,1,18020
1,0,18031
1,0,18017
1,1,18104
1,1,18020
1,1,18051
1,0,18102
1,1,18034
1,1,18073
1,0,19562
1,1,18064
1,1,18031
1,1,18103
1,1,18017
1,1,18951
1,1,19522
1,0,18080
1,1,18017
1,0,18018
1,0,18069
1,1,18045
1,0,18062
1,1,18062
1,1,18062
1,0,18064
1,1,18017
1,0,18064
1,0,18042
1,1,18055
1,1,18055
1,0,18014
1,1,18092
1,1,18014
1,1,18104
1,1,18103
1,1,18042
1,0,18034
1,1,18064
1,1,18036
1,1,18015
1,0,18103
1,1,18343
1,0,18045
1,0,18017
1,0,18059
1,1,18051
1,1,18078
1,1,18052
1,1,18052
1,0,19522
1,1,18106
1,1,18014
1,1,18064
1,1,18045
1,0,18045
1,1,18032
1,1,18078
1,1,18092
1,1,18045
1,0,18052
1,0,18064
1,0,18042
1,1,18018
1,1,18062
1,0,18020
1,0,18104
1,1,18064
1,1,18064
1,0,18040
1,1,18020
1,1,18040
1,0,18073
1,1,18034
1,1,18020
1,0,18017
1,1,19530
1,1,18017
1,0,18017
1,1,18045
1,1,19539
1,0,18102
1,1,18062
1,0,18020
1,1,18020
1,1,18014
1,1,18067
1,1,19504
1,1,18052
1,1,18078
1,0,18109
1,1,18088
1,1,18104
1,1,18064
1,1,18036
1,1,18104
1,1,18020
1,1,18020
1,0,18066
1,1,18031
1,0,18054
1,1,18045
1,1,18032
1,1,18064
1,0,18042
1,1,18040
1,1,18020
1,1,18049
1,1,18052
1,1,18017
1,0,18062
1,0,18103
1,1,18064
1,0,18018
1,1,18051
1,1,18062
1,0,18017
1,1,18062
1,0,18036
1,0,18049
1,0,18103
1,1,18064
1,1,18020
1,1,18067
1,1,18073
1,1,18052
1,0,18102
1,0,18104
1,0,18076
1,0,18017
1,0,18014
1,0,18064
1,1,18018
1,1,18055
1,0,18104
1,1,18064
1,1,18037
1,1,18104
1,0,18052
1,1,18069
1,1,18031
1,0,19522
1,1,18020
1,0,18049
1,1,18109
1,0,18103
1,1,18064
1,1,18017
1,1,18011
1,0,18064
1,1,18040
1,1,18052
1,1,18045
1,0,18067
1,0,18040
1,1,18042
1,1,18104
1,1,18036
1,1,18020
1,1,18106
1,1,18104
1,1,18017
1,1,18055
1,1,18040
1,0,18062
1,1,19555
1,1,18073
1,1,18017
1,1,18031
1,1,18040
1,0,18018
1,1,18045
1,0,18102
1,1,18067
1,1,18064
1,1,18104
1,1,18017
1,1,18020
1,1,18049
1,1,18104
1,1,18104
1,1,18020
1,0,18106
1,0,18020
1,0,18972
1,1,18064
1,1,19530
1,1,18017
1,0,18067
1,1,18020
1,1,18064
1,0,18017
1,1,18013
1,1,18062
1,1,18049
1,1,18091
1,0,18106
1,1,18064
1,1,18031
1,1,18343
1,1,18062
1,1,18017
1,0,18014
1,1,18045
1,1,18045
1,1,18078
1,1,18017
1,1,18045
1,1,18064
1,1,19547
1,1,18020
1,0,18052
1,0,18040
1,0,18064
1,1,18040
1,1,18067
1,1,18014
1,0,18015
1,1,18055
1,0,18045
1,1,18015
1,0,18067
1,0,18020
1,1,18051
1,1,18064
1,1,19505
1,1,18092
1,0,19555
1,1,18067
1,0,18040
1,0,18049
1,0,18034
1,0,18015
1,1,18064
1,0,18972
1,1,18080
1,1,18103
1,1,18036
1,1,18017
1,1,18014
1,0,18017
1,1,18066
1,1,18080
1,1,18037
1,1,18078
1,1,18017-1073
1,1,18064
1,1,18017
1,0,18062
1,1,18013
1,1,19529
1,0,19522
1,1,18017
1,1,18045
1,0,18017
1,1,18032
1,1,18036
1,1,19505
1,0,19547
1,0,18014
1,1,18064
1,1,18015
1,1,18018
1,0,18032
1,0,18020
1,1,18020
1,1,18018
1,1,18070
1,0,18011
1,1,18062
1,1,18015
1,0,18069
1,1,18020
1,0,18064
1,0,18055
1,1,18104
1,1,18040
1,0,18106
1,1,18031
1,0,18017
1,1,18104
1,0,18102
1,1,18040
1,1,18104
1,1,18104
1,1,18049
1,1,18064
1,0,18069
1,0,18091
1,0,18017
1,0,18078
1,0,18045
1,0,18064
1,1,18073
1,0,19530
1,1,18080
1,0,18092
1,0,18104
1,1,18020
1,0,18036
1,0,18080
1,0,18078
1,0,18015
1,1,18020
1,1,18040
1,1,18040
1,1,18067
1,1,18103
1,0,18080
1,0,18017
1,1,18069
1,1,18014
1,0,18040
1,1,18020
1,0,18064
1,1,18031
1,1,18013
1,1,18055
1,1,18067
1,1,18092
1,1,18069
1,1,18018
1,0,18067
1,1,18031
1,0,18040
1,1,18064
1,1,19522
1,0,18034
1,0,18073
1,1,18017
1,1,18032
1,1,18067
1,1,18062
1,1,18078
1,1,18015
1,0,19504
1,1,18017
1,1,18020
1,1,18951
1,0,18020
1,1,18020
1,1,18045
1,0,18069
1,0,18045
1,1,18013
1,1,18045
1,1,18942
1,1,18104
1,0,18106
1,0,18103
1,1,18064
1,1,18062
1,1,18031
1,0,18015
1,1,18088
1,1,18064
1,0,18103
1,0,18064
1,1,18080
1,0,18020
1,1,18062
1,0,18017
1,1,18052
1,1,18103
1,0,18017
1,0,18106
1,0,18042
1,0,18091
1,1,19522
1,1,18020
1,0,18102
1,1,18062
1,1,18014
1,0,18109
1,0,18017
1,0,18051
1,1,18052
1,0,18972
1,1,18045
1,1,18045
1,0,18055
1,0,18073
1,1,18040
1,1,18088
1,0,18067
1,1,18080
1,1,18106
1,1,18059
1,0,18015
1,1,18088
1,1,18064
1,0,18045
1,1,18040
1,0,18052
1,1,18017
1,1,18067
1,1,18073
1,1,18054
1,0,18017
1,0,18104
1,0,18020
1,0,18017
1,0,18020
1,0,18103
1,0,18104
1,1,18014
1,0,18104
1,1,18104
1,1,18051
1,0,18102
1,1,18017
1,0,18011
1,1,18017
1,1,18078
1,1,18020
1,1,18069
1,0,18106
1,1,18045
1,1,18064
1,1,18045
1,1,18045
1,1,18051
1,0,19504
1,1,18020
1,0,18062
1,1,18921
1,1,18034
1,0,18017
1,1,18109
1,1,18104
1,0,18040
1,1,18020
1,0,18067
1,0,18017
1,1,18091
1,1,18104
1,1,18104
1,1,18951
1,0,18020
1,1,18064
1,0,18066
1,1,18103
1,0,18104
1,1,18064
1,1,18018
1,0,18031
1,0,18020
1,1,18045
1,1,18064
1,0,18930
1,1,18064
1,1,18078
1,1,18045
1,1,18031
1,0,18064
1,0,18017
1,0,18102
1,1,18049
1,1,18040
1,0,18034
1,1,18104
1,1,18014
1,1,18064
1,0,18031
1,1,18017
1,1,18077
1,0,18062
1,1,18069
1,0,18020
1,1,18064
1,0,18102
1,1,18059
1,1,18078
1,0,18067
1,1,19530
1,1,18020
1,1,18080
1,1,19518
1,0,18015
1,1,18052
1,1,18017
1,0,18031
1,1,18051
1,1,18051
1,1,18055
1,1,18064
1,1,18036
1,1,18051
1,0,19512
1,0,18106
1,0,18036
1,1,18020
1,1,18040
1,0,18015
1,1,18037
1,1,18031
1,0,18083
1,1,18045
1,0,18064
1,1,18031
1,1,18055
1,0,18091
1,0,18067
1,1,18042
1,1,18062
1,1,18045
1,1,18064
1,1,18045
1,0,18045
1,1,18067
1,1,18011
1,0,18080
1,1,18052
1,1,18040
1,1,18013
1,0,18062
1,1,18017
1,1,18013
1,1,18062
1,1,18106
1,1,18104
1,0,18064
1,1,18020
1,1,18020
1,1,18037
1,1,18042
1,1,18064
1,0,18104
1,0,18055
1,1,18031
1,1,18069
1,1,18017
1,1,18104
1,0,18062
1,1,18064
1,0,18032
1,0,18077
1,0,18067
1,1,18034
1,1,18020
1,1,18069
1,1,18020
1,0,18017
1,1,18104
1,1,18037
1,0,18051
1,1,18069
1,0,18058
1,1,18037
1,0,18109
1,0,19512
1,0,18017
1,0,18078
1,0,18103
1,0,18103
1,1,18032
1,0,18067
1,0,18045
1,1,18103
1,1,18055
1,1,18059
1,1,18034
1,0,18052
1,0,18013
1,1,18014
1,1,18045
1,0,18017
1,1,18052
1,0,18041
1,1,18064
1,1,18104
1,0,18020
1,0,18017
1,0,18036
1,1,18045
1,1,18073
1,1,18920
1,0,18104
1,1,18031
1,1,18014
1,0,18062
1,1,18067
1,0,18064
1,0,18102
1,1,18343
1,0,18040
1,1,18020
1,1,18015
1,0,18103
1,0,18064
1,1,18064
1,1,18088
1,0,18037
1,0,18067
1,1,18064
1,1,18040
1,1,19522
1,1,18077
1,1,18088
1,1,18017
1,1,18069
1,0,18069
1,1,18036
1,1,18106
1,1,19530
1,0,18947
1,1,18037
1,1,18078
1,1,18014
1,1,18045
1,1,18066
1,0,18040
1,1,19512
1,1,19530
1,1,18014
1,0,18032
1,1,18067
1,0,18049
1,1,18104
1,0,18042
1,0,18034
1,1,18053
1,1,18064
1,1,18040
1,1,18020
1,1,18020
1,1,18036
1,1,18032
1,1,18078
1,1,18017
1,1,18020
1,0,18045
1,1,18088
1,1,18045
1,1,18020
1,1,18020
1,1,18087
1,1,18951
1,0,18014
1,0,18032
1,1,18064
1,1,18020
1,0,18080
1,1,18064
1,1,18031
1,1,18040
1,1,18017
1,1,18055
1,1,18062
1,1,18051
1,0,18031
1,1,19530
1,1,18069
1,1,18036
1,0,18036
1,1,19530
1,0,19512
1,1,18066
1,1,18020
1,0,18017
1,0,18034
1,1,18040
1,0,18020
1,1,18020
1,1,18064
1,0,18052
1,1,18102
1,1,18070
1,1,18064
1,1,18104
1,1,18020
1,1,18104
1,0,18092
1,0,18049
1,1,18062
1,0,18103
1,1,18104
1,0,18073
1,1,18055
1,1,18014
1,1,18103
1,1,18020
1,1,18062
1,1,18014
1,1,18045
1,1,18017
1,1,18064
1,0,18103
1,0,19526
1,1,18014
1,1,18037
1,1,18103
1,1,18072
1,1,18104
1,1,18052
1,1,18067
1,0,18052
1,0,18109
1,1,18031
1,1,18104
1,1,18017
1,1,18042
1,1,18041
1,0,18052
1,0,18015
1,1,18062
1,0,18064
1,1,18069
1,1,18017
1,1,18052
1,0,18034
1,1,18031
1,1,18062
1,1,18073
1,0,18052
1,1,18951
1,1,18051
1,0,18102
1,0,18020
1,1,18014
1,0,18103
1,1,18077
1,0,18069
1,0,18045
1,0,18052
1,1,18051
1,1,18017
1,1,18078
1,0,19522
1,1,18104
1,1,18040
1,1,18106
1,0,18017
1,1,18091
1,0,18051
1,0,19526
1,1,18104
1,1,18064
1,0,18031
1,0,18020
1,1,18020
1,1,18020
1,0,18067
1,1,18064
1,0,18045
1,0,18078
1,1,18088
1,1,18049
1,1,18045
1,1,18054
1,1,18103
1,0,18020
1,0,18930
1,0,18064
1,1,18049
1,0,18064
1,0,19526
1,0,18014
1,0,18073
1,1,18103
1,1,18015
1,1,18073
1,1,18069
1,1,18049
1,0,18062
1,1,18104
1,1,18018
1,1,18069
1,1,18020
1,0,18020
1,0,18045
1,0,18062
1,1,18015
1,1,18104
1,1,18031
1,1,18080
1,1,18031
1,1,18014
1,1,18020
1,0,18078
1,0,18073
1,0,19504
1,0,18104
1,1,18052
1,1,18020
1,0,18104
1,1,18064
1,0,18020
1,1,18014
1,1,18078
1,0,18064
1,0,18069
1,1,19512
1,0,18064
1,1,18088
1,0,18036
1,1,18109
1,0,18051
1,0,18064
1,1,18106
1,1,18104
1,1,18031
1,1,18073
1,0,18102
1,1,18037
1,1,18064
1,0,18072
1,1,19522
1,1,18103
1,1,18020
1,1,18078
1,1,18052
1,1,18037
1,1,18051
1,1,18031
1,1,18020
1,1,18067
1,1,18045
1,1,18018
1,1,18064
1,0,18080
1,1,18104
1,1,18031
1,1,18067
1,0,18067
1,0,18049
1,0,18103
1,1,18103
1,0,18103
1,1,18045
1,1,18078
1,1,18069
1,0,18104
1,1,18080
1,1,18103
1,1,18020
1,0,18051
1,1,18062
1,1,18055
1,0,18013
1,0,18055
1,0,18042
1,0,18059
1,0,18042
1,1,18067
1,1,18037
1,0,18018
1,1,18104
1,1,18103
1,1,18103
1,1,18042
1,1,18103
1,0,18052
1,1,18036
1,1,18104
1,0,18072
1,0,18064
1,1,18067
1,1,18052
1,1,18020
1,0,18020
1,0,18103
1,1,18014
1,1,18020
1,0,18104
1,1,18040
1,1,18014
1,0,18092
1,0,19522
1,1,18059
1,0,18055
1,1,19512
1,1,18040
1,1,18951
1,1,18951
1,0,18051
1,1,18018
1,1,18103
1,0,19526
1,0,18102
1,1,18078
1,1,18064
1,0,18051
1,1,18069
1,1,18034
1,1,18062
1,1,18037
1,1,18064
1,1,18104
1,0,18078
1,1,18052
1,1,18064
1,1,18017
1,1,18062
1,1,18078
1,1,18051
1,0,18930
1,1,18064
1,1,18088
1,0,18032
1,1,18064
1,0,18036
1,0,18078
1,1,18069
1,0,18080
1,1,18034
1,0,18064
1,0,18045
1,1,18017
1,0,18064
1,0,18042
1,1,18034
1,1,18014
1,1,18040
1,1,18069
1,0,18064
1,0,18102
1,1,18103
1,0,18040
1,1,18045
1,1,18015
1,1,18062
1,0,18104
1,1,18017
1,0,18064
1,1,18014
1,0,18036
1,0,18020
1,1,18103
1,1,18064
1,0,18034
1,1,18109
1,1,18088
1,0,18103
1,1,18045
1,1,18067
1,0,18020
1,1,18064
1,0,18073
1,1,18091
1,1,18017
1,1,18104
1,1,18076
1,0,18015
1,1,18014
1,1,18036
1,0,18058
1,1,18077
1,0,18104
1,1,18040
1,1,18017
1,1,18031
1,1,18064
1,0,18020
1,0,18036
1,1,18067
1,1,19529
1,1,18045
1,0,18064
1,0,18102
1,1,18020
1,0,18104
1,0,18102
1,0,18017
1,1,18103
1,0,18052
1,1,18049
1,1,18013
1,0,18067
1,0,18102
1,1,18031
1,1,18064
1,0,18052
1,1,18020
1,1,18045
1,1,18015
1,0,18015
1,1,18017
1,1,18051
1,1,18037
1,0,18103
1,1,18040
1,1,18104
1,1,19541
1,1,18104
1,0,18031
1,1,18018
1,1,18045
1,0,18055
1,0,18049
1,1,18045
1,0,18034
1,1,18017
1,0,18069
1,1,18045
1,0,18078
1,1,18104
1,1,18045
1,1,18062
1,1,18017
1,1,18040
1,1,18020
1,1,18045
1,0,18052
1,1,18078
1,1,18015
1,0,19512
1,1,18045
1,1,18103
1,1,18064
1,1,18042
1,1,19526
1,1,19504
1,0,18020
1,1,18020
1,0,18031
1,1,18052
1,1,18104
1,1,18052
1,1,18031
1,1,18103
1,0,18045
1,1,18064
1,1,19547
1,1,18109
1,1,18020
1,1,18064
1,1,18045
1,1,18017
1,1,18055
1,1,18055
1,1,18018
1,1,18064
1,1,18045
1,0,18064
1,0,18088
1,0,18078
1,0,18069
1,1,18092
1,1,18045
1,0,18062
1,1,18055
1,1,18014
1,1,18103
1,1,18018
1,1,18049
1,1,18104
1,1,18017
1,1,18045
1,0,18064
1,1,18109
1,1,18080
1,1,18103
1,1,18073
1,1,18103
1,1,18064
1,1,18106
1,0,18103
1,0,18051
1,1,18020
1,0,18087
1,0,18052
1,0,18040
1,0,18045
1,0,18103
1,1,18091
1,1,19555
1,1,18017
1,1,18104
1,1,18104
1,0,18104
1,1,18040
1,1,18062
1,1,19512
1,0,18106
1,1,18020
1,1,18032
1,1,18069
1,1,18034
1,0,18015
1,1,18036
1,1,18062
1,0,18017
1,1,18045
1,1,18051
1,0,19547
1,0,18104
1,1,19530
1,0,19539
1,0,18062
1,1,18064
1,1,18073
1,0,18102
1,1,18064
1,1,18103
1,1,18049
1,0,18069
1,1,18067
1,0,18020
1,1,18040
1,1,18020
1,0,18102
1,1,18017
1,0,18073
1,1,18014
1,1,18052
1,0,18052
1,0,18066
1,1,18045
1,1,18040
1,1,18020
1,1,18020
1,1,18080
1,1,18062
1,0,18064
1,1,18045
1,0,18036
1,1,18045
1,1,18034
1,1,18104
1,0,18034
1,1,18088
1,1,18020
1,1,19522
1,1,18042
1,1,18078
1,1,18055
1,1,18018
1,0,18039
1,1,18049
1,1,18104
1,1,18103
1,0,18064
1,1,18040
1,1,18045
1,1,18040
1,1,18017
1,1,18078
1,1,18031
1,1,18014
1,1,18020
1,1,18040
1,1,18018
1,0,18104
1,1,18020
1,1,18045
1,1,18017
1,0,18062
1,1,18072
1,1,18104
1,1,18020
1,1,18077
1,1,18020
1,0,18073
1,0,18049
1,0,18017
1,1,18062
1,0,18017
1,1,18036
1,1,18045
1,1,18064
1,1,18031
1,0,18020
1,0,18040
1,1,19547
1,1,18017
1,1,18078
1,1,18013
1,1,18031
1,1,19526
1,0,18017
1,1,19530
1,1,18045
1,0,18067
1,0,18020
1,0,19504
1,1,18067
1,1,18017
1,1,18031
1,1,18034
1,0,18103
1,0,19504
1,1,18017
1,0,18064
1,1,18055
1,1,19526
1,1,18059
1,0,18020
1,0,18040
1,1,18104
1,0,18037
1,1,18017
1,1,18103
1,0,18104
1,1,18045
1,0,18102
1,0,18032
1,1,18073
1,1,18031
1,1,18067
1,1,18103
1,1,18052
1,0,18088
1,0,18069
1,0,18078
1,1,18017
1,1,18020
1,0,19504
1,1,18020
1,1,18034
1,1,18051
1,1,18017
1,1,18014
1,1,18040
1,0,18036
1,0,18052
1,0,18073
1,1,19522
1,1,18064
1,1,18040
1,1,18036
1,0,18018
1,0,18036
1,1,18017
